location_id,weekday_num,weekday,hour_day,average_count,median_count,d1_med,d2_med,total_med_perminute,d1_med_perminute,d2_med_perminute,sample_size
1,1,Monday,0,44.11,47,19,26,0.78,0.32,0.43,19
1,1,Monday,1,24.16,22,9,15,0.37,0.15,0.25,19
1,1,Monday,2,17.21,16,5,10,0.27,0.08,0.17,19
1,1,Monday,3,8.95,8,4,4,0.13,0.07,0.07,19
1,1,Monday,4,11.63,9,3,6,0.15,0.05,0.1,19
1,1,Monday,5,12.79,12,5,7,0.2,0.08,0.12,19
1,1,Monday,6,62.42,64,26,38,1.07,0.43,0.63,19
1,1,Monday,7,157.33,164.5,88,77.5,2.74,1.47,1.29,18
1,1,Monday,8,380.83,399,188,205.5,6.65,3.13,3.42,18
1,1,Monday,9,578.61,591.5,265,336.5,9.86,4.42,5.61,18
1,1,Monday,10,891.5,882,418.5,470.5,14.7,6.97,7.84,18
1,1,Monday,11,1440.39,1376.5,718.5,684.5,22.94,11.97,11.41,18
1,1,Monday,12,2212.94,2179.5,1128,1057,36.33,18.8,17.62,18
1,1,Monday,13,2444.28,2369.5,1197.5,1152,39.49,19.96,19.2,18
1,1,Monday,14,2132.67,2070.5,1023.5,1018.5,34.51,17.06,16.98,18
1,1,Monday,15,2005.33,1920,993.5,908,32,16.56,15.13,18
1,1,Monday,16,1966.89,1902,1031,878,31.7,17.18,14.63,18
1,1,Monday,17,2053,2087.5,1198,881,34.79,19.97,14.68,18
1,1,Monday,18,1484.56,1502.5,910.5,594,25.04,15.18,9.9,18
1,1,Monday,19,955.39,946.5,556.5,381.5,15.78,9.28,6.36,18
1,1,Monday,20,545.22,533.5,250.5,295,8.89,4.18,4.92,18
1,1,Monday,21,324.72,332.5,151.5,184.5,5.54,2.52,3.08,18
1,1,Monday,22,155.28,151,63,87.5,2.52,1.05,1.46,18
1,1,Monday,23,74.5,71,33,38.5,1.18,0.55,0.64,18
1,2,Tuesday,0,37.5,37,15.5,22.5,0.62,0.26,0.38,18
1,2,Tuesday,1,24.89,26.5,9.5,14,0.44,0.16,0.23,18
1,2,Tuesday,2,17.17,17,6.5,9.5,0.28,0.11,0.16,18
1,2,Tuesday,3,10.11,10.5,5,5.5,0.17,0.08,0.09,18
1,2,Tuesday,4,9.78,9,3,6,0.15,0.05,0.1,18
1,2,Tuesday,5,11.89,11.5,6,5,0.19,0.1,0.08,18
1,2,Tuesday,6,78.89,80,28.5,51,1.33,0.48,0.85,18
1,2,Tuesday,7,192.06,207,95,106.5,3.45,1.58,1.77,18
1,2,Tuesday,8,442.72,461,203.5,255.5,7.68,3.39,4.26,18
1,2,Tuesday,9,588.53,607,250,350,10.12,4.17,5.83,19
1,2,Tuesday,10,871.53,862,403,470,14.37,6.72,7.83,19
1,2,Tuesday,11,1372.53,1359,681,666,22.65,11.35,11.1,19
1,2,Tuesday,12,2382.37,2401,1259,1147,40.02,20.98,19.12,19
1,2,Tuesday,13,2413.16,2403,1200,1189,40.05,20,19.82,19
1,2,Tuesday,14,2001.74,1937,1000,966,32.28,16.67,16.1,19
1,2,Tuesday,15,1975.53,1916,1004,908,31.93,16.73,15.13,19
1,2,Tuesday,16,1966.58,1967,1052,920,32.78,17.53,15.33,19
1,2,Tuesday,17,2118.74,2217,1335,927,36.95,22.25,15.45,19
1,2,Tuesday,18,1563.16,1589,972,610,26.48,16.2,10.17,19
1,2,Tuesday,19,927.68,917,556,360,15.28,9.27,6,19
1,2,Tuesday,20,563.21,601,271,302,10.02,4.52,5.03,19
1,2,Tuesday,21,359.58,382,164,211,6.37,2.73,3.52,19
1,2,Tuesday,22,173.42,173,85,91,2.88,1.42,1.52,19
1,2,Tuesday,23,111.26,93,40,47,1.55,0.67,0.78,19
1,3,Wednesday,0,41.53,43,19,23,0.72,0.32,0.38,19
1,3,Wednesday,1,22.84,24,8,13,0.4,0.13,0.22,19
1,3,Wednesday,2,16.84,14,6,10,0.23,0.1,0.17,19
1,3,Wednesday,3,11.89,12,5,7,0.2,0.08,0.12,19
1,3,Wednesday,4,8.11,8,3,5,0.13,0.05,0.08,19
1,3,Wednesday,5,12,12,6,6,0.2,0.1,0.1,19
1,3,Wednesday,6,80.47,77,31,47,1.28,0.52,0.78,19
1,3,Wednesday,7,196.21,193,97,104,3.22,1.62,1.73,19
1,3,Wednesday,8,436.37,448,197,246,7.47,3.28,4.1,19
1,3,Wednesday,9,644.47,654,261,381,10.9,4.35,6.35,19
1,3,Wednesday,10,926.68,942,448,484,15.7,7.47,8.07,19
1,3,Wednesday,11,1464.47,1456,774,685,24.27,12.9,11.42,19
1,3,Wednesday,12,2369.63,2443,1287,1122,40.72,21.45,18.7,19
1,3,Wednesday,13,2504.58,2460,1261,1221,41,21.02,20.35,19
1,3,Wednesday,14,2103.11,2114,1076,1001,35.23,17.93,16.68,19
1,3,Wednesday,15,2061.63,2010,1030,970,33.5,17.17,16.17,19
1,3,Wednesday,16,2105.37,2131,1104,1017,35.52,18.4,16.95,19
1,3,Wednesday,17,2254.32,2352,1329,974,39.2,22.15,16.23,19
1,3,Wednesday,18,1690.37,1682,1021,664,28.03,17.02,11.07,19
1,3,Wednesday,19,1012.84,1018,633,404,16.97,10.55,6.73,19
1,3,Wednesday,20,612.84,627,309,312,10.45,5.15,5.2,19
1,3,Wednesday,21,427.05,438,185,249,7.3,3.08,4.15,19
1,3,Wednesday,22,194.42,206,96,106,3.43,1.6,1.77,19
1,3,Wednesday,23,86.37,88,42,51,1.47,0.7,0.85,19
1,4,Thursday,0,44.21,42,21,23,0.7,0.35,0.38,19
1,4,Thursday,1,23.05,22,7,15,0.37,0.12,0.25,19
1,4,Thursday,2,15.84,15,4,9,0.25,0.07,0.15,19
1,4,Thursday,3,10.32,10,3,7,0.17,0.05,0.12,19
1,4,Thursday,4,9,9,3,4,0.15,0.05,0.07,19
1,4,Thursday,5,12.95,13,6,7,0.22,0.1,0.12,19
1,4,Thursday,6,77.26,79,29,50,1.32,0.48,0.83,19
1,4,Thursday,7,197.26,198,91,105,3.3,1.52,1.75,19
1,4,Thursday,8,461.95,460,195,257,7.67,3.25,4.28,19
1,4,Thursday,9,712.63,700,292,405,11.67,4.87,6.75,19
1,4,Thursday,10,1062.05,989,446,514,16.48,7.43,8.57,19
1,4,Thursday,11,1606.74,1532,773,751,25.53,12.88,12.52,19
1,4,Thursday,12,2521.84,2539,1309,1191,42.32,21.82,19.85,19
1,4,Thursday,13,2699,2723,1344,1344,45.38,22.4,22.4,19
1,4,Thursday,14,2212.16,2218,1140,1057,36.97,19,17.62,19
1,4,Thursday,15,2128.32,2136,1112,1011,35.6,18.53,16.85,19
1,4,Thursday,16,2205.63,2258,1192,1071,37.63,19.87,17.85,19
1,4,Thursday,17,2607.26,2648,1488,1129,44.13,24.8,18.82,19
1,4,Thursday,18,1976.63,2021,1170,851,33.68,19.5,14.18,19
1,4,Thursday,19,1428.89,1443,770,656,24.05,12.83,10.93,19
1,4,Thursday,20,1075.42,1070,572,488,17.83,9.53,8.13,19
1,4,Thursday,21,641.42,639,359,276,10.65,5.98,4.6,19
1,4,Thursday,22,284.21,265,133,140,4.42,2.22,2.33,19
1,4,Thursday,23,131.11,130,64,66,2.17,1.07,1.1,19
1,5,Friday,0,71.6,63,30.5,36,1.05,0.51,0.6,20
1,5,Friday,1,41.3,39,14.5,24,0.65,0.24,0.4,20
1,5,Friday,2,31.5,29.5,9,18,0.49,0.15,0.3,20
1,5,Friday,3,22.2,22,7.5,14.5,0.37,0.12,0.24,20
1,5,Friday,4,16.9,14.5,5.5,8,0.24,0.09,0.13,20
1,5,Friday,5,18,15.5,6.5,9,0.26,0.11,0.15,20
1,5,Friday,6,67.85,68,24.5,41,1.13,0.41,0.68,20
1,5,Friday,7,178.85,150,72,78.5,2.5,1.2,1.31,20
1,5,Friday,8,453.15,369.5,177.5,198,6.16,2.96,3.3,20
1,5,Friday,9,743.05,694,293.5,386,11.57,4.89,6.43,20
1,5,Friday,10,1122.3,1064,491,573,17.73,8.18,9.55,20
1,5,Friday,11,1679.15,1623.5,819,813.5,27.06,13.65,13.56,20
1,5,Friday,12,2379.3,2335.5,1220.5,1125.5,38.92,20.34,18.76,20
1,5,Friday,13,2654.35,2577.5,1289,1296,42.96,21.48,21.6,20
1,5,Friday,14,2428.15,2347.5,1195.5,1148.5,39.12,19.92,19.14,20
1,5,Friday,15,2405.9,2340,1232.5,1140,39,20.54,19,20
1,5,Friday,16,2467.75,2408,1327.5,1134.5,40.13,22.12,18.91,20
1,5,Friday,17,2625.7,2618.5,1496,1125.5,43.64,24.93,18.76,20
1,5,Friday,18,2168.45,2157.5,1204.5,959.5,35.96,20.08,15.99,20
1,5,Friday,19,1739,1718.5,955,776.5,28.64,15.92,12.94,20
1,5,Friday,20,1402,1391.5,749.5,629.5,23.19,12.49,10.49,20
1,5,Friday,21,873.1,872.5,509,362.5,14.54,8.48,6.04,20
1,5,Friday,22,455.6,457,221.5,227.5,7.62,3.69,3.79,20
1,5,Friday,23,306.25,273.5,131.5,143,4.56,2.19,2.38,20
1,6,Saturday,0,150.21,133,61,79,2.22,1.02,1.32,19
1,6,Saturday,1,83.26,79,38,41,1.32,0.63,0.68,19
1,6,Saturday,2,53.16,50,24,27,0.83,0.4,0.45,19
1,6,Saturday,3,41.21,40,20,19,0.67,0.33,0.32,19
1,6,Saturday,4,20.42,19,9,9,0.32,0.15,0.15,19
1,6,Saturday,5,14.89,14,8,6,0.23,0.13,0.1,19
1,6,Saturday,6,31.63,30,15,16,0.5,0.25,0.27,19
1,6,Saturday,7,61.53,64,29,31,1.07,0.48,0.52,19
1,6,Saturday,8,250.58,255,100,153,4.25,1.67,2.55,19
1,6,Saturday,9,615.53,621,249,357,10.35,4.15,5.95,19
1,6,Saturday,10,1245.95,1231,567,672,20.52,9.45,11.2,19
1,6,Saturday,11,2061.74,2062,1067,999,34.37,17.78,16.65,19
1,6,Saturday,12,2683.47,2728,1493,1252,45.47,24.88,20.87,19
1,6,Saturday,13,3061.37,3113,1584,1560,51.88,26.4,26,19
1,6,Saturday,14,3296.74,3374,1711,1686,56.23,28.52,28.1,19
1,6,Saturday,15,3353.32,3479,1752,1705,57.98,29.2,28.42,19
1,6,Saturday,16,3183.95,3209,1719,1506,53.48,28.65,25.1,19
1,6,Saturday,17,2722.58,2761,1585,1176,46.02,26.42,19.6,19
1,6,Saturday,18,2114.21,2080,1267,813,34.67,21.12,13.55,19
1,6,Saturday,19,1599.84,1574,1013,584,26.23,16.88,9.73,19
1,6,Saturday,20,878.16,917,460,455,15.28,7.67,7.58,19
1,6,Saturday,21,635.16,655,327,331,10.92,5.45,5.52,19
1,6,Saturday,22,426.47,418,210,221,6.97,3.5,3.68,19
1,6,Saturday,23,336.05,288,132,139,4.8,2.2,2.32,19
1,7,Sunday,0,161,159,66,84,2.65,1.1,1.4,19
1,7,Sunday,1,99,92,43,58,1.53,0.72,0.97,19
1,7,Sunday,2,69.89,71.5,26,41,1.19,0.43,0.68,18
1,7,Sunday,3,54.42,55,20,31,0.92,0.33,0.52,19
1,7,Sunday,4,35.16,33,14,18,0.55,0.23,0.3,19
1,7,Sunday,5,22.68,21,8,13,0.35,0.13,0.22,19
1,7,Sunday,6,24.89,24,12,13,0.4,0.2,0.22,19
1,7,Sunday,7,55.47,54,30,28,0.9,0.5,0.47,19
1,7,Sunday,8,125.63,124,69,56,2.07,1.15,0.93,19
1,7,Sunday,9,499.79,495,210,286,8.25,3.5,4.77,19
1,7,Sunday,10,1035.47,994,449,571,16.57,7.48,9.52,19
1,7,Sunday,11,1741.63,1751,922,822,29.18,15.37,13.7,19
1,7,Sunday,12,2218.74,2222,1212,1029,37.03,20.2,17.15,19
1,7,Sunday,13,2577.32,2539,1317,1263,42.32,21.95,21.05,19
1,7,Sunday,14,2845.42,2837,1432,1433,47.28,23.87,23.88,19
1,7,Sunday,15,2826.79,2807,1445,1386,46.78,24.08,23.1,19
1,7,Sunday,16,2517.05,2505,1347,1158,41.75,22.45,19.3,19
1,7,Sunday,17,1987.53,2009,1120,893,33.48,18.67,14.88,19
1,7,Sunday,18,1475.84,1490,900,580,24.83,15,9.67,19
1,7,Sunday,19,978.16,955,571,370,15.92,9.52,6.17,19
1,7,Sunday,20,562.37,543,269,277,9.05,4.48,4.62,19
1,7,Sunday,21,366.37,354,162,195,5.9,2.7,3.25,19
1,7,Sunday,22,173.68,159,72,88,2.65,1.2,1.47,19
1,7,Sunday,23,87.37,88,43,48,1.47,0.72,0.8,19
2,1,Monday,0,43.98,39,10.5,26,0.65,0.17,0.43,52
2,1,Monday,1,22.08,19.5,7.5,11,0.32,0.12,0.18,52
2,1,Monday,2,19.87,18,6,12,0.3,0.1,0.2,52
2,1,Monday,3,14.27,13,5.5,7.5,0.22,0.09,0.12,52
2,1,Monday,4,9.83,9,4,5,0.15,0.07,0.08,52
2,1,Monday,5,16.02,15,5,11,0.25,0.08,0.18,52
2,1,Monday,6,47.77,48.5,20,30,0.81,0.33,0.5,52
2,1,Monday,7,120.25,123,41.5,81.5,2.05,0.69,1.36,52
2,1,Monday,8,301.87,325.5,95,217.5,5.42,1.58,3.62,52
2,1,Monday,9,438.25,414,174,253.5,6.9,2.9,4.22,52
2,1,Monday,10,711.81,667.5,304,351.5,11.12,5.07,5.86,52
2,1,Monday,11,1114.94,1037,508,506,17.28,8.47,8.43,51
2,1,Monday,12,1732.53,1624,815,815,27.07,13.58,13.58,51
2,1,Monday,13,1862.24,1774,857,882,29.57,14.28,14.7,51
2,1,Monday,14,1538.98,1394,673,720,23.23,11.22,12,51
2,1,Monday,15,1418.67,1385,683,672,23.08,11.38,11.2,51
2,1,Monday,16,1321.71,1276,662,614,21.27,11.03,10.23,51
2,1,Monday,17,1274.53,1244,697,544,20.73,11.62,9.07,51
2,1,Monday,18,931.41,879,496,383,14.65,8.27,6.38,51
2,1,Monday,19,552.88,458,231,228,7.63,3.85,3.8,51
2,1,Monday,20,392.75,314,128,184,5.23,2.13,3.07,51
2,1,Monday,21,278.14,203,77,137,3.38,1.28,2.28,51
2,1,Monday,22,148.1,115,35,78,1.92,0.58,1.3,51
2,1,Monday,23,64.82,59,18,39,0.98,0.3,0.65,51
2,2,Tuesday,0,32.06,31,9,22,0.52,0.15,0.37,51
2,2,Tuesday,1,19.41,18,7,11,0.3,0.12,0.18,51
2,2,Tuesday,2,15.78,13,5,8,0.22,0.08,0.13,51
2,2,Tuesday,3,12.49,12,4,8,0.2,0.07,0.13,51
2,2,Tuesday,4,8.69,8,3,6,0.13,0.05,0.1,51
2,2,Tuesday,5,17,16,5,12,0.27,0.08,0.2,51
2,2,Tuesday,6,54.18,56,21,34,0.93,0.35,0.57,51
2,2,Tuesday,7,144.14,149,52,98,2.48,0.87,1.63,51
2,2,Tuesday,8,374.92,389,115,274,6.48,1.92,4.57,51
2,2,Tuesday,9,453.39,440,161,282,7.33,2.68,4.7,51
2,2,Tuesday,10,665.1,636.5,289.5,342.5,10.61,4.82,5.71,52
2,2,Tuesday,11,1054.19,968,467,497.5,16.13,7.78,8.29,52
2,2,Tuesday,12,1835.5,1776,866.5,904.5,29.6,14.44,15.07,52
2,2,Tuesday,13,1946.12,1815.5,871,956.5,30.26,14.52,15.94,52
2,2,Tuesday,14,1513.17,1384.5,684,723.5,23.08,11.4,12.06,52
2,2,Tuesday,15,1403.58,1303.5,664,611.5,21.73,11.07,10.19,52
2,2,Tuesday,16,1385.4,1291,678,611,21.52,11.3,10.18,52
2,2,Tuesday,17,1436.21,1386.5,777.5,619,23.11,12.96,10.32,52
2,2,Tuesday,18,1026.69,941.5,558,399,15.69,9.3,6.65,52
2,2,Tuesday,19,591.4,501,257,246.5,8.35,4.28,4.11,52
2,2,Tuesday,20,442.21,354.5,141.5,206,5.91,2.36,3.43,52
2,2,Tuesday,21,325.31,250.5,81.5,172,4.18,1.36,2.87,52
2,2,Tuesday,22,169.15,131,40.5,90,2.18,0.68,1.5,52
2,2,Tuesday,23,80.81,64.5,23,41,1.07,0.38,0.68,52
2,3,Wednesday,0,37.46,35,11,24,0.58,0.18,0.4,52
2,3,Wednesday,1,20.96,19,7,11.5,0.32,0.12,0.19,52
2,3,Wednesday,2,16.77,16.5,5.5,10.5,0.28,0.09,0.17,52
2,3,Wednesday,3,13.06,11,4.5,7,0.18,0.07,0.12,52
2,3,Wednesday,4,8.73,8,3,4.5,0.13,0.05,0.07,52
2,3,Wednesday,5,18.13,17,5.5,12,0.28,0.09,0.2,52
2,3,Wednesday,6,56.98,59,21,35,0.98,0.35,0.58,52
2,3,Wednesday,7,136.58,138,48,89,2.3,0.8,1.48,52
2,3,Wednesday,8,369.23,381,120,254.5,6.35,2,4.24,52
2,3,Wednesday,9,471.08,464,184.5,287,7.73,3.08,4.78,52
2,3,Wednesday,10,711.69,670.5,307.5,367.5,11.18,5.12,6.12,52
2,3,Wednesday,11,1124.5,1036,499.5,534,17.27,8.32,8.9,52
2,3,Wednesday,12,1894.9,1844.5,895.5,921.5,30.74,14.93,15.36,52
2,3,Wednesday,13,2001.6,1949.5,930.5,1029,32.49,15.51,17.15,52
2,3,Wednesday,14,1562.33,1488,730,749.5,24.8,12.17,12.49,52
2,3,Wednesday,15,1484.77,1421.5,711,700,23.69,11.85,11.67,52
2,3,Wednesday,16,1473.54,1390,723.5,678.5,23.17,12.06,11.31,52
2,3,Wednesday,17,1528.69,1495,819,680.5,24.92,13.65,11.34,52
2,3,Wednesday,18,1090.69,1055.5,611.5,446,17.59,10.19,7.43,52
2,3,Wednesday,19,615.46,563.5,293.5,265.5,9.39,4.89,4.42,52
2,3,Wednesday,20,449.02,383,153,223,6.38,2.55,3.72,52
2,3,Wednesday,21,353.4,278,97,181,4.63,1.62,3.02,52
2,3,Wednesday,22,206.67,163.5,50.5,109.5,2.72,0.84,1.82,52
2,3,Wednesday,23,102.52,79,23,56,1.32,0.38,0.93,52
2,4,Thursday,0,61.56,42.5,14,29,0.71,0.23,0.48,52
2,4,Thursday,1,32.77,21.5,7.5,13,0.36,0.12,0.22,52
2,4,Thursday,2,21.33,16,6,10,0.27,0.1,0.17,52
2,4,Thursday,3,16.31,12,5,7,0.2,0.08,0.12,52
2,4,Thursday,4,9.27,8,3.5,4,0.13,0.06,0.07,52
2,4,Thursday,5,19.12,18,6,12,0.3,0.1,0.2,52
2,4,Thursday,6,53.46,55,19,34,0.92,0.32,0.57,52
2,4,Thursday,7,146.46,146.5,50.5,95,2.44,0.84,1.58,52
2,4,Thursday,8,384.71,389.5,124.5,268,6.49,2.08,4.47,52
2,4,Thursday,9,486.98,487,187.5,294.5,8.12,3.12,4.91,52
2,4,Thursday,10,757.96,715.5,316.5,398,11.93,5.28,6.63,52
2,4,Thursday,11,1153.9,1107,542,568.5,18.45,9.03,9.47,52
2,4,Thursday,12,1941.25,1988,963,1008,33.13,16.05,16.8,52
2,4,Thursday,13,2020.9,2009,959.5,1039.5,33.48,15.99,17.32,52
2,4,Thursday,14,1598.94,1533.5,756,788.5,25.56,12.6,13.14,52
2,4,Thursday,15,1507.33,1462,738.5,723.5,24.37,12.31,12.06,52
2,4,Thursday,16,1502.1,1468,768,695,24.47,12.8,11.58,52
2,4,Thursday,17,1653.83,1650.5,906,740,27.51,15.1,12.33,52
2,4,Thursday,18,1250.42,1230,665,550,20.5,11.08,9.17,52
2,4,Thursday,19,946.42,900.5,476.5,438,15.01,7.94,7.3,52
2,4,Thursday,20,783.48,734,362.5,356,12.23,6.04,5.93,52
2,4,Thursday,21,440.17,370.5,149,223,6.18,2.48,3.72,52
2,4,Thursday,22,245.96,215,71.5,138.5,3.58,1.19,2.31,52
2,4,Thursday,23,119.38,106.5,33,71.5,1.77,0.55,1.19,52
2,5,Friday,0,59.6,55,15,39,0.92,0.25,0.65,53
2,5,Friday,1,39.62,34,12,22,0.57,0.2,0.37,53
2,5,Friday,2,27.08,23,7,16,0.38,0.12,0.27,53
2,5,Friday,3,18.81,17,5,12,0.28,0.08,0.2,53
2,5,Friday,4,13.13,11,4,6,0.18,0.07,0.1,53
2,5,Friday,5,19.74,18,6,12,0.3,0.1,0.2,53
2,5,Friday,6,52.3,50,18,32,0.83,0.3,0.53,53
2,5,Friday,7,115.57,112,40,71,1.87,0.67,1.18,53
2,5,Friday,8,298.08,305,101,200,5.08,1.68,3.33,53
2,5,Friday,9,503.57,492,198,305,8.2,3.3,5.08,53
2,5,Friday,10,840.19,809,368,440,13.48,6.13,7.33,53
2,5,Friday,11,1241.53,1157,570,596,19.28,9.5,9.93,53
2,5,Friday,12,1783.96,1713,860,857,28.55,14.33,14.28,53
2,5,Friday,13,1936.91,1853,902,956,30.88,15.03,15.93,53
2,5,Friday,14,1741.64,1629,773,833,27.15,12.88,13.88,53
2,5,Friday,15,1705.49,1599,807,773,26.65,13.45,12.88,53
2,5,Friday,16,1706.83,1641,855,807,27.35,14.25,13.45,53
2,5,Friday,17,1717.49,1653,899,741,27.55,14.98,12.35,53
2,5,Friday,18,1403.98,1326,727,605,22.1,12.12,10.08,53
2,5,Friday,19,1182.94,1149,572,551,19.15,9.53,9.18,53
2,5,Friday,20,1038.77,999,519,467,16.65,8.65,7.78,53
2,5,Friday,21,590.77,495,222,279,8.25,3.7,4.65,53
2,5,Friday,22,387.51,340,112,238,5.67,1.87,3.97,53
2,5,Friday,23,245.13,226,66,152,3.77,1.1,2.53,53
2,6,Saturday,0,137.23,132.5,40.5,92,2.21,0.68,1.53,52
2,6,Saturday,1,85.67,86.5,25,58,1.44,0.42,0.97,52
2,6,Saturday,2,63.1,61.5,18,42.5,1.02,0.3,0.71,52
2,6,Saturday,3,43.08,41.5,12.5,26.5,0.69,0.21,0.44,52
2,6,Saturday,4,18.58,18.5,5.5,10.5,0.31,0.09,0.17,52
2,6,Saturday,5,16.27,15,6,9.5,0.25,0.1,0.16,52
2,6,Saturday,6,30.63,30,12,19,0.5,0.2,0.32,52
2,6,Saturday,7,62.9,58.5,23.5,36,0.98,0.39,0.6,52
2,6,Saturday,8,164.48,160,59,98.5,2.67,0.98,1.64,52
2,6,Saturday,9,459.83,436,168,264,7.27,2.8,4.4,52
2,6,Saturday,10,948.77,914,399.5,507.5,15.23,6.66,8.46,52
2,6,Saturday,11,1541.94,1446.5,703,755,24.11,11.72,12.58,52
2,6,Saturday,12,1938.58,1890.5,906.5,938,31.51,15.11,15.63,52
2,6,Saturday,13,2219.65,2093,1036.5,1086.5,34.88,17.27,18.11,52
2,6,Saturday,14,2402.58,2339.5,1133,1191,38.99,18.88,19.85,52
2,6,Saturday,15,2422.5,2363.5,1194.5,1171,39.39,19.91,19.52,52
2,6,Saturday,16,2291.13,2182,1132,1069.5,36.37,18.87,17.82,52
2,6,Saturday,17,1863.25,1780,943,814,29.67,15.72,13.57,52
2,6,Saturday,18,1460.79,1379,759,613.5,22.98,12.65,10.22,52
2,6,Saturday,19,977.33,859.5,447,433,14.32,7.45,7.22,52
2,6,Saturday,20,719.88,590.5,255.5,332,9.84,4.26,5.53,52
2,6,Saturday,21,557.1,434,168,275,7.23,2.8,4.58,52
2,6,Saturday,22,396.94,359.5,123,229.5,5.99,2.05,3.83,52
2,6,Saturday,23,266.92,245,84,157,4.08,1.4,2.62,52
2,7,Sunday,0,155.71,155.5,53.5,100,2.59,0.89,1.67,52
2,7,Sunday,1,110.19,106,33.5,76,1.77,0.56,1.27,52
2,7,Sunday,2,78.94,75,22,56,1.25,0.37,0.93,51
2,7,Sunday,3,61.67,60.5,18,42,1.01,0.3,0.7,52
2,7,Sunday,4,25.65,25,9.5,15.5,0.42,0.16,0.26,52
2,7,Sunday,5,21.29,20.5,9,10,0.34,0.15,0.17,52
2,7,Sunday,6,30.02,28.5,11,17,0.48,0.18,0.28,52
2,7,Sunday,7,51.88,51,21.5,29,0.85,0.36,0.48,52
2,7,Sunday,8,107.12,103,40.5,64.5,1.72,0.68,1.07,52
2,7,Sunday,9,359.96,341.5,140,199.5,5.69,2.33,3.33,52
2,7,Sunday,10,802.25,730.5,308.5,433,12.18,5.14,7.22,52
2,7,Sunday,11,1308.75,1216.5,578,613.5,20.27,9.63,10.22,52
2,7,Sunday,12,1640.37,1556,769.5,785.5,25.93,12.82,13.09,52
2,7,Sunday,13,1846.19,1740.5,818.5,914,29.01,13.64,15.23,52
2,7,Sunday,14,2022.46,1926.5,927,992,32.11,15.45,16.53,52
2,7,Sunday,15,2010.83,1895.5,912.5,971,31.59,15.21,16.18,52
2,7,Sunday,16,1746.87,1660,859,791.5,27.67,14.32,13.19,52
2,7,Sunday,17,1353.15,1265.5,685,579.5,21.09,11.42,9.66,52
2,7,Sunday,18,1000.63,934.5,535.5,401.5,15.57,8.93,6.69,52
2,7,Sunday,19,603.54,519,265.5,266.5,8.65,4.42,4.44,52
2,7,Sunday,20,444.21,361.5,136,226.5,6.03,2.27,3.78,52
2,7,Sunday,21,320.87,245,82,172,4.08,1.37,2.87,52
2,7,Sunday,22,172.19,142,45,105,2.37,0.75,1.75,52
2,7,Sunday,23,85.06,75,23,52,1.25,0.38,0.87,52
3,1,Monday,0,220.31,195,115.5,79.5,3.25,1.93,1.32,52
3,1,Monday,1,130.56,105.5,64,44.5,1.76,1.07,0.74,52
3,1,Monday,2,73.83,68,41.5,25,1.13,0.69,0.42,52
3,1,Monday,3,48,41,24.5,15,0.68,0.41,0.25,52
3,1,Monday,4,39.81,31.5,17.5,13.5,0.52,0.29,0.22,52
3,1,Monday,5,42.67,42,16,25,0.7,0.27,0.42,52
3,1,Monday,6,88.96,91,26,67.5,1.52,0.43,1.12,52
3,1,Monday,7,202.02,212.5,78,132.5,3.54,1.3,2.21,52
3,1,Monday,8,453.67,471,179,286,7.85,2.98,4.77,52
3,1,Monday,9,584.77,583,246,335.5,9.72,4.1,5.59,52
3,1,Monday,10,886.85,899.5,397.5,485.5,14.99,6.62,8.09,52
3,1,Monday,11,1369.98,1384.5,599.5,773.5,23.08,9.99,12.89,52
3,1,Monday,12,2132.06,2119,969.5,1181,35.32,16.16,19.68,52
3,1,Monday,13,2237.9,2180.5,1052,1137.5,36.34,17.53,18.96,52
3,1,Monday,14,2160.29,2106,992,1091,35.1,16.53,18.18,52
3,1,Monday,15,2191.12,2147,1021,1112.5,35.78,17.02,18.54,52
3,1,Monday,16,2214.31,2184,1026,1132,36.4,17.1,18.87,52
3,1,Monday,17,2341.73,2380,1118,1278,39.67,18.63,21.3,52
3,1,Monday,18,2150.13,2151.5,998,1179,35.86,16.63,19.65,52
3,1,Monday,19,1835.96,1857.5,895,954.5,30.96,14.92,15.91,52
3,1,Monday,20,1525.19,1507,787.5,749,25.12,13.12,12.48,52
3,1,Monday,21,1171.29,1132.5,629,499,18.88,10.48,8.32,52
3,1,Monday,22,687.96,659.5,380,275.5,10.99,6.33,4.59,52
3,1,Monday,23,373.98,359,194,159,5.98,3.23,2.65,52
3,2,Tuesday,0,167.75,161,91,68.5,2.68,1.52,1.14,52
3,2,Tuesday,1,104.38,104.5,57,44.5,1.74,0.95,0.74,52
3,2,Tuesday,2,56.42,51,32,21,0.85,0.53,0.35,52
3,2,Tuesday,3,34.1,31.5,19,12,0.52,0.32,0.2,52
3,2,Tuesday,4,25.33,25,13,11,0.42,0.22,0.18,52
3,2,Tuesday,5,38.06,37,13,24,0.62,0.22,0.4,52
3,2,Tuesday,6,97.79,100.5,26.5,72.5,1.68,0.44,1.21,52
3,2,Tuesday,7,219.87,223.5,79,144.5,3.72,1.32,2.41,52
3,2,Tuesday,8,535.31,536.5,203,328,8.94,3.38,5.47,52
3,2,Tuesday,9,638.6,651.5,274,365.5,10.86,4.57,6.09,52
3,2,Tuesday,10,915.29,859,399.5,491,14.32,6.66,8.18,52
3,2,Tuesday,11,1372.02,1322.5,591.5,759.5,22.04,9.86,12.66,52
3,2,Tuesday,12,2254.33,2155.5,997.5,1173.5,35.92,16.62,19.56,52
3,2,Tuesday,13,2264.35,2214.5,1060.5,1140.5,36.91,17.68,19.01,52
3,2,Tuesday,14,2111.6,2059.5,981,1065,34.33,16.35,17.75,52
3,2,Tuesday,15,2165.17,2142.5,1024,1131.5,35.71,17.07,18.86,52
3,2,Tuesday,16,2254.17,2254,1061.5,1171.5,37.57,17.69,19.52,52
3,2,Tuesday,17,2488.42,2515.5,1206,1306,41.92,20.1,21.77,52
3,2,Tuesday,18,2311.4,2348,1078.5,1239.5,39.13,17.98,20.66,52
3,2,Tuesday,19,1965.06,1965.5,974.5,971,32.76,16.24,16.18,52
3,2,Tuesday,20,1652.92,1688.5,873,798.5,28.14,14.55,13.31,52
3,2,Tuesday,21,1304.04,1316.5,726.5,586.5,21.94,12.11,9.78,52
3,2,Tuesday,22,795.54,777,421.5,350,12.95,7.03,5.83,52
3,2,Tuesday,23,451.33,434.5,232,204.5,7.24,3.87,3.41,52
3,3,Wednesday,0,214.25,212,124,86,3.53,2.07,1.43,52
3,3,Wednesday,1,137.81,138.5,83,49.5,2.31,1.38,0.82,52
3,3,Wednesday,2,82.4,83,52.5,31.5,1.38,0.88,0.52,52
3,3,Wednesday,3,56.4,52,32,21,0.87,0.53,0.35,52
3,3,Wednesday,4,36.77,35,19,15,0.58,0.32,0.25,52
3,3,Wednesday,5,42.6,41,16,25,0.68,0.27,0.42,52
3,3,Wednesday,6,111.15,105.5,30,75,1.76,0.5,1.25,52
3,3,Wednesday,7,229.83,230,80,151,3.83,1.33,2.52,52
3,3,Wednesday,8,530.71,534,203,331,8.9,3.38,5.52,52
3,3,Wednesday,9,628.13,650,276.5,367.5,10.83,4.61,6.12,52
3,3,Wednesday,10,884.79,873.5,387,488.5,14.56,6.45,8.14,52
3,3,Wednesday,11,1379.38,1362.5,596.5,781,22.71,9.94,13.02,52
3,3,Wednesday,12,2218.33,2190.5,971,1235,36.51,16.18,20.58,52
3,3,Wednesday,13,2290.04,2253.5,1056.5,1198.5,37.56,17.61,19.98,52
3,3,Wednesday,14,2178.87,2093,1004.5,1091.5,34.88,16.74,18.19,52
3,3,Wednesday,15,2226.63,2178.5,1037,1149,36.31,17.28,19.15,52
3,3,Wednesday,16,2336.6,2311.5,1117.5,1217,38.52,18.62,20.28,52
3,3,Wednesday,17,2547.85,2582.5,1235,1356,43.04,20.58,22.6,52
3,3,Wednesday,18,2350.54,2385,1091,1263.5,39.75,18.18,21.06,52
3,3,Wednesday,19,1998.4,2005.5,975,1049,33.42,16.25,17.48,52
3,3,Wednesday,20,1775.6,1786.5,933.5,843.5,29.77,15.56,14.06,52
3,3,Wednesday,21,1477.04,1444,801.5,651,24.07,13.36,10.85,52
3,3,Wednesday,22,933.88,854.5,468.5,376,14.24,7.81,6.27,52
3,3,Wednesday,23,510.6,444.5,251,196.5,7.41,4.18,3.28,52
3,4,Thursday,0,261.85,207,117,82,3.45,1.95,1.37,52
3,4,Thursday,1,160.62,106.5,65.5,44,1.77,1.09,0.73,52
3,4,Thursday,2,88.06,63,36.5,26,1.05,0.61,0.43,52
3,4,Thursday,3,49.65,36.5,22.5,14,0.61,0.38,0.23,52
3,4,Thursday,4,32.48,27,14,12,0.45,0.23,0.2,52
3,4,Thursday,5,42.98,42,13,25.5,0.7,0.22,0.42,52
3,4,Thursday,6,100.37,100,26.5,75,1.67,0.44,1.25,52
3,4,Thursday,7,230.21,228.5,81,149,3.81,1.35,2.48,52
3,4,Thursday,8,541.62,522.5,211.5,327,8.71,3.52,5.45,52
3,4,Thursday,9,645.77,645,271.5,368,10.75,4.53,6.13,52
3,4,Thursday,10,931.46,903,402.5,497.5,15.05,6.71,8.29,52
3,4,Thursday,11,1399.04,1348.5,591,788,22.48,9.85,13.13,52
3,4,Thursday,12,2281.12,2254.5,1013.5,1243,37.58,16.89,20.72,52
3,4,Thursday,13,2316.54,2301.5,1073.5,1223.5,38.36,17.89,20.39,52
3,4,Thursday,14,2157.81,2079.5,995.5,1107,34.66,16.59,18.45,52
3,4,Thursday,15,2220.69,2217,1061.5,1178,36.95,17.69,19.63,52
3,4,Thursday,16,2326.08,2368,1123,1252,39.47,18.72,20.87,52
3,4,Thursday,17,2702.15,2731.5,1281.5,1463.5,45.52,21.36,24.39,52
3,4,Thursday,18,2556.35,2605.5,1201.5,1383,43.42,20.02,23.05,52
3,4,Thursday,19,2179.71,2181.5,1063.5,1123,36.36,17.73,18.72,52
3,4,Thursday,20,1941.42,1951,1006.5,930.5,32.52,16.77,15.51,52
3,4,Thursday,21,1676.96,1688.5,931.5,747.5,28.14,15.53,12.46,52
3,4,Thursday,22,1103.83,1056,605,452,17.6,10.08,7.53,52
3,4,Thursday,23,657.12,653.5,330.5,292.5,10.89,5.51,4.88,52
3,5,Friday,0,299.98,300,167,122,5,2.78,2.03,53
3,5,Friday,1,170.92,166,100,62,2.77,1.67,1.03,53
3,5,Friday,2,103.87,91,56,32,1.52,0.93,0.53,53
3,5,Friday,3,70.25,68,45,24,1.13,0.75,0.4,53
3,5,Friday,4,49.83,45,27,20,0.75,0.45,0.33,53
3,5,Friday,5,46.11,47,17,26,0.78,0.28,0.43,53
3,5,Friday,6,97.79,99,27,70,1.65,0.45,1.17,53
3,5,Friday,7,188.47,195,67,125,3.25,1.12,2.08,53
3,5,Friday,8,445.81,446,185,272,7.43,3.08,4.53,53
3,5,Friday,9,615.19,613,251,355,10.22,4.18,5.92,53
3,5,Friday,10,931.32,920,415,497,15.33,6.92,8.28,53
3,5,Friday,11,1432.19,1412,627,812,23.53,10.45,13.53,53
3,5,Friday,12,2143.3,2123,950,1196,35.38,15.83,19.93,53
3,5,Friday,13,2299.68,2269,1036,1224,37.82,17.27,20.4,53
3,5,Friday,14,2268.32,2153,1034,1140,35.88,17.23,19,53
3,5,Friday,15,2387.42,2308,1080,1253,38.47,18,20.88,53
3,5,Friday,16,2541.43,2563,1161,1386,42.72,19.35,23.1,53
3,5,Friday,17,2824.13,2790,1258,1537,46.5,20.97,25.62,53
3,5,Friday,18,2811.06,2732,1263,1516,45.53,21.05,25.27,53
3,5,Friday,19,2538.92,2506,1148,1310,41.77,19.13,21.83,53
3,5,Friday,20,2375.57,2393,1191,1199,39.88,19.85,19.98,53
3,5,Friday,21,2214.58,2205,1209,1025,36.75,20.15,17.08,53
3,5,Friday,22,1716.19,1731,944,781,28.85,15.73,13.02,53
3,5,Friday,23,1208.58,1172,647,538,19.53,10.78,8.97,53
3,6,Saturday,0,699.15,722.5,328.5,366,12.04,5.47,6.1,52
3,6,Saturday,1,402.67,406.5,209.5,189,6.78,3.49,3.15,52
3,6,Saturday,2,273.56,273.5,160,117.5,4.56,2.67,1.96,52
3,6,Saturday,3,190.62,183,96.5,80,3.05,1.61,1.33,52
3,6,Saturday,4,92.67,91,55.5,32.5,1.52,0.92,0.54,52
3,6,Saturday,5,54.38,52,28.5,24,0.87,0.48,0.4,52
3,6,Saturday,6,59.77,59,25,34,0.98,0.42,0.57,52
3,6,Saturday,7,109.13,103,45.5,57,1.72,0.76,0.95,52
3,6,Saturday,8,226.17,228.5,97,128.5,3.81,1.62,2.14,52
3,6,Saturday,9,486.58,476.5,221.5,270.5,7.94,3.69,4.51,52
3,6,Saturday,10,896.06,884.5,403.5,483,14.74,6.72,8.05,52
3,6,Saturday,11,1518.29,1489,633.5,848,24.82,10.56,14.13,52
3,6,Saturday,12,2177.56,2198.5,940,1255,36.64,15.67,20.92,52
3,6,Saturday,13,2643.83,2647.5,1174,1454,44.12,19.57,24.23,52
3,6,Saturday,14,2855.35,2897,1312.5,1597.5,48.28,21.88,26.62,52
3,6,Saturday,15,2984.4,3000.5,1379.5,1617,50.01,22.99,26.95,52
3,6,Saturday,16,2929.5,3011.5,1417,1616,50.19,23.62,26.93,52
3,6,Saturday,17,2930.44,2973,1312.5,1671.5,49.55,21.88,27.86,52
3,6,Saturday,18,2851.83,2923.5,1280,1617.5,48.73,21.33,26.96,52
3,6,Saturday,19,2840.4,2776.5,1327.5,1492.5,46.27,22.12,24.88,52
3,6,Saturday,20,2599.02,2553.5,1313,1246.5,42.56,21.88,20.77,52
3,6,Saturday,21,2195.98,2158.5,1155,1015,35.98,19.25,16.92,52
3,6,Saturday,22,1703.38,1745,890,800.5,29.08,14.83,13.34,52
3,6,Saturday,23,1266.15,1262,644,605,21.03,10.73,10.08,52
3,7,Sunday,0,790.04,797,364.5,425.5,13.28,6.08,7.09,52
3,7,Sunday,1,496,484,253.5,241,8.07,4.22,4.02,52
3,7,Sunday,2,338.73,339,183,151,5.65,3.05,2.52,51
3,7,Sunday,3,260.21,271.5,149,119,4.53,2.48,1.98,52
3,7,Sunday,4,143.69,145,90.5,54.5,2.42,1.51,0.91,52
3,7,Sunday,5,84.33,85.5,43,39.5,1.43,0.72,0.66,52
3,7,Sunday,6,69.37,73.5,36,34,1.23,0.6,0.57,52
3,7,Sunday,7,114.33,110.5,50,61,1.84,0.83,1.02,52
3,7,Sunday,8,210.65,204,99,105,3.4,1.65,1.75,52
3,7,Sunday,9,504.98,488.5,222,253.5,8.14,3.7,4.22,52
3,7,Sunday,10,888.27,877,395.5,461.5,14.62,6.59,7.69,52
3,7,Sunday,11,1521.06,1484.5,613,859,24.74,10.22,14.32,52
3,7,Sunday,12,2275.67,2239,918,1331,37.32,15.3,22.18,52
3,7,Sunday,13,2735.88,2639,1169,1468.5,43.98,19.48,24.48,52
3,7,Sunday,14,2791.04,2799.5,1293.5,1488,46.66,21.56,24.8,52
3,7,Sunday,15,2724.98,2642.5,1251,1392,44.04,20.85,23.2,52
3,7,Sunday,16,2615.35,2650,1235,1401,44.17,20.58,23.35,52
3,7,Sunday,17,2459.12,2419.5,1108,1320.5,40.33,18.47,22.01,52
3,7,Sunday,18,2236.83,2157,1007,1179.5,35.95,16.78,19.66,52
3,7,Sunday,19,2034.65,2001,972.5,1045.5,33.35,16.21,17.42,52
3,7,Sunday,20,1690.77,1677,898,767.5,27.95,14.97,12.79,52
3,7,Sunday,21,1291.4,1243.5,737.5,551.5,20.73,12.29,9.19,52
3,7,Sunday,22,815.1,783.5,430.5,347,13.06,7.18,5.78,52
3,7,Sunday,23,481.75,439,252,188,7.32,4.2,3.13,52
4,1,Monday,0,199.25,164,81,73,2.73,1.35,1.22,51
4,1,Monday,1,110.29,78,35,39,1.3,0.58,0.65,51
4,1,Monday,2,65.55,42,22,19,0.7,0.37,0.32,51
4,1,Monday,3,44.57,29,15,15,0.48,0.25,0.25,51
4,1,Monday,4,48.92,38,17,21,0.63,0.28,0.35,51
4,1,Monday,5,65.22,64,35,28,1.07,0.58,0.47,51
4,1,Monday,6,161.71,165,103,59,2.75,1.72,0.98,51
4,1,Monday,7,383.27,390,247,143,6.5,4.12,2.38,51
4,1,Monday,8,847.94,895,593,304,14.92,9.88,5.07,51
4,1,Monday,9,1106.1,1123,696,401,18.72,11.6,6.68,51
4,1,Monday,10,1603.55,1534,967,579,25.57,16.12,9.65,51
4,1,Monday,11,2274,2174,1335,844,36.23,22.25,14.07,51
4,1,Monday,12,3176.2,3094,1788,1308,51.57,29.8,21.8,51
4,1,Monday,13,3361.39,3236,1742,1480,53.93,29.03,24.67,51
4,1,Monday,14,2998.04,2769,1504,1300,46.15,25.07,21.67,51
4,1,Monday,15,2809.63,2681,1427,1234,44.68,23.78,20.57,51
4,1,Monday,16,2803.51,2732,1437,1271,45.53,23.95,21.18,51
4,1,Monday,17,2866.35,2843,1537,1302,47.38,25.62,21.7,51
4,1,Monday,18,2235.98,2237,1137,1046,37.28,18.95,17.43,51
4,1,Monday,19,1714,1651,804,852,27.52,13.4,14.2,51
4,1,Monday,20,1358.55,1251,643,634,20.85,10.72,10.57,51
4,1,Monday,21,1081.22,933,438,484,15.55,7.3,8.07,51
4,1,Monday,22,652.12,578,268,295,9.63,4.47,4.92,51
4,1,Monday,23,311.22,273,127,141,4.55,2.12,2.35,51
4,2,Tuesday,0,139.29,113,52,61,1.88,0.87,1.02,51
4,2,Tuesday,1,64.14,59,26,31,0.98,0.43,0.52,51
4,2,Tuesday,2,42.37,33,15,17,0.55,0.25,0.28,51
4,2,Tuesday,3,25.16,24,12,10,0.4,0.2,0.17,51
4,2,Tuesday,4,28.94,26,11,16,0.43,0.18,0.27,51
4,2,Tuesday,5,64.96,67,37,29,1.12,0.62,0.48,51
4,2,Tuesday,6,192.9,198,126,75,3.3,2.1,1.25,51
4,2,Tuesday,7,467.55,480,312,172,8,5.2,2.87,51
4,2,Tuesday,8,1007.86,1022,696,341,17.03,11.6,5.68,51
4,2,Tuesday,9,1148.55,1146,743,396,19.1,12.38,6.6,51
4,2,Tuesday,10,1553.39,1500,942,551,25,15.7,9.18,51
4,2,Tuesday,11,2186.18,2086,1296,819,34.77,21.6,13.65,51
4,2,Tuesday,12,3236.39,3178,1855,1316,52.97,30.92,21.93,51
4,2,Tuesday,13,3331.39,3215,1754,1479,53.58,29.23,24.65,51
4,2,Tuesday,14,2894.86,2763,1491,1296,46.05,24.85,21.6,51
4,2,Tuesday,15,2750.1,2688,1445,1234,44.8,24.08,20.57,51
4,2,Tuesday,16,2872.55,2835,1477,1358,47.25,24.62,22.63,51
4,2,Tuesday,17,3240.73,3298,1784,1485,54.97,29.73,24.75,51
4,2,Tuesday,18,2524.12,2440.5,1303.5,1167,40.67,21.73,19.45,52
4,2,Tuesday,19,1897.17,1837.5,850,967,30.62,14.17,16.12,52
4,2,Tuesday,20,1591.06,1453.5,703.5,732.5,24.23,11.72,12.21,52
4,2,Tuesday,21,1238.44,1097,494.5,576.5,18.28,8.24,9.61,52
4,2,Tuesday,22,779.77,672.5,309.5,349.5,11.21,5.16,5.82,52
4,2,Tuesday,23,389.37,344,165,173,5.73,2.75,2.88,52
4,3,Wednesday,0,157.35,141.5,67.5,71.5,2.36,1.12,1.19,52
4,3,Wednesday,1,81.15,80,36.5,44,1.33,0.61,0.73,52
4,3,Wednesday,2,41,41,17.5,20,0.68,0.29,0.33,52
4,3,Wednesday,3,32.46,32,13,19,0.53,0.22,0.32,52
4,3,Wednesday,4,35.79,36.5,12,24,0.61,0.2,0.4,52
4,3,Wednesday,5,70.71,68.5,39,30.5,1.14,0.65,0.51,52
4,3,Wednesday,6,189.65,195,120,74,3.25,2,1.23,52
4,3,Wednesday,7,479.87,499.5,302,180.5,8.32,5.03,3.01,52
4,3,Wednesday,8,1012.02,1039,668,360.5,17.32,11.13,6.01,52
4,3,Wednesday,9,1176.88,1184.5,762.5,423,19.74,12.71,7.05,52
4,3,Wednesday,10,1616.33,1611.5,1008,611,26.86,16.8,10.18,52
4,3,Wednesday,11,2294.44,2253.5,1404.5,867.5,37.56,23.41,14.46,52
4,3,Wednesday,12,3322.37,3290.5,1921.5,1392,54.84,32.02,23.2,52
4,3,Wednesday,13,3402.71,3401.5,1817.5,1555,56.69,30.29,25.92,52
4,3,Wednesday,14,2974.56,2929,1557,1360.5,48.82,25.95,22.68,52
4,3,Wednesday,15,2873.9,2758,1495,1263,45.97,24.92,21.05,52
4,3,Wednesday,16,3043.38,3002,1624,1411,50.03,27.07,23.52,52
4,3,Wednesday,17,3335.62,3300,1830,1473.5,55,30.5,24.56,52
4,3,Wednesday,18,2633.1,2635.5,1347.5,1278.5,43.92,22.46,21.31,52
4,3,Wednesday,19,1983.77,1890,886.5,973.5,31.5,14.78,16.23,52
4,3,Wednesday,20,1639.27,1532,748,777,25.53,12.47,12.95,52
4,3,Wednesday,21,1389.6,1172,527,629.5,19.53,8.78,10.49,52
4,3,Wednesday,22,957.62,761,369.5,387,12.68,6.16,6.45,52
4,3,Wednesday,23,496.62,360,179,191,6,2.98,3.18,52
4,4,Thursday,0,241.37,143.5,70,72,2.39,1.17,1.2,52
4,4,Thursday,1,128.08,68.5,33,37.5,1.14,0.55,0.62,52
4,4,Thursday,2,66.98,40,18,20,0.67,0.3,0.33,52
4,4,Thursday,3,39.46,25.5,13,14,0.42,0.22,0.23,52
4,4,Thursday,4,39.87,35,14.5,22,0.58,0.24,0.37,52
4,4,Thursday,5,75.12,73,42,31,1.22,0.7,0.52,52
4,4,Thursday,6,190.56,195,120.5,75.5,3.25,2.01,1.26,52
4,4,Thursday,7,452.56,472.5,291.5,171.5,7.88,4.86,2.86,52
4,4,Thursday,8,1029.21,1056.5,673,368,17.61,11.22,6.13,52
4,4,Thursday,9,1207.21,1221,790.5,433.5,20.35,13.18,7.22,52
4,4,Thursday,10,1658.33,1605,1025,615,26.75,17.08,10.25,52
4,4,Thursday,11,2292.38,2288.5,1398.5,883.5,38.14,23.31,14.72,52
4,4,Thursday,12,3364.15,3365.5,1941.5,1402,56.09,32.36,23.37,52
4,4,Thursday,13,3468.58,3499.5,1855.5,1594,58.33,30.92,26.57,52
4,4,Thursday,14,3029.13,3016,1587.5,1399.5,50.27,26.46,23.32,52
4,4,Thursday,15,2956.27,2930,1570.5,1366.5,48.83,26.18,22.77,52
4,4,Thursday,16,3076.88,3088,1651,1430.5,51.47,27.52,23.84,52
4,4,Thursday,17,3586.37,3617,2043,1599,60.28,34.05,26.65,52
4,4,Thursday,18,3011.48,3048,1642,1376,50.8,27.37,22.93,52
4,4,Thursday,19,2295.29,2217.5,1132,1090,36.96,18.87,18.17,52
4,4,Thursday,20,2042.79,1952.5,937,1008.5,32.54,15.62,16.81,52
4,4,Thursday,21,1736.1,1524,717.5,824,25.4,11.96,13.73,52
4,4,Thursday,22,1208.46,1038,519,538,17.3,8.65,8.97,52
4,4,Thursday,23,648.83,605,295,276.5,10.08,4.92,4.61,52
4,5,Friday,0,272.51,229,119,117,3.82,1.98,1.95,53
4,5,Friday,1,128.92,117,55,57,1.95,0.92,0.95,53
4,5,Friday,2,69.25,59,29,30,0.98,0.48,0.5,53
4,5,Friday,3,45.75,37,19,20,0.62,0.32,0.33,53
4,5,Friday,4,45.79,44,16,29,0.73,0.27,0.48,53
4,5,Friday,5,75.32,73,38,35,1.22,0.63,0.58,53
4,5,Friday,6,168.89,170,103,64,2.83,1.72,1.07,53
4,5,Friday,7,384.72,389,237,153,6.48,3.95,2.55,53
4,5,Friday,8,858.53,876,551,319,14.6,9.18,5.32,53
4,5,Friday,9,1204.89,1194,756,452,19.9,12.6,7.53,53
4,5,Friday,10,1752.66,1736,1049,654,28.93,17.48,10.9,53
4,5,Friday,11,2413.45,2325,1431,900,38.75,23.85,15,53
4,5,Friday,12,3215.92,3183,1876,1305,53.05,31.27,21.75,53
4,5,Friday,13,3453.36,3435,1850,1547,57.25,30.83,25.78,53
4,5,Friday,14,3242.53,3118,1675,1457,51.97,27.92,24.28,53
4,5,Friday,15,3204,3124,1720,1421,52.07,28.67,23.68,53
4,5,Friday,16,3373.06,3371,1886,1497,56.18,31.43,24.95,53
4,5,Friday,17,3736.26,3712,2198,1514,61.87,36.63,25.23,53
4,5,Friday,18,3343.49,3373,1893,1407,56.22,31.55,23.45,53
4,5,Friday,19,3010.11,2994,1667,1289,49.9,27.78,21.48,53
4,5,Friday,20,2688.58,2539,1324,1274,42.32,22.07,21.23,53
4,5,Friday,21,2379.98,2242,1112,1148,37.37,18.53,19.13,53
4,5,Friday,22,1899.17,1833,959,867,30.55,15.98,14.45,53
4,5,Friday,23,1316.25,1261,665,591,21.02,11.08,9.85,53
4,6,Saturday,0,717.29,667,308,357,11.12,5.13,5.95,52
4,6,Saturday,1,403.35,345.5,149,202,5.76,2.48,3.37,52
4,6,Saturday,2,260.83,224,86.5,139.5,3.73,1.44,2.33,52
4,6,Saturday,3,163.33,134.5,52.5,85,2.24,0.88,1.42,52
4,6,Saturday,4,86.58,79.5,32.5,42,1.32,0.54,0.7,52
4,6,Saturday,5,64.71,57.5,28,30,0.96,0.47,0.5,52
4,6,Saturday,6,107.48,93.5,51,45.5,1.56,0.85,0.76,52
4,6,Saturday,7,226.42,189.5,101.5,90.5,3.16,1.69,1.51,52
4,6,Saturday,8,499.29,471.5,284.5,185.5,7.86,4.74,3.09,52
4,6,Saturday,9,1036.13,1013,646.5,357,16.88,10.78,5.95,52
4,6,Saturday,10,1859.51,1813,1216,626,30.22,20.27,10.43,51
4,6,Saturday,11,2837.02,2795,1831,967,46.58,30.52,16.12,51
4,6,Saturday,12,3527.43,3473,2203,1293,57.88,36.72,21.55,51
4,6,Saturday,13,3946.35,3986,2327,1663,66.43,38.78,27.72,51
4,6,Saturday,14,4091.02,4116,2313,1837,68.6,38.55,30.62,51
4,6,Saturday,15,4146.92,4250,2286,1906,70.83,38.1,31.77,51
4,6,Saturday,16,4057.02,4134,2302,1841,68.9,38.37,30.68,51
4,6,Saturday,17,3874.27,3814,2123,1675,63.57,35.38,27.92,51
4,6,Saturday,18,3408.8,3356,1837,1520,55.93,30.62,25.33,51
4,6,Saturday,19,3107.86,3062,1638,1442,51.03,27.3,24.03,51
4,6,Saturday,20,2600.24,2625,1342,1233,43.75,22.37,20.55,51
4,6,Saturday,21,2316.71,2214,1174,1058,36.9,19.57,17.63,51
4,6,Saturday,22,2034.75,1987,1104,861,33.12,18.4,14.35,51
4,6,Saturday,23,1388.75,1341,708,627,22.35,11.8,10.45,51
4,7,Sunday,0,809.51,782,381,398,13.03,6.35,6.63,51
4,7,Sunday,1,505.49,493,213,257,8.22,3.55,4.28,51
4,7,Sunday,2,324.92,309,114.5,184.5,5.15,1.91,3.08,50
4,7,Sunday,3,222.59,209,68,127,3.48,1.13,2.12,51
4,7,Sunday,4,110.9,113,43,68,1.88,0.72,1.13,51
4,7,Sunday,5,101.47,96,46,50,1.6,0.77,0.83,51
4,7,Sunday,6,134.16,131,70,56,2.18,1.17,0.93,51
4,7,Sunday,7,183.9,172,91,81,2.87,1.52,1.35,51
4,7,Sunday,8,365.84,345,190,150,5.75,3.17,2.5,51
4,7,Sunday,9,858.14,799,517,284,13.32,8.62,4.73,51
4,7,Sunday,10,1598.59,1482,1030,484,24.7,17.17,8.07,51
4,7,Sunday,11,2517.31,2465,1640,848,41.08,27.33,14.13,51
4,7,Sunday,12,3272.02,3240,2035,1190,54,33.92,19.83,51
4,7,Sunday,13,3746.55,3708,2214,1492,61.8,36.9,24.87,51
4,7,Sunday,14,3683.69,3800,2081,1646,63.33,34.68,27.43,51
4,7,Sunday,15,3555.75,3508,1908,1604,58.47,31.8,26.73,51
4,7,Sunday,16,3424.33,3373,1820,1502,56.22,30.33,25.03,51
4,7,Sunday,17,2942.02,2896,1560,1349,48.27,26,22.48,51
4,7,Sunday,18,2410.39,2270,1149,1119,37.83,19.15,18.65,51
4,7,Sunday,19,2070.22,1975,966,1015,32.92,16.1,16.92,51
4,7,Sunday,20,1612.2,1488,788,738,24.8,13.13,12.3,51
4,7,Sunday,21,1365.61,1136,568,609,18.93,9.47,10.15,51
4,7,Sunday,22,873.82,724,346,377,12.07,5.77,6.28,51
4,7,Sunday,23,507.24,396,198,198,6.6,3.3,3.3,51
5,1,Monday,0,144.92,103.5,46.5,58,1.73,0.78,0.97,52
5,1,Monday,1,67.48,53,20,28.5,0.88,0.33,0.48,52
5,1,Monday,2,42.56,33,16,18.5,0.55,0.27,0.31,52
5,1,Monday,3,41.63,36,23,14,0.6,0.38,0.23,52
5,1,Monday,4,45.75,43.5,31,12,0.72,0.52,0.2,52
5,1,Monday,5,88.15,86,39,49.5,1.43,0.65,0.82,52
5,1,Monday,6,222.27,243.5,59,180,4.06,0.98,3,52
5,1,Monday,7,469.37,514,165,342,8.57,2.75,5.7,52
5,1,Monday,8,906.85,987.5,303,671,16.46,5.05,11.18,52
5,1,Monday,9,866.12,865,286,565,14.42,4.77,9.42,52
5,1,Monday,10,1148.94,1085,367.5,713.5,18.08,6.12,11.89,52
5,1,Monday,11,1301.88,1270,508.5,782,21.17,8.47,13.03,52
5,1,Monday,12,1852.13,1776.5,870,899,29.61,14.5,14.98,52
5,1,Monday,13,1784.6,1779,845,946.5,29.65,14.08,15.78,52
5,1,Monday,14,1725.06,1665,853,746.5,27.75,14.22,12.44,52
5,1,Monday,15,1634.63,1638.5,867.5,752.5,27.31,14.46,12.54,52
5,1,Monday,16,1671.75,1706,989,695.5,28.43,16.48,11.59,52
5,1,Monday,17,1990.92,2043.5,1143.5,947,34.06,19.06,15.78,52
5,1,Monday,18,1530.75,1530.5,673.5,834,25.51,11.22,13.9,52
5,1,Monday,19,1164.98,1099,485,602.5,18.32,8.08,10.04,52
5,1,Monday,20,1026.46,937,449,446.5,15.62,7.48,7.44,52
5,1,Monday,21,1094.98,896,552.5,330,14.93,9.21,5.5,52
5,1,Monday,22,634.46,440.5,223,204,7.34,3.72,3.4,52
5,1,Monday,23,260.87,190.5,93.5,93.5,3.17,1.56,1.56,52
5,2,Tuesday,0,107.96,84.5,32,50,1.41,0.53,0.83,52
5,2,Tuesday,1,45.63,41,17.5,24.5,0.68,0.29,0.41,52
5,2,Tuesday,2,31.63,28.5,13,15,0.48,0.22,0.25,52
5,2,Tuesday,3,32.12,33,21,11.5,0.55,0.35,0.19,52
5,2,Tuesday,4,38.48,39,30.5,10,0.65,0.51,0.17,52
5,2,Tuesday,5,96.4,104,39.5,64.5,1.73,0.66,1.07,52
5,2,Tuesday,6,276.48,291.5,73.5,218,4.86,1.23,3.63,52
5,2,Tuesday,7,520.25,552.5,175,375,9.21,2.92,6.25,52
5,2,Tuesday,8,1057.08,1129.5,355.5,763.5,18.82,5.92,12.72,52
5,2,Tuesday,9,931.15,956,302,649.5,15.93,5.03,10.82,52
5,2,Tuesday,10,951.58,937.5,338,601,15.62,5.63,10.02,52
5,2,Tuesday,11,1213.4,1177,493.5,683.5,19.62,8.22,11.39,52
5,2,Tuesday,12,1569.92,1574,773,825,26.23,12.88,13.75,52
5,2,Tuesday,13,1590,1585,766.5,795,26.42,12.78,13.25,52
5,2,Tuesday,14,1511.48,1488,760.5,726.5,24.8,12.68,12.11,52
5,2,Tuesday,15,1589.58,1581,847.5,735.5,26.35,14.12,12.26,52
5,2,Tuesday,16,1716.83,1782.5,1032.5,764.5,29.71,17.21,12.74,52
5,2,Tuesday,17,2272.15,2340.5,1284,1071,39.01,21.4,17.85,52
5,2,Tuesday,18,1703.65,1683,758.5,920.5,28.05,12.64,15.34,52
5,2,Tuesday,19,1246.94,1161,538,651.5,19.35,8.97,10.86,52
5,2,Tuesday,20,1128.35,1053.5,540,509.5,17.56,9,8.49,52
5,2,Tuesday,21,1059.17,904,503.5,387.5,15.07,8.39,6.46,52
5,2,Tuesday,22,766.63,568.5,280.5,261.5,9.47,4.68,4.36,52
5,2,Tuesday,23,390.76,241,115,119,4.02,1.92,1.98,51
5,3,Wednesday,0,116.42,90,36.5,55.5,1.5,0.61,0.92,52
5,3,Wednesday,1,57.6,56,20.5,33,0.93,0.34,0.55,52
5,3,Wednesday,2,34.96,33.5,14,19,0.56,0.23,0.32,52
5,3,Wednesday,3,35.94,35.5,22,13.5,0.59,0.37,0.22,52
5,3,Wednesday,4,40.5,41,30,11,0.68,0.5,0.18,52
5,3,Wednesday,5,101.69,109.5,42.5,65,1.82,0.71,1.08,52
5,3,Wednesday,6,288.37,311.5,71.5,232.5,5.19,1.19,3.88,52
5,3,Wednesday,7,556.1,586.5,192.5,392.5,9.78,3.21,6.54,52
5,3,Wednesday,8,1059.85,1148,360.5,747.5,19.13,6.01,12.46,52
5,3,Wednesday,9,917.98,957,308,639,15.95,5.13,10.65,52
5,3,Wednesday,10,1007.12,1060,365,695,17.67,6.08,11.58,51
5,3,Wednesday,11,1319.19,1356.5,549,795,22.61,9.15,13.25,52
5,3,Wednesday,12,1749.08,1792.5,822.5,949.5,29.88,13.71,15.82,52
5,3,Wednesday,13,1792.31,1838,846.5,935,30.63,14.11,15.58,52
5,3,Wednesday,14,1582.19,1591,818,766.5,26.52,13.63,12.78,52
5,3,Wednesday,15,1767.79,1747.5,978,759.5,29.12,16.3,12.66,52
5,3,Wednesday,16,1967.71,1957,1179.5,746.5,32.62,19.66,12.44,52
5,3,Wednesday,17,2336.37,2439.5,1356,1044.5,40.66,22.6,17.41,52
5,3,Wednesday,18,1824.15,1855.5,812.5,1000.5,30.92,13.54,16.68,52
5,3,Wednesday,19,1318.44,1258.5,552,716,20.98,9.2,11.93,52
5,3,Wednesday,20,1135.44,1016,540,494,16.93,9,8.23,52
5,3,Wednesday,21,1259.73,1022,590,425.5,17.03,9.83,7.09,52
5,3,Wednesday,22,932.31,722.5,400,315,12.04,6.67,5.25,52
5,3,Wednesday,23,425.33,295,142.5,140,4.92,2.38,2.33,52
5,4,Thursday,0,204.17,108.5,46.5,66,1.81,0.78,1.1,52
5,4,Thursday,1,114.8,47,17,33,0.78,0.28,0.55,51
5,4,Thursday,2,55.13,33,16,18.5,0.55,0.27,0.31,52
5,4,Thursday,3,47.5,36,21.5,13,0.6,0.36,0.22,52
5,4,Thursday,4,44.63,42,28.5,11,0.7,0.48,0.18,52
5,4,Thursday,5,97.04,101,37.5,63,1.68,0.62,1.05,52
5,4,Thursday,6,276.13,290.5,73,217,4.84,1.22,3.62,52
5,4,Thursday,7,533.85,563.5,193.5,363.5,9.39,3.22,6.06,52
5,4,Thursday,8,1015.96,1087,354,707,18.12,5.9,11.78,52
5,4,Thursday,9,931.29,977.5,314,648.5,16.29,5.23,10.81,52
5,4,Thursday,10,1002.5,1059.5,379.5,666,17.66,6.32,11.1,52
5,4,Thursday,11,1294.08,1292,559,722.5,21.53,9.32,12.04,52
5,4,Thursday,12,1654.37,1679.5,802.5,882,27.99,13.38,14.7,52
5,4,Thursday,13,1683.73,1650,802,850,27.5,13.37,14.17,52
5,4,Thursday,14,1631.79,1622.5,807,808.5,27.04,13.45,13.47,52
5,4,Thursday,15,1679.37,1665.5,887,803.5,27.76,14.78,13.39,52
5,4,Thursday,16,1836.63,1891,1071.5,809.5,31.52,17.86,13.49,52
5,4,Thursday,17,2502.13,2543.5,1347.5,1249,42.39,22.46,20.82,52
5,4,Thursday,18,2176.44,2314.5,970,1276.5,38.58,16.17,21.27,52
5,4,Thursday,19,1626.54,1562,677.5,934,26.03,11.29,15.57,52
5,4,Thursday,20,1312.04,1244.5,646.5,613,20.74,10.78,10.22,52
5,4,Thursday,21,1642.33,1543.5,966,530.5,25.73,16.1,8.84,52
5,4,Thursday,22,1251.21,1069.5,509,426.5,17.82,8.48,7.11,52
5,4,Thursday,23,584.1,443.5,188.5,218.5,7.39,3.14,3.64,52
5,5,Friday,0,203.02,170,74,89,2.83,1.23,1.48,53
5,5,Friday,1,92.45,82,28,50,1.37,0.47,0.83,53
5,5,Friday,2,48.55,43,18,25,0.72,0.3,0.42,53
5,5,Friday,3,45.3,44,24,19,0.73,0.4,0.32,53
5,5,Friday,4,40.92,41,29,11,0.68,0.48,0.18,53
5,5,Friday,5,89.09,91,37,56,1.52,0.62,0.93,53
5,5,Friday,6,228.43,234,68,171,3.9,1.13,2.85,53
5,5,Friday,7,418.06,429,158,283,7.15,2.63,4.72,53
5,5,Friday,8,797.25,844.5,294.5,535.5,14.07,4.91,8.93,52
5,5,Friday,9,897.23,910,335.5,560.5,15.17,5.59,9.34,52
5,5,Friday,10,1117.3,1154,398,744,19.23,6.63,12.4,53
5,5,Friday,11,1495.74,1477,604,860,24.62,10.07,14.33,53
5,5,Friday,12,1771.87,1726,836,930,28.77,13.93,15.5,53
5,5,Friday,13,1798,1830,861,945,30.5,14.35,15.75,53
5,5,Friday,14,1887.02,1811,923,883,30.18,15.38,14.72,53
5,5,Friday,15,1958.92,1894,980,889,31.57,16.33,14.82,53
5,5,Friday,16,2063.11,2001,1040,947,33.35,17.33,15.78,53
5,5,Friday,17,2659,2664,1258,1397,44.4,20.97,23.28,53
5,5,Friday,18,2685.38,2616,1003,1612,43.6,16.72,26.87,53
5,5,Friday,19,2341.08,2329,892,1419,38.82,14.87,23.65,53
5,5,Friday,20,1876.23,1756,832,884,29.27,13.87,14.73,53
5,5,Friday,21,2303.09,2244,1409,837,37.4,23.48,13.95,53
5,5,Friday,22,2061.21,1909,983,780,31.82,16.38,13,53
5,5,Friday,23,1181.83,970,438,456,16.17,7.3,7.6,53
5,6,Saturday,0,481.35,450,251.5,207,7.5,4.19,3.45,52
5,6,Saturday,1,227.62,216,111.5,109,3.6,1.86,1.82,52
5,6,Saturday,2,136,114.5,50,70.5,1.91,0.83,1.18,52
5,6,Saturday,3,92.98,83,33.5,47,1.38,0.56,0.78,52
5,6,Saturday,4,59.9,51.5,25.5,25,0.86,0.42,0.42,52
5,6,Saturday,5,60.56,54.5,26,28,0.91,0.43,0.47,52
5,6,Saturday,6,126.33,105.5,40.5,62,1.76,0.68,1.03,52
5,6,Saturday,7,209.92,168.5,75,94,2.81,1.25,1.57,52
5,6,Saturday,8,398.83,363.5,157,199.5,6.06,2.62,3.33,52
5,6,Saturday,9,779.15,714,304,407.5,11.9,5.07,6.79,52
5,6,Saturday,10,1310.88,1296,484.5,791.5,21.6,8.07,13.19,52
5,6,Saturday,11,1875.27,1808.5,738,1060.5,30.14,12.3,17.68,52
5,6,Saturday,12,2380.85,2377,970,1355,39.62,16.17,22.58,52
5,6,Saturday,13,2841.4,2807.5,1118.5,1691.5,46.79,18.64,28.19,52
5,6,Saturday,14,2559.62,2566,1149,1377.5,42.77,19.15,22.96,52
5,6,Saturday,15,2811.48,2836.5,1441,1301.5,47.27,24.02,21.69,52
5,6,Saturday,16,2989.1,3074.5,1647.5,1330.5,51.24,27.46,22.18,52
5,6,Saturday,17,2904.37,3025.5,1467.5,1431,50.42,24.46,23.85,52
5,6,Saturday,18,2756.96,2740,1119,1618,45.67,18.65,26.97,52
5,6,Saturday,19,2675.83,2746,1025,1635,45.77,17.08,27.25,52
5,6,Saturday,20,2149.73,2092,969.5,1098,34.87,16.16,18.3,52
5,6,Saturday,21,2433.29,2315,1302,944.5,38.58,21.7,15.74,52
5,6,Saturday,22,2263.94,2110.5,1079,901,35.17,17.98,15.02,52
5,6,Saturday,23,1237.04,1071.5,528,557,17.86,8.8,9.28,52
5,7,Sunday,0,576.06,551,295,266.5,9.18,4.92,4.44,52
5,7,Sunday,1,294.62,284.5,135,140,4.74,2.25,2.33,52
5,7,Sunday,2,159.08,164,65,92,2.73,1.08,1.53,51
5,7,Sunday,3,111.46,110,43.5,67.5,1.83,0.72,1.12,52
5,7,Sunday,4,62.21,58.5,27.5,31.5,0.98,0.46,0.52,52
5,7,Sunday,5,66.71,59,27,31,0.98,0.45,0.52,52
5,7,Sunday,6,126.87,86,43.5,42,1.43,0.72,0.7,52
5,7,Sunday,7,212.48,160.5,79,82.5,2.67,1.32,1.38,52
5,7,Sunday,8,364.21,292,142,157,4.87,2.37,2.62,52
5,7,Sunday,9,745.44,687,299.5,368.5,11.45,4.99,6.14,52
5,7,Sunday,10,1304.62,1252.5,497,732.5,20.88,8.28,12.21,52
5,7,Sunday,11,1878.81,1804,746.5,1032.5,30.07,12.44,17.21,52
5,7,Sunday,12,2378.71,2447.5,1028,1221,40.79,17.13,20.35,52
5,7,Sunday,13,2605.71,2604.5,1147.5,1385,43.41,19.12,23.08,52
5,7,Sunday,14,2629.27,2638,1223,1306,43.97,20.38,21.77,52
5,7,Sunday,15,2632.9,2446.5,1279,1215,40.77,21.32,20.25,52
5,7,Sunday,16,2520.62,2454,1325.5,1159.5,40.9,22.09,19.32,52
5,7,Sunday,17,2157.23,1942.5,1018.5,930,32.38,16.98,15.5,52
5,7,Sunday,18,1737.06,1493.5,741.5,823.5,24.89,12.36,13.72,52
5,7,Sunday,19,1513.62,1284.5,580,667.5,21.41,9.67,11.12,52
5,7,Sunday,20,1309.75,956,490.5,486,15.93,8.18,8.1,52
5,7,Sunday,21,1233.85,896,491.5,386.5,14.93,8.19,6.44,52
5,7,Sunday,22,796.96,540.5,254,245.5,9.01,4.23,4.09,52
5,7,Sunday,23,433.85,262,131,143,4.37,2.18,2.38,52
6,1,Monday,0,50.69,40,25.5,14.5,0.67,0.42,0.24,52
6,1,Monday,1,9.7,7,2,4,0.12,0.03,0.07,50
6,1,Monday,2,5.33,4,1,3,0.07,0.02,0.05,48
6,1,Monday,3,6.33,5,2,3,0.08,0.03,0.05,51
6,1,Monday,4,23.38,22,17,5,0.37,0.28,0.08,52
6,1,Monday,5,94.85,98,33,60.5,1.63,0.55,1.01,52
6,1,Monday,6,288.92,309.5,93,208,5.16,1.55,3.47,52
6,1,Monday,7,627.38,699,184,492,11.65,3.07,8.2,52
6,1,Monday,8,1556.79,1756.5,179.5,1566,29.27,2.99,26.1,52
6,1,Monday,9,617.37,671,92,578,11.18,1.53,9.63,52
6,1,Monday,10,250.06,248.5,69,175,4.14,1.15,2.92,52
6,1,Monday,11,244.38,240,82,152,4,1.37,2.53,52
6,1,Monday,12,267.23,251.5,111.5,131,4.19,1.86,2.18,52
6,1,Monday,13,299.29,292,164,116,4.87,2.73,1.93,52
6,1,Monday,14,387.63,371,236,132,6.18,3.93,2.2,52
6,1,Monday,15,548.44,562.5,405,144.5,9.38,6.75,2.41,52
6,1,Monday,16,1045.56,1107.5,907.5,208,18.46,15.12,3.47,52
6,1,Monday,17,1590.9,1711,1430,297.5,28.52,23.83,4.96,52
6,1,Monday,18,605.87,622.5,415,193,10.38,6.92,3.22,52
6,1,Monday,19,271.27,269,165.5,98.5,4.48,2.76,1.64,52
6,1,Monday,20,208.77,193.5,118,70.5,3.22,1.97,1.18,52
6,1,Monday,21,192.15,171.5,109.5,64,2.86,1.82,1.07,52
6,1,Monday,22,170.12,156,109.5,47.5,2.6,1.82,0.79,52
6,1,Monday,23,101.15,90,64,25,1.5,1.07,0.42,52
6,2,Tuesday,0,33.65,25.5,17.5,11,0.42,0.29,0.18,52
6,2,Tuesday,1,5.17,4,1,3,0.07,0.02,0.05,47
6,2,Tuesday,2,3.81,3,0,2,0.05,0,0.03,47
6,2,Tuesday,3,4.88,5,2,2,0.08,0.03,0.03,51
6,2,Tuesday,4,20.5,20,15,4.5,0.33,0.25,0.07,52
6,2,Tuesday,5,100.04,102,33.5,69.5,1.7,0.56,1.16,52
6,2,Tuesday,6,350.98,372,95,273.5,6.2,1.58,4.56,52
6,2,Tuesday,7,786.71,811.5,200.5,610,13.53,3.34,10.17,52
6,2,Tuesday,8,1969.1,2085,198.5,1890.5,34.75,3.31,31.51,52
6,2,Tuesday,9,831.88,875,102.5,775.5,14.58,1.71,12.93,52
6,2,Tuesday,10,266.42,263.5,70.5,189,4.39,1.18,3.15,52
6,2,Tuesday,11,256.87,248.5,93,157.5,4.14,1.55,2.62,52
6,2,Tuesday,12,277.94,269.5,122,149,4.49,2.03,2.48,52
6,2,Tuesday,13,314.85,300,167,130.5,5,2.78,2.17,52
6,2,Tuesday,14,424.27,419,282.5,134.5,6.98,4.71,2.24,52
6,2,Tuesday,15,637.17,634.5,485.5,152.5,10.57,8.09,2.54,52
6,2,Tuesday,16,1302.52,1361.5,1137.5,226,22.69,18.96,3.77,52
6,2,Tuesday,17,1982.87,2056.5,1713,342,34.27,28.55,5.7,52
6,2,Tuesday,18,764.63,777,542.5,220.5,12.95,9.04,3.67,52
6,2,Tuesday,19,340.54,333,209.5,108,5.55,3.49,1.8,52
6,2,Tuesday,20,251.37,221.5,154.5,77,3.69,2.58,1.28,52
6,2,Tuesday,21,214.73,187,125.5,62.5,3.12,2.09,1.04,52
6,2,Tuesday,22,192.23,171.5,114,55.5,2.86,1.9,0.92,52
6,2,Tuesday,23,114.21,99,71,30,1.65,1.18,0.5,52
6,3,Wednesday,0,38.19,36,23.5,10.5,0.6,0.39,0.17,52
6,3,Wednesday,1,4.87,4,1,3,0.07,0.02,0.05,47
6,3,Wednesday,2,3.52,2,1,2,0.03,0.02,0.03,44
6,3,Wednesday,3,4.86,4,2,2,0.07,0.03,0.03,50
6,3,Wednesday,4,22.81,22,17,5,0.37,0.28,0.08,52
6,3,Wednesday,5,105.79,108.5,39,69,1.81,0.65,1.15,52
6,3,Wednesday,6,346.08,361,94,263,6.02,1.57,4.38,52
6,3,Wednesday,7,744.92,751,198.5,551.5,12.52,3.31,9.19,52
6,3,Wednesday,8,1850.02,1930,196,1740,32.17,3.27,29,52
6,3,Wednesday,9,768.88,786.5,103.5,690,13.11,1.73,11.5,52
6,3,Wednesday,10,275.69,280,76,198,4.67,1.27,3.3,52
6,3,Wednesday,11,286.98,271.5,92,180.5,4.53,1.53,3.01,52
6,3,Wednesday,12,293.02,276,123,151.5,4.6,2.05,2.52,52
6,3,Wednesday,13,324.12,302.5,165.5,142.5,5.04,2.76,2.38,52
6,3,Wednesday,14,431.35,429,278,144.5,7.15,4.63,2.41,52
6,3,Wednesday,15,640.96,631,467,169.5,10.52,7.78,2.83,52
6,3,Wednesday,16,1189.79,1234,976.5,238,20.57,16.27,3.97,52
6,3,Wednesday,17,1822.42,1873.5,1504.5,350,31.23,25.08,5.83,52
6,3,Wednesday,18,775.9,758,517,237,12.63,8.62,3.95,52
6,3,Wednesday,19,363.9,352.5,222.5,117,5.88,3.71,1.95,52
6,3,Wednesday,20,272.85,251.5,171,80,4.19,2.85,1.33,52
6,3,Wednesday,21,246.5,215.5,142.5,75,3.59,2.38,1.25,52
6,3,Wednesday,22,265.85,200,135,59.5,3.33,2.25,0.99,52
6,3,Wednesday,23,189.48,118.5,87,32,1.98,1.45,0.53,52
6,4,Thursday,0,41.65,36,22,12,0.6,0.37,0.2,52
6,4,Thursday,1,7.16,4,1,2,0.07,0.02,0.03,49
6,4,Thursday,2,35.16,4,1,2,0.07,0.02,0.03,49
6,4,Thursday,3,15.27,4.5,2,2,0.07,0.03,0.03,52
6,4,Thursday,4,29.92,23,17.5,5.5,0.38,0.29,0.09,52
6,4,Thursday,5,109.02,109,37,71,1.82,0.62,1.18,52
6,4,Thursday,6,333.21,342.5,94.5,251,5.71,1.57,4.18,52
6,4,Thursday,7,752.19,782.5,193,578.5,13.04,3.22,9.64,52
6,4,Thursday,8,1953.12,2028,195,1841.5,33.8,3.25,30.69,52
6,4,Thursday,9,845.85,877.5,97.5,778.5,14.62,1.62,12.97,52
6,4,Thursday,10,292.77,292,74.5,214.5,4.87,1.24,3.58,52
6,4,Thursday,11,295.02,285,90.5,193.5,4.75,1.51,3.22,52
6,4,Thursday,12,318.52,299,131.5,164,4.98,2.19,2.73,52
6,4,Thursday,13,347.06,332.5,182,148,5.54,3.03,2.47,52
6,4,Thursday,14,472.58,477,308.5,158.5,7.95,5.14,2.64,52
6,4,Thursday,15,671.02,663.5,476.5,191,11.06,7.94,3.18,52
6,4,Thursday,16,1213.4,1223.5,966.5,262,20.39,16.11,4.37,52
6,4,Thursday,17,1894.77,1936,1534,409,32.27,25.57,6.82,52
6,4,Thursday,18,867.9,893.5,611.5,270.5,14.89,10.19,4.51,52
6,4,Thursday,19,453.58,439.5,282.5,133,7.32,4.71,2.22,52
6,4,Thursday,20,331.85,319,217.5,92,5.32,3.62,1.53,52
6,4,Thursday,21,296.94,274.5,183,84,4.58,3.05,1.4,52
6,4,Thursday,22,284.52,256.5,170,79.5,4.28,2.83,1.32,52
6,4,Thursday,23,168.06,154.5,108,40,2.58,1.8,0.67,52
6,5,Friday,0,50.26,42,28,16,0.7,0.47,0.27,53
6,5,Friday,1,8.59,6,1,5,0.1,0.02,0.08,51
6,5,Friday,2,5.82,4,1,3,0.07,0.02,0.05,50
6,5,Friday,3,6.72,7,2,3,0.12,0.03,0.05,53
6,5,Friday,4,22.85,23,18,5,0.38,0.3,0.08,53
6,5,Friday,5,101.25,102,36,65,1.7,0.6,1.08,53
6,5,Friday,6,278.94,295,90,205,4.92,1.5,3.42,53
6,5,Friday,7,466.62,492,167,324,8.2,2.78,5.4,53
6,5,Friday,8,1086.89,1164,157,1005,19.4,2.62,16.75,53
6,5,Friday,9,494.45,504,90,423,8.4,1.5,7.05,53
6,5,Friday,10,263.34,247,69,178,4.12,1.15,2.97,53
6,5,Friday,11,306.98,289,93,194,4.82,1.55,3.23,53
6,5,Friday,12,329.81,293,118,166,4.88,1.97,2.77,53
6,5,Friday,13,345.42,326,167,149,5.43,2.78,2.48,53
6,5,Friday,14,462.81,437,282,168,7.28,4.7,2.8,53
6,5,Friday,15,625.77,604,406,214,10.07,6.77,3.57,53
6,5,Friday,16,872.96,895,580,303,14.92,9.67,5.05,53
6,5,Friday,17,1190.55,1230,776,455,20.5,12.93,7.58,53
6,5,Friday,18,742.47,741,374,363,12.35,6.23,6.05,53
6,5,Friday,19,457.3,426,224,207,7.1,3.73,3.45,53
6,5,Friday,20,352.94,337,196,142,5.62,3.27,2.37,53
6,5,Friday,21,355.06,336,208,117,5.6,3.47,1.95,53
6,5,Friday,22,394.58,359,238,122,5.98,3.97,2.03,53
6,5,Friday,23,275.83,255,176,76,4.25,2.93,1.27,53
6,6,Saturday,0,164.17,147,108,37.5,2.45,1.8,0.62,52
6,6,Saturday,1,77.08,74,50,19.5,1.23,0.83,0.32,52
6,6,Saturday,2,48.75,46,28,17.5,0.77,0.47,0.29,52
6,6,Saturday,3,32.87,29,17.5,13,0.48,0.29,0.22,52
6,6,Saturday,4,36.42,36,22.5,12,0.6,0.38,0.2,52
6,6,Saturday,5,54.6,52.5,18,34,0.88,0.3,0.57,52
6,6,Saturday,6,98.23,98.5,39.5,59.5,1.64,0.66,0.99,52
6,6,Saturday,7,127.71,129,57,73.5,2.15,0.95,1.23,52
6,6,Saturday,8,193.58,196,68,126.5,3.27,1.13,2.11,52
6,6,Saturday,9,254.75,251.5,78,167.5,4.19,1.3,2.79,52
6,6,Saturday,10,307.44,299,94.5,204,4.98,1.57,3.4,52
6,6,Saturday,11,412.46,385,111.5,269.5,6.42,1.86,4.49,52
6,6,Saturday,12,455.46,433,129,302,7.22,2.15,5.03,52
6,6,Saturday,13,469.73,448,163,286,7.47,2.72,4.77,52
6,6,Saturday,14,525.81,493,212,281.5,8.22,3.53,4.69,52
6,6,Saturday,15,579.6,571,268,284,9.52,4.47,4.73,52
6,6,Saturday,16,644.67,624.5,294,328,10.41,4.9,5.47,52
6,6,Saturday,17,684.31,636,268.5,362.5,10.6,4.47,6.04,52
6,6,Saturday,18,612.5,565,221,349.5,9.42,3.68,5.82,52
6,6,Saturday,19,500.1,449.5,194,271,7.49,3.23,4.52,52
6,6,Saturday,20,416.79,371,178,198.5,6.18,2.97,3.31,52
6,6,Saturday,21,415.31,353.5,199,147,5.89,3.32,2.45,52
6,6,Saturday,22,426.79,387,233.5,150.5,6.45,3.89,2.51,52
6,6,Saturday,23,310.98,293,191.5,87,4.88,3.19,1.45,52
6,7,Sunday,0,200.37,178.5,132,51,2.98,2.2,0.85,52
6,7,Sunday,1,100.4,97,69,28,1.62,1.15,0.47,52
6,7,Sunday,2,68.37,68,43,22,1.13,0.72,0.37,51
6,7,Sunday,3,44.87,44,25,18,0.73,0.42,0.3,52
6,7,Sunday,4,39.85,38,26,13.5,0.63,0.43,0.22,52
6,7,Sunday,5,62.08,61,20,40,1.02,0.33,0.67,52
6,7,Sunday,6,82.02,81,36,46,1.35,0.6,0.77,52
6,7,Sunday,7,93.65,93,40,54,1.55,0.67,0.9,52
6,7,Sunday,8,148.44,144,51.5,94,2.4,0.86,1.57,52
6,7,Sunday,9,248.58,230,72,165,3.83,1.2,2.75,52
6,7,Sunday,10,292.17,283.5,90,192,4.72,1.5,3.2,52
6,7,Sunday,11,391.75,364,97,265,6.07,1.62,4.42,52
6,7,Sunday,12,425.65,405,117,276.5,6.75,1.95,4.61,52
6,7,Sunday,13,432.27,398,150,243.5,6.63,2.5,4.06,52
6,7,Sunday,14,469.08,435.5,213,218.5,7.26,3.55,3.64,52
6,7,Sunday,15,502.73,469,262.5,206.5,7.82,4.38,3.44,52
6,7,Sunday,16,503.63,470,265,205,7.83,4.42,3.42,52
6,7,Sunday,17,456.04,406,229,178,6.77,3.82,2.97,52
6,7,Sunday,18,390.85,342,176,164,5.7,2.93,2.73,52
6,7,Sunday,19,290.31,244,136,108,4.07,2.27,1.8,52
6,7,Sunday,20,244.62,201.5,117,79.5,3.36,1.95,1.32,52
6,7,Sunday,21,248.56,181.5,115,69,3.02,1.92,1.15,52
6,7,Sunday,22,193.13,148,90,57.5,2.47,1.5,0.96,52
6,7,Sunday,23,129.21,102.5,73.5,29.5,1.71,1.23,0.49,52
8,1,Monday,0,4.49,3,2,1,0.05,0.03,0.02,39
8,1,Monday,1,2.57,2,1,0.5,0.03,0.02,0.01,30
8,1,Monday,2,1.82,1,1,0,0.02,0.02,0,28
8,1,Monday,3,1.18,1,1,0,0.02,0.02,0,22
8,1,Monday,4,1.75,1,1,0,0.02,0.02,0,24
8,1,Monday,5,8.57,7,3.5,2,0.12,0.06,0.03,46
8,1,Monday,6,66.04,68,33,36,1.13,0.55,0.6,51
8,1,Monday,7,231.15,246.5,142.5,107.5,4.11,2.38,1.79,52
8,1,Monday,8,374.67,416,242.5,166,6.93,4.04,2.77,52
8,1,Monday,9,306.17,314.5,184,127,5.24,3.07,2.12,52
8,1,Monday,10,273.73,278.5,120,157,4.64,2,2.62,52
8,1,Monday,11,318.85,314,113,202,5.23,1.88,3.37,52
8,1,Monday,12,629.96,657,226.5,427,10.95,3.78,7.12,52
8,1,Monday,13,512.23,530,230,299.5,8.83,3.83,4.99,52
8,1,Monday,14,375.9,370.5,146.5,225,6.18,2.44,3.75,52
8,1,Monday,15,398,386.5,143.5,249,6.44,2.39,4.15,52
8,1,Monday,16,456.06,471,173,297,7.85,2.88,4.95,52
8,1,Monday,17,504.35,559,225,328,9.32,3.75,5.47,52
8,1,Monday,18,228.6,265.5,130.5,127.5,4.42,2.17,2.12,52
8,1,Monday,19,113.58,86,43,43,1.43,0.72,0.72,52
8,1,Monday,20,74.52,43,19.5,24.5,0.72,0.32,0.41,52
8,1,Monday,21,31,24.5,13.5,11,0.41,0.22,0.18,52
8,1,Monday,22,14.6,12.5,7.5,5,0.21,0.12,0.08,52
8,1,Monday,23,6.65,6,3,2,0.1,0.05,0.03,49
8,2,Tuesday,0,3.48,2,1,1,0.03,0.02,0.02,42
8,2,Tuesday,1,1.96,2,1,0,0.03,0.02,0,25
8,2,Tuesday,2,1.81,2,1,1,0.03,0.02,0.02,21
8,2,Tuesday,3,1.47,1,1,0,0.02,0.02,0,17
8,2,Tuesday,4,1.61,1,1,0,0.02,0.02,0,31
8,2,Tuesday,5,9.58,9.5,5.5,3,0.16,0.09,0.05,48
8,2,Tuesday,6,77.29,75,32,40,1.25,0.53,0.67,51
8,2,Tuesday,7,263.58,294,162.5,123.5,4.9,2.71,2.06,52
8,2,Tuesday,8,417.58,449.5,276.5,176,7.49,4.61,2.93,52
8,2,Tuesday,9,328.96,329.5,212,124,5.49,3.53,2.07,52
8,2,Tuesday,10,279.71,283.5,133.5,142.5,4.72,2.22,2.38,52
8,2,Tuesday,11,309.6,312.5,114,199.5,5.21,1.9,3.33,52
8,2,Tuesday,12,656.92,688.5,240.5,441,11.47,4.01,7.35,52
8,2,Tuesday,13,534.04,554.5,265,289.5,9.24,4.42,4.82,52
8,2,Tuesday,14,370.44,369.5,141.5,231.5,6.16,2.36,3.86,52
8,2,Tuesday,15,395.69,398.5,139,256,6.64,2.32,4.27,52
8,2,Tuesday,16,483.88,506,170,333.5,8.43,2.83,5.56,52
8,2,Tuesday,17,556.81,611.5,227.5,377,10.19,3.79,6.28,52
8,2,Tuesday,18,244.62,278,118.5,149,4.63,1.98,2.48,52
8,2,Tuesday,19,121.56,82,31,53.5,1.37,0.52,0.89,52
8,2,Tuesday,20,76.04,47,21.5,25,0.78,0.36,0.42,52
8,2,Tuesday,21,33.24,30.5,13.5,14,0.51,0.22,0.23,50
8,2,Tuesday,22,18.56,17.5,8,8.5,0.29,0.13,0.14,50
8,2,Tuesday,23,9.98,7,3.5,4,0.12,0.06,0.07,46
8,3,Wednesday,0,3.16,2,1,1,0.03,0.02,0.02,37
8,3,Wednesday,1,1.84,1,1,1,0.02,0.02,0.02,31
8,3,Wednesday,2,1.61,1,1,1,0.02,0.02,0.02,23
8,3,Wednesday,3,1.12,1,1,0,0.02,0.02,0,16
8,3,Wednesday,4,1.79,1.5,1,1,0.03,0.02,0.02,28
8,3,Wednesday,5,11.41,9,7,3,0.15,0.12,0.05,49
8,3,Wednesday,6,89.51,93,47,46,1.55,0.78,0.77,51
8,3,Wednesday,7,281.54,295.5,161,133.5,4.92,2.68,2.22,52
8,3,Wednesday,8,450.21,483,289,196,8.05,4.82,3.27,52
8,3,Wednesday,9,330.42,342.5,207.5,131.5,5.71,3.46,2.19,52
8,3,Wednesday,10,272.4,277,121,152,4.62,2.02,2.53,52
8,3,Wednesday,11,317.98,323.5,120.5,207.5,5.39,2.01,3.46,52
8,3,Wednesday,12,647.94,655,227,431.5,10.92,3.78,7.19,52
8,3,Wednesday,13,548.46,561.5,271,286.5,9.36,4.52,4.78,52
8,3,Wednesday,14,391.5,389.5,150.5,235,6.49,2.51,3.92,52
8,3,Wednesday,15,408.48,402,149.5,251,6.7,2.49,4.18,52
8,3,Wednesday,16,501.75,503,176.5,322,8.38,2.94,5.37,52
8,3,Wednesday,17,575.98,618.5,222.5,382.5,10.31,3.71,6.38,52
8,3,Wednesday,18,257.73,250.5,119,135.5,4.18,1.98,2.26,52
8,3,Wednesday,19,122.12,75,36,38,1.25,0.6,0.63,51
8,3,Wednesday,20,94.88,51,25,27,0.85,0.42,0.45,52
8,3,Wednesday,21,49.33,34,17,16,0.57,0.28,0.27,51
8,3,Wednesday,22,29.22,18,11,10,0.3,0.18,0.17,51
8,3,Wednesday,23,20.11,10,5,4,0.17,0.08,0.07,47
8,4,Thursday,0,14.82,4,2,1,0.07,0.03,0.02,44
8,4,Thursday,1,6.3,2,1,1,0.03,0.02,0.02,30
8,4,Thursday,2,3.09,2,1,1,0.03,0.02,0.02,23
8,4,Thursday,3,1.37,1,1,0,0.02,0.02,0,19
8,4,Thursday,4,1.6,1,1,0,0.02,0.02,0,30
8,4,Thursday,5,11.87,10,5,4,0.17,0.08,0.07,47
8,4,Thursday,6,84.6,97,45,49,1.62,0.75,0.82,50
8,4,Thursday,7,266.54,281,162,119,4.68,2.7,1.98,52
8,4,Thursday,8,420.52,442,273.5,170.5,7.37,4.56,2.84,52
8,4,Thursday,9,325.98,337.5,209.5,130.5,5.62,3.49,2.17,52
8,4,Thursday,10,280.98,282,125.5,153.5,4.7,2.09,2.56,52
8,4,Thursday,11,319.48,321.5,119,202.5,5.36,1.98,3.38,52
8,4,Thursday,12,638.37,660.5,227.5,433,11.01,3.79,7.22,52
8,4,Thursday,13,546.08,563,263,303,9.38,4.38,5.05,52
8,4,Thursday,14,394.96,401,157.5,241.5,6.68,2.62,4.03,52
8,4,Thursday,15,406.46,412,150.5,260,6.87,2.51,4.33,52
8,4,Thursday,16,498.56,516,181.5,342,8.6,3.02,5.7,52
8,4,Thursday,17,565.58,628.5,237,384,10.47,3.95,6.4,52
8,4,Thursday,18,265,311.5,143.5,158,5.19,2.39,2.63,52
8,4,Thursday,19,135.88,96,46.5,51,1.6,0.78,0.85,52
8,4,Thursday,20,87.71,57,26,33,0.95,0.43,0.55,51
8,4,Thursday,21,44.22,42,19,22,0.7,0.32,0.37,51
8,4,Thursday,22,31.5,28.5,11,15,0.48,0.18,0.25,50
8,4,Thursday,23,13.74,11,6,5,0.18,0.1,0.08,46
8,5,Friday,0,4.44,4,2,2,0.07,0.03,0.03,45
8,5,Friday,1,2.66,2,1,1,0.03,0.02,0.02,35
8,5,Friday,2,2.24,1,1,1,0.02,0.02,0.02,25
8,5,Friday,3,1.91,1.5,1,1,0.03,0.02,0.02,22
8,5,Friday,4,1.46,1,1,0,0.02,0.02,0,24
8,5,Friday,5,9.09,8,4,3,0.13,0.07,0.05,46
8,5,Friday,6,70.55,80,32,44,1.33,0.53,0.73,51
8,5,Friday,7,201.36,215,111,100,3.58,1.85,1.67,53
8,5,Friday,8,328.04,354,193,151,5.9,3.22,2.52,53
8,5,Friday,9,301.57,305,162,139,5.08,2.7,2.32,53
8,5,Friday,10,300.32,293,112,172,4.88,1.87,2.87,53
8,5,Friday,11,352.64,344,126,215,5.73,2.1,3.58,53
8,5,Friday,12,540.38,551,196,355,9.18,3.27,5.92,53
8,5,Friday,13,493.64,500,218,274,8.33,3.63,4.57,53
8,5,Friday,14,426.62,421,163,251,7.02,2.72,4.18,53
8,5,Friday,15,458.23,452,170,285,7.53,2.83,4.75,53
8,5,Friday,16,525.74,516,191,323,8.6,3.18,5.38,53
8,5,Friday,17,512.23,542,207,319,9.03,3.45,5.32,53
8,5,Friday,18,292.12,318,135,174.5,5.3,2.25,2.91,52
8,5,Friday,19,203.77,167,88.5,78.5,2.78,1.48,1.31,52
8,5,Friday,20,131.87,96.5,58.5,31.5,1.61,0.98,0.52,52
8,5,Friday,21,65.52,54.5,35.5,19,0.91,0.59,0.32,52
8,5,Friday,22,38.5,35,16,16,0.58,0.27,0.27,52
8,5,Friday,23,28.41,18,8,8,0.3,0.13,0.13,51
8,6,Saturday,0,8.98,8,3.5,4,0.13,0.06,0.07,46
8,6,Saturday,1,3.8,3,2,1,0.05,0.03,0.02,40
8,6,Saturday,2,2.13,2,1,0.5,0.03,0.02,0.01,38
8,6,Saturday,3,1.85,1,1,1,0.02,0.02,0.02,27
8,6,Saturday,4,2.1,1,1,1,0.02,0.02,0.02,21
8,6,Saturday,5,3.41,2,1,1,0.03,0.02,0.02,41
8,6,Saturday,6,27.62,27,8.5,18,0.45,0.14,0.3,50
8,6,Saturday,7,110.27,108,39,68.5,1.8,0.65,1.14,52
8,6,Saturday,8,188.63,188,75,113.5,3.13,1.25,1.89,52
8,6,Saturday,9,282.19,289.5,96,189.5,4.82,1.6,3.16,52
8,6,Saturday,10,352.88,370,126,238,6.17,2.1,3.97,52
8,6,Saturday,11,409.87,418,153.5,257.5,6.97,2.56,4.29,52
8,6,Saturday,12,432.98,434.5,171.5,257.5,7.24,2.86,4.29,52
8,6,Saturday,13,454.87,461,171,279,7.68,2.85,4.65,52
8,6,Saturday,14,498.19,512,187,311.5,8.53,3.12,5.19,52
8,6,Saturday,15,507.63,503.5,209,289,8.39,3.48,4.82,52
8,6,Saturday,16,480.65,489.5,209,270,8.16,3.48,4.5,52
8,6,Saturday,17,379.31,381,230.5,160,6.35,3.84,2.67,52
8,6,Saturday,18,257.58,278,176.5,93,4.63,2.94,1.55,52
8,6,Saturday,19,152.02,107,60,59,1.78,1,0.98,51
8,6,Saturday,20,87.4,59,28,28.5,0.98,0.47,0.48,52
8,6,Saturday,21,44.18,43,23,20,0.72,0.38,0.33,51
8,6,Saturday,22,42.5,34,15,16.5,0.57,0.25,0.28,50
8,6,Saturday,23,36.18,26,11,10,0.43,0.18,0.17,49
8,7,Sunday,0,10.23,10,5,3.5,0.17,0.08,0.06,48
8,7,Sunday,1,4.76,5,2,1,0.08,0.03,0.02,41
8,7,Sunday,2,3.09,2,1,1,0.03,0.02,0.02,33
8,7,Sunday,3,2.58,2,1,1,0.03,0.02,0.02,31
8,7,Sunday,4,1.84,2,1,1,0.03,0.02,0.02,25
8,7,Sunday,5,3.38,2,1,2,0.03,0.02,0.03,32
8,7,Sunday,6,25.24,28,8,16,0.47,0.13,0.27,49
8,7,Sunday,7,215.35,87,31,54,1.45,0.52,0.9,52
8,7,Sunday,8,267.85,170.5,64.5,101.5,2.84,1.07,1.69,52
8,7,Sunday,9,275.48,259,94.5,170,4.32,1.57,2.83,52
8,7,Sunday,10,374.9,355,121,246,5.92,2.02,4.1,52
8,7,Sunday,11,415.35,405,151,254,6.75,2.52,4.23,52
8,7,Sunday,12,431.27,429.5,163.5,259.5,7.16,2.72,4.32,52
8,7,Sunday,13,438.17,438.5,163,265,7.31,2.72,4.42,52
8,7,Sunday,14,466.17,470.5,183.5,267.5,7.84,3.06,4.46,52
8,7,Sunday,15,452.46,444.5,183,259,7.41,3.05,4.32,52
8,7,Sunday,16,439.27,442.5,200.5,244.5,7.38,3.34,4.08,52
8,7,Sunday,17,334.79,356,204,141,5.93,3.4,2.35,52
8,7,Sunday,18,201.73,222.5,134.5,74.5,3.71,2.24,1.24,52
8,7,Sunday,19,100.77,68.5,31.5,36,1.14,0.52,0.6,52
8,7,Sunday,20,68.18,38,21,17,0.63,0.35,0.28,51
8,7,Sunday,21,33.35,25,13,11,0.42,0.22,0.18,51
8,7,Sunday,22,16.37,11,5.5,5.5,0.18,0.09,0.09,52
8,7,Sunday,23,9.51,7,3,2,0.12,0.05,0.03,51
9,1,Monday,0,17.52,15,5,10,0.25,0.08,0.17,52
9,1,Monday,1,8.83,7.5,2,5,0.12,0.03,0.08,52
9,1,Monday,2,6.56,5,2,3,0.08,0.03,0.05,52
9,1,Monday,3,5.08,4,2,2,0.07,0.03,0.03,50
9,1,Monday,4,7.37,7,5,2,0.12,0.08,0.03,52
9,1,Monday,5,45.71,48,12.5,33,0.8,0.21,0.55,52
9,1,Monday,6,267.5,283,25,256,4.72,0.42,4.27,52
9,1,Monday,7,935.5,1049,53,1000.5,17.48,0.88,16.68,52
9,1,Monday,8,2230.69,2510.5,83,2428,41.84,1.38,40.47,52
9,1,Monday,9,1353.42,1526.5,129,1382,25.44,2.15,23.03,52
9,1,Monday,10,487.69,529.5,130.5,393,8.82,2.17,6.55,52
9,1,Monday,11,484.33,498,230,268.5,8.3,3.83,4.47,52
9,1,Monday,12,1004.75,1079.5,537.5,539.5,17.99,8.96,8.99,52
9,1,Monday,13,725.88,754,378,369,12.57,6.3,6.15,52
9,1,Monday,14,601.06,642.5,438.5,213,10.71,7.31,3.55,52
9,1,Monday,15,853.58,916.5,770,140.5,15.28,12.83,2.34,52
9,1,Monday,16,1843.4,2013,1913.5,117.5,33.55,31.89,1.96,52
9,1,Monday,17,2141.9,2403,2259,126.5,40.05,37.65,2.11,52
9,1,Monday,18,639.81,688.5,606,86.5,11.47,10.1,1.44,52
9,1,Monday,19,195.21,204,142.5,61.5,3.4,2.38,1.02,52
9,1,Monday,20,119.19,119.5,72,45,1.99,1.2,0.75,52
9,1,Monday,21,79.17,75,42.5,34,1.25,0.71,0.57,52
9,1,Monday,22,65.71,63.5,40,24,1.06,0.67,0.4,52
9,1,Monday,23,30.4,30,18.5,11,0.5,0.31,0.18,52
9,2,Tuesday,0,13.48,12.5,6,6,0.21,0.1,0.1,52
9,2,Tuesday,1,7.6,7.5,2,5,0.12,0.03,0.08,52
9,2,Tuesday,2,5.33,5,2,3,0.08,0.03,0.05,51
9,2,Tuesday,3,4.19,4,2,2,0.07,0.03,0.03,52
9,2,Tuesday,4,6.1,6,4,1,0.1,0.07,0.02,52
9,2,Tuesday,5,57.06,59,16.5,40.5,0.98,0.28,0.68,52
9,2,Tuesday,6,339.12,354,28,327.5,5.9,0.47,5.46,52
9,2,Tuesday,7,1200.35,1272,61,1214,21.2,1.02,20.23,52
9,2,Tuesday,8,3110.63,3387,115.5,3278.5,56.45,1.93,54.64,52
9,2,Tuesday,9,1955.29,2099.5,168.5,1916,34.99,2.81,31.93,52
9,2,Tuesday,10,674.73,707.5,168,531.5,11.79,2.8,8.86,52
9,2,Tuesday,11,612.33,622,286,331.5,10.37,4.77,5.53,52
9,2,Tuesday,12,1242.56,1297,684,617.5,21.62,11.4,10.29,52
9,2,Tuesday,13,939.02,1000.5,474.5,506.5,16.68,7.91,8.44,52
9,2,Tuesday,14,750.19,789.5,522.5,243.5,13.16,8.71,4.06,52
9,2,Tuesday,15,1107.73,1157,991.5,167,19.28,16.52,2.78,52
9,2,Tuesday,16,2474.56,2590.5,2463,136.5,43.17,41.05,2.28,52
9,2,Tuesday,17,2838.81,3096.5,2939.5,152.5,51.61,48.99,2.54,52
9,2,Tuesday,18,874.88,924,823,100.5,15.4,13.72,1.68,52
9,2,Tuesday,19,282.42,281,200,69.5,4.68,3.33,1.16,52
9,2,Tuesday,20,152.88,154,95.5,53,2.57,1.59,0.88,52
9,2,Tuesday,21,93.44,92.5,50,39.5,1.54,0.83,0.66,52
9,2,Tuesday,22,81.44,79,45,32,1.32,0.75,0.53,52
9,2,Tuesday,23,71.56,35,21,13,0.58,0.35,0.22,52
9,3,Wednesday,0,16,13.5,6,7,0.22,0.1,0.12,52
9,3,Wednesday,1,9.37,9.5,4,5,0.16,0.07,0.08,52
9,3,Wednesday,2,5.45,5,2,3,0.08,0.03,0.05,51
9,3,Wednesday,3,3.5,3,1,1,0.05,0.02,0.02,48
9,3,Wednesday,4,6.24,6,4,1,0.1,0.07,0.02,50
9,3,Wednesday,5,54.83,57,15,41.5,0.95,0.25,0.69,52
9,3,Wednesday,6,345.42,361,29,335,6.02,0.48,5.58,52
9,3,Wednesday,7,1191.96,1253,60,1198.5,20.88,1,19.98,52
9,3,Wednesday,8,3056.02,3279,117.5,3162,54.65,1.96,52.7,52
9,3,Wednesday,9,1797,1893.5,155.5,1739.5,31.56,2.59,28.99,52
9,3,Wednesday,10,665.04,681.5,182.5,492,11.36,3.04,8.2,52
9,3,Wednesday,11,567.04,580.5,278.5,299.5,9.68,4.64,4.99,52
9,3,Wednesday,12,1246.6,1261.5,705,577,21.02,11.75,9.62,52
9,3,Wednesday,13,942.54,979.5,484,498,16.32,8.07,8.3,52
9,3,Wednesday,14,722.15,747,511.5,243.5,12.45,8.53,4.06,52
9,3,Wednesday,15,1083.65,1117,950.5,159.5,18.62,15.84,2.66,52
9,3,Wednesday,16,2354.04,2449,2312,133,40.82,38.53,2.22,52
9,3,Wednesday,17,2654.58,2769.5,2627,156,46.16,43.78,2.6,52
9,3,Wednesday,18,832.25,858,742,108.5,14.3,12.37,1.81,52
9,3,Wednesday,19,284.65,270,195.5,71,4.5,3.26,1.18,52
9,3,Wednesday,20,187.31,150,97,56.5,2.5,1.62,0.94,52
9,3,Wednesday,21,150.02,102,54.5,43,1.7,0.91,0.72,52
9,3,Wednesday,22,136.08,84.5,48.5,35,1.41,0.81,0.58,52
9,3,Wednesday,23,91.48,38,21,16,0.63,0.35,0.27,52
9,4,Thursday,0,97.33,16,6,9,0.27,0.1,0.15,52
9,4,Thursday,1,23.44,7.5,2,4,0.12,0.03,0.07,52
9,4,Thursday,2,8.92,5,3,2.5,0.08,0.05,0.04,48
9,4,Thursday,3,4.16,3,1,2,0.05,0.02,0.03,50
9,4,Thursday,4,5.55,5,3,1,0.08,0.05,0.02,51
9,4,Thursday,5,54.85,56,15,39.5,0.93,0.25,0.66,52
9,4,Thursday,6,309.31,324.5,30,295.5,5.41,0.5,4.92,52
9,4,Thursday,7,1094.44,1172,59.5,1102,19.53,0.99,18.37,52
9,4,Thursday,8,3059.17,3267.5,124.5,3104.5,54.46,2.08,51.74,52
9,4,Thursday,9,1916.31,2011.5,148,1855,33.52,2.47,30.92,52
9,4,Thursday,10,725.65,734,184,534,12.23,3.07,8.9,52
9,4,Thursday,11,640.67,637.5,295.5,348.5,10.62,4.92,5.81,52
9,4,Thursday,12,1294.27,1356,708.5,639,22.6,11.81,10.65,52
9,4,Thursday,13,1002.98,1014,504.5,501.5,16.9,8.41,8.36,52
9,4,Thursday,14,798.6,817,536.5,258,13.62,8.94,4.3,52
9,4,Thursday,15,1041.33,1092,914,180.5,18.2,15.23,3.01,52
9,4,Thursday,16,2236.69,2337.5,2193,153.5,38.96,36.55,2.56,52
9,4,Thursday,17,2635.02,2801.5,2622.5,179,46.69,43.71,2.98,52
9,4,Thursday,18,914.83,918.5,794.5,125.5,15.31,13.24,2.09,52
9,4,Thursday,19,320.5,321,236,80,5.35,3.93,1.33,52
9,4,Thursday,20,178.96,172.5,114,59.5,2.88,1.9,0.99,52
9,4,Thursday,21,121.12,119,67,49.5,1.98,1.12,0.82,52
9,4,Thursday,22,126.21,100,58.5,42.5,1.67,0.98,0.71,52
9,4,Thursday,23,66.37,49.5,26.5,23,0.82,0.44,0.38,52
9,5,Friday,0,21.64,19,9,11,0.32,0.15,0.18,53
9,5,Friday,1,10.87,10,3,6,0.17,0.05,0.1,53
9,5,Friday,2,7.49,7,3,4,0.12,0.05,0.07,53
9,5,Friday,3,6.35,6,2,3,0.1,0.03,0.05,51
9,5,Friday,4,6.45,6,4,2,0.1,0.07,0.03,53
9,5,Friday,5,46.87,48,15,32,0.8,0.25,0.53,53
9,5,Friday,6,230.81,254,25,223,4.23,0.42,3.72,53
9,5,Friday,7,623.89,681,49,626,11.35,0.82,10.43,53
9,5,Friday,8,1618.79,1756,75,1669,29.27,1.25,27.82,53
9,5,Friday,9,1112.45,1190,119,1078,19.83,1.98,17.97,53
9,5,Friday,10,495.47,523,147,375,8.72,2.45,6.25,53
9,5,Friday,11,487.55,489,229,251,8.15,3.82,4.18,53
9,5,Friday,12,943.19,998,516,471,16.63,8.6,7.85,53
9,5,Friday,13,714.85,735,363,374,12.25,6.05,6.23,53
9,5,Friday,14,622.87,637,420,210,10.62,7,3.5,53
9,5,Friday,15,824.43,846,691,152,14.1,11.52,2.53,53
9,5,Friday,16,1302.42,1349,1219,140,22.48,20.32,2.33,53
9,5,Friday,17,1252.19,1310,1145,157,21.83,19.08,2.62,53
9,5,Friday,18,527.25,523,370,120,8.72,6.17,2,53
9,5,Friday,19,269.02,224,139,81,3.73,2.32,1.35,53
9,5,Friday,20,157.7,141,76,57,2.35,1.27,0.95,53
9,5,Friday,21,126.98,114,62,50,1.9,1.03,0.83,53
9,5,Friday,22,165.58,112,62,45,1.87,1.03,0.75,53
9,5,Friday,23,192.36,67,33,31,1.12,0.55,0.52,53
9,6,Saturday,0,31.37,29,12,17.5,0.48,0.2,0.29,52
9,6,Saturday,1,20.21,18.5,7.5,11,0.31,0.12,0.18,52
9,6,Saturday,2,14.54,13,3,10.5,0.22,0.05,0.17,52
9,6,Saturday,3,10.79,10.5,3,7,0.17,0.05,0.12,52
9,6,Saturday,4,7.5,7,2,4,0.12,0.03,0.07,52
9,6,Saturday,5,16.4,16,10,5.5,0.27,0.17,0.09,52
9,6,Saturday,6,31.6,32,14,16,0.53,0.23,0.27,52
9,6,Saturday,7,59.31,56.5,25,31.5,0.94,0.42,0.52,52
9,6,Saturday,8,75.29,71,30.5,40,1.18,0.51,0.67,52
9,6,Saturday,9,107.5,102,46,59,1.7,0.77,0.98,52
9,6,Saturday,10,141.67,141.5,58,82,2.36,0.97,1.37,52
9,6,Saturday,11,162.73,158,65,86.5,2.63,1.08,1.44,52
9,6,Saturday,12,191.75,184.5,73,107,3.08,1.22,1.78,52
9,6,Saturday,13,173.9,167.5,69,96.5,2.79,1.15,1.61,52
9,6,Saturday,14,169.75,171,77,91.5,2.85,1.28,1.52,52
9,6,Saturday,15,194.02,178.5,81.5,96,2.98,1.36,1.6,52
9,6,Saturday,16,214.37,189,94.5,89.5,3.15,1.57,1.49,52
9,6,Saturday,17,210.44,182,84.5,82,3.03,1.41,1.37,52
9,6,Saturday,18,222.46,160,79,83,2.67,1.32,1.38,52
9,6,Saturday,19,207.63,145.5,59.5,74.5,2.42,0.99,1.24,52
9,6,Saturday,20,123.46,99.5,45.5,53.5,1.66,0.76,0.89,52
9,6,Saturday,21,105.87,86,39.5,46,1.43,0.66,0.77,52
9,6,Saturday,22,169.35,90.5,36.5,46,1.51,0.61,0.77,52
9,6,Saturday,23,192.12,59.5,24.5,32,0.99,0.41,0.53,52
9,7,Sunday,0,34.23,34.5,13,19,0.58,0.22,0.32,52
9,7,Sunday,1,19.58,18.5,6,11.5,0.31,0.1,0.19,52
9,7,Sunday,2,17.06,15,4,11,0.25,0.07,0.18,51
9,7,Sunday,3,12.5,12,3,9,0.2,0.05,0.15,52
9,7,Sunday,4,10.71,9,3.5,5.5,0.15,0.06,0.09,52
9,7,Sunday,5,12.73,11,6,5,0.18,0.1,0.08,52
9,7,Sunday,6,37.83,25,14.5,12,0.42,0.24,0.2,52
9,7,Sunday,7,70.62,46.5,27,18,0.78,0.45,0.3,52
9,7,Sunday,8,88.44,56.5,29.5,26,0.94,0.49,0.43,52
9,7,Sunday,9,145.65,104.5,51.5,52,1.74,0.86,0.87,52
9,7,Sunday,10,164.69,117,54,66.5,1.95,0.9,1.11,52
9,7,Sunday,11,166.33,130,55,70.5,2.17,0.92,1.18,52
9,7,Sunday,12,164,143,57,82,2.38,0.95,1.37,52
9,7,Sunday,13,168.77,148,56.5,91.5,2.47,0.94,1.52,52
9,7,Sunday,14,183.48,153,65,79,2.55,1.08,1.32,52
9,7,Sunday,15,151.85,138,66.5,67.5,2.3,1.11,1.12,52
9,7,Sunday,16,159.77,140,75.5,66.5,2.33,1.26,1.11,52
9,7,Sunday,17,149.54,123,68,57.5,2.05,1.13,0.96,52
9,7,Sunday,18,165.31,124,69.5,56.5,2.07,1.16,0.94,52
9,7,Sunday,19,125.58,97,48.5,47,1.62,0.81,0.78,52
9,7,Sunday,20,98.02,74,34.5,41,1.23,0.58,0.68,52
9,7,Sunday,21,77,61.5,26,36,1.02,0.43,0.6,52
9,7,Sunday,22,58.65,43.5,20,25,0.72,0.33,0.42,52
9,7,Sunday,23,30.21,24,9,15,0.4,0.15,0.25,52
10,1,Monday,0,6.33,5,2,2,0.08,0.03,0.03,51
10,1,Monday,1,3.77,3,1,1,0.05,0.02,0.02,35
10,1,Monday,2,2.67,2,1,1,0.03,0.02,0.02,36
10,1,Monday,3,2.14,2,1,1,0.03,0.02,0.02,36
10,1,Monday,4,3.24,2,1,1,0.03,0.02,0.02,51
10,1,Monday,5,8.81,9,3,5,0.15,0.05,0.08,52
10,1,Monday,6,33.12,33.5,7.5,25,0.56,0.12,0.42,52
10,1,Monday,7,92.46,98.5,24.5,72,1.64,0.41,1.2,52
10,1,Monday,8,164.48,183.5,47.5,133.5,3.06,0.79,2.22,52
10,1,Monday,9,131.23,139,56,82.5,2.32,0.93,1.38,52
10,1,Monday,10,107.46,108.5,61,48.5,1.81,1.02,0.81,52
10,1,Monday,11,133.54,133.5,78,55,2.22,1.3,0.92,52
10,1,Monday,12,250.5,266,147,121,4.43,2.45,2.02,52
10,1,Monday,13,180.21,195,110.5,83.5,3.25,1.84,1.39,52
10,1,Monday,14,127.56,131,83,47,2.18,1.38,0.78,52
10,1,Monday,15,137.54,145.5,110,37,2.42,1.83,0.62,52
10,1,Monday,16,192.62,209,164,44,3.48,2.73,0.73,52
10,1,Monday,17,188.33,201,147,50.5,3.35,2.45,0.84,52
10,1,Monday,18,118.4,120,72.5,46.5,2,1.21,0.78,52
10,1,Monday,19,81,77,42,36,1.28,0.7,0.6,52
10,1,Monday,20,66.44,62,34.5,29.5,1.03,0.58,0.49,52
10,1,Monday,21,41.52,39,20.5,17.5,0.65,0.34,0.29,52
10,1,Monday,22,20.85,19,9,9,0.32,0.15,0.15,52
10,1,Monday,23,9.17,9,4,3,0.15,0.07,0.05,52
10,2,Tuesday,0,5.8,4,2,3,0.07,0.03,0.05,51
10,2,Tuesday,1,3.21,2,1,1,0.03,0.02,0.02,42
10,2,Tuesday,2,2.62,2,1,2,0.03,0.02,0.03,39
10,2,Tuesday,3,2.26,2,1,1,0.03,0.02,0.02,39
10,2,Tuesday,4,1.93,2,1,0,0.03,0.02,0,43
10,2,Tuesday,5,7.49,7,2,5,0.12,0.03,0.08,51
10,2,Tuesday,6,43.81,45.5,7.5,38,0.76,0.12,0.63,52
10,2,Tuesday,7,130.21,135,31,102,2.25,0.52,1.7,52
10,2,Tuesday,8,217.17,227.5,52.5,172,3.79,0.88,2.87,52
10,2,Tuesday,9,170.71,175,65.5,110,2.92,1.09,1.83,52
10,2,Tuesday,10,116.12,113,62,53,1.88,1.03,0.88,52
10,2,Tuesday,11,145.04,144,85,60,2.4,1.42,1,52
10,2,Tuesday,12,303.06,318.5,178.5,136,5.31,2.98,2.27,52
10,2,Tuesday,13,214.29,214,121.5,94,3.57,2.02,1.57,52
10,2,Tuesday,14,142.33,143.5,97,48,2.39,1.62,0.8,52
10,2,Tuesday,15,189.88,194.5,153.5,40.5,3.24,2.56,0.68,52
10,2,Tuesday,16,263.44,271,224,44.5,4.52,3.73,0.74,52
10,2,Tuesday,17,255.48,267,206,61.5,4.45,3.43,1.02,52
10,2,Tuesday,18,140.94,140.5,90.5,48.5,2.34,1.51,0.81,52
10,2,Tuesday,19,96.23,92,51.5,42.5,1.53,0.86,0.71,52
10,2,Tuesday,20,71.21,69.5,34,33.5,1.16,0.57,0.56,52
10,2,Tuesday,21,43.71,43,21.5,19.5,0.72,0.36,0.32,52
10,2,Tuesday,22,24.23,19,11,8,0.32,0.18,0.13,52
10,2,Tuesday,23,24.77,11,5,5,0.18,0.08,0.08,52
10,3,Wednesday,0,5.25,4,2,2,0.07,0.03,0.03,52
10,3,Wednesday,1,3.47,2,1,1,0.03,0.02,0.02,38
10,3,Wednesday,2,2.68,2,1,1,0.03,0.02,0.02,31
10,3,Wednesday,3,2.58,2,1,1,0.03,0.02,0.02,40
10,3,Wednesday,4,2.47,2,1,0,0.03,0.02,0,49
10,3,Wednesday,5,8.19,8,2,5.5,0.13,0.03,0.09,52
10,3,Wednesday,6,44.71,46,9,37.5,0.77,0.15,0.62,52
10,3,Wednesday,7,124.75,127.5,32,95.5,2.12,0.53,1.59,52
10,3,Wednesday,8,217.88,229.5,58.5,168,3.83,0.98,2.8,52
10,3,Wednesday,9,165.71,171,67,105,2.85,1.12,1.75,52
10,3,Wednesday,10,109.71,109,60,50,1.82,1,0.83,52
10,3,Wednesday,11,152.67,150,89,60.5,2.5,1.48,1.01,52
10,3,Wednesday,12,323.21,326,178.5,146.5,5.43,2.98,2.44,52
10,3,Wednesday,13,225.81,218,117.5,101,3.63,1.96,1.68,52
10,3,Wednesday,14,148.06,142.5,91.5,50.5,2.38,1.52,0.84,52
10,3,Wednesday,15,174.4,179,136,40.5,2.98,2.27,0.68,52
10,3,Wednesday,16,258.37,262.5,208,52,4.38,3.47,0.87,52
10,3,Wednesday,17,264.37,257,194,61,4.28,3.23,1.02,52
10,3,Wednesday,18,152.06,144,89,56,2.4,1.48,0.93,52
10,3,Wednesday,19,100.94,82.5,47.5,37.5,1.38,0.79,0.62,52
10,3,Wednesday,20,87.12,70,36,33.5,1.17,0.6,0.56,52
10,3,Wednesday,21,91.21,44.5,21.5,23,0.74,0.36,0.38,52
10,3,Wednesday,22,55.46,23.5,12,9,0.39,0.2,0.15,52
10,3,Wednesday,23,45.35,12.5,7,5,0.21,0.12,0.08,52
10,4,Thursday,0,68.24,5,2,3,0.08,0.03,0.05,51
10,4,Thursday,1,22.52,2.5,2,1,0.04,0.03,0.02,40
10,4,Thursday,2,4.63,2,1,1.5,0.03,0.02,0.03,38
10,4,Thursday,3,2.55,2,1,1,0.03,0.02,0.02,38
10,4,Thursday,4,2.58,2,2,1,0.03,0.03,0.02,40
10,4,Thursday,5,8.58,9,3,5,0.15,0.05,0.08,52
10,4,Thursday,6,38.31,40.5,8,29.5,0.68,0.13,0.49,52
10,4,Thursday,7,110.69,113,30,83,1.88,0.5,1.38,52
10,4,Thursday,8,201.19,209.5,55.5,150,3.49,0.92,2.5,52
10,4,Thursday,9,147.85,150.5,52,98.5,2.51,0.87,1.64,52
10,4,Thursday,10,102.13,107.5,53.5,49,1.79,0.89,0.82,52
10,4,Thursday,11,136.52,137.5,78,54,2.29,1.3,0.9,52
10,4,Thursday,12,315.63,321,178,143,5.35,2.97,2.38,52
10,4,Thursday,13,223.69,231.5,125,100.5,3.86,2.08,1.68,52
10,4,Thursday,14,137.33,140.5,87.5,52,2.34,1.46,0.87,52
10,4,Thursday,15,165.37,168,118.5,42.5,2.8,1.98,0.71,52
10,4,Thursday,16,231.65,242,191.5,50,4.03,3.19,0.83,52
10,4,Thursday,17,243.63,247,190,61.5,4.12,3.17,1.02,52
10,4,Thursday,18,159.23,154,93,58.5,2.57,1.55,0.98,52
10,4,Thursday,19,111.88,104.5,61,45,1.74,1.02,0.75,52
10,4,Thursday,20,78.21,76,37.5,35,1.27,0.62,0.58,52
10,4,Thursday,21,61.04,58,30,27,0.97,0.5,0.45,52
10,4,Thursday,22,55.73,34,24,11,0.57,0.4,0.18,52
10,4,Thursday,23,23.85,16.5,9,6,0.28,0.15,0.1,52
10,5,Friday,0,7.96,7,2.5,4,0.12,0.04,0.07,52
10,5,Friday,1,4.05,4,2,2,0.07,0.03,0.03,42
10,5,Friday,2,3.26,2,1,1,0.03,0.02,0.02,39
10,5,Friday,3,2.98,2.5,1,1,0.04,0.02,0.02,48
10,5,Friday,4,2.76,2,1,1,0.03,0.02,0.02,46
10,5,Friday,5,8.88,9,3,5,0.15,0.05,0.08,52
10,5,Friday,6,33.81,35,9,27,0.58,0.15,0.45,53
10,5,Friday,7,79.3,82,23,56,1.37,0.38,0.93,53
10,5,Friday,8,148.17,156,45,109,2.6,0.75,1.82,53
10,5,Friday,9,135.94,137,60,79,2.28,1,1.32,53
10,5,Friday,10,106.51,106,57,51,1.77,0.95,0.85,53
10,5,Friday,11,130.58,135,81,53,2.25,1.35,0.88,53
10,5,Friday,12,227.66,236,135,99,3.93,2.25,1.65,53
10,5,Friday,13,183.06,188,98,90,3.13,1.63,1.5,53
10,5,Friday,14,144.15,148,96,51,2.47,1.6,0.85,53
10,5,Friday,15,146.58,150,103,47,2.5,1.72,0.78,53
10,5,Friday,16,187.42,187,132,49,3.12,2.2,0.82,53
10,5,Friday,17,214.62,201,143,59,3.35,2.38,0.98,53
10,5,Friday,18,180.32,151,93,60,2.52,1.55,1,53
10,5,Friday,19,137.38,112,60,54,1.87,1,0.9,53
10,5,Friday,20,106.11,92,48,45,1.53,0.8,0.75,53
10,5,Friday,21,71.92,64,33,30,1.07,0.55,0.5,53
10,5,Friday,22,89.13,44,26,19,0.73,0.43,0.32,53
10,5,Friday,23,80.13,28,16,9,0.47,0.27,0.15,53
10,6,Saturday,0,15.23,11.5,6,5,0.19,0.1,0.08,52
10,6,Saturday,1,7.06,5,2,3,0.08,0.03,0.05,52
10,6,Saturday,2,5.98,4,1,2,0.07,0.02,0.03,45
10,6,Saturday,3,4.91,3,1.5,1,0.05,0.03,0.02,46
10,6,Saturday,4,4.26,3,1,2,0.05,0.02,0.03,46
10,6,Saturday,5,4.27,3.5,2,2,0.06,0.03,0.03,52
10,6,Saturday,6,7.65,7,3,3,0.12,0.05,0.05,51
10,6,Saturday,7,20.19,20.5,11,9,0.34,0.18,0.15,52
10,6,Saturday,8,40.94,38.5,20,17.5,0.64,0.33,0.29,52
10,6,Saturday,9,61.06,62,27.5,29.5,1.03,0.46,0.49,52
10,6,Saturday,10,85.44,84.5,43,39.5,1.41,0.72,0.66,52
10,6,Saturday,11,100.6,99,55,42,1.65,0.92,0.7,52
10,6,Saturday,12,111.67,108.5,63.5,43.5,1.81,1.06,0.72,52
10,6,Saturday,13,110.75,105.5,60.5,46.5,1.76,1.01,0.78,52
10,6,Saturday,14,111.54,109,63,45,1.82,1.05,0.75,52
10,6,Saturday,15,112.87,102,57.5,47,1.7,0.96,0.78,52
10,6,Saturday,16,129.71,107,66,44,1.78,1.1,0.73,52
10,6,Saturday,17,169.19,116,66.5,51.5,1.93,1.11,0.86,52
10,6,Saturday,18,193.33,147,89.5,62,2.45,1.49,1.03,52
10,6,Saturday,19,165.98,128.5,67.5,59.5,2.14,1.12,0.99,52
10,6,Saturday,20,118.56,89,47.5,46.5,1.48,0.79,0.78,52
10,6,Saturday,21,96.35,70,39,29.5,1.17,0.65,0.49,52
10,6,Saturday,22,138.67,63.5,45,17,1.06,0.75,0.28,52
10,6,Saturday,23,129.62,41.5,27,12,0.69,0.45,0.2,52
10,7,Sunday,0,17.79,15,8.5,6,0.25,0.14,0.1,52
10,7,Sunday,1,8.45,7,3,4,0.12,0.05,0.07,51
10,7,Sunday,2,7.71,6,2,3,0.1,0.03,0.05,45
10,7,Sunday,3,7.69,5,2,2,0.08,0.03,0.03,51
10,7,Sunday,4,6.02,4,1,2,0.07,0.02,0.03,43
10,7,Sunday,5,4.98,3,1,2,0.05,0.02,0.03,51
10,7,Sunday,6,11.52,7,4,3,0.12,0.07,0.05,52
10,7,Sunday,7,26.69,14.5,8,6,0.24,0.13,0.1,52
10,7,Sunday,8,42.48,28.5,15,14.5,0.48,0.25,0.24,52
10,7,Sunday,9,72.81,50,24,27,0.83,0.4,0.45,52
10,7,Sunday,10,99.04,69.5,34,38,1.16,0.57,0.63,52
10,7,Sunday,11,86.19,64.5,39,28,1.07,0.65,0.47,52
10,7,Sunday,12,81.69,70,43,27.5,1.17,0.72,0.46,52
10,7,Sunday,13,83.44,78,44,31,1.3,0.73,0.52,52
10,7,Sunday,14,81.98,73,39.5,32,1.22,0.66,0.53,52
10,7,Sunday,15,76.1,71,39.5,29,1.18,0.66,0.48,52
10,7,Sunday,16,82.38,70,42,28,1.17,0.7,0.47,52
10,7,Sunday,17,93.12,81,49.5,32,1.35,0.82,0.53,52
10,7,Sunday,18,130.29,104,61,44,1.73,1.02,0.73,52
10,7,Sunday,19,105.67,79.5,41.5,39.5,1.32,0.69,0.66,52
10,7,Sunday,20,78.19,57.5,32.5,24.5,0.96,0.54,0.41,52
10,7,Sunday,21,57.62,41.5,22,18,0.69,0.37,0.3,52
10,7,Sunday,22,29.4,16,9,7,0.27,0.15,0.12,52
10,7,Sunday,23,15.92,14,9,3,0.23,0.15,0.05,52
11,1,Monday,0,17.04,12.5,5,6.5,0.21,0.08,0.11,52
11,1,Monday,1,6.89,6,2,3,0.1,0.03,0.05,47
11,1,Monday,2,3.62,3,1,2,0.05,0.02,0.03,40
11,1,Monday,3,2.76,2,1,1,0.03,0.02,0.02,37
11,1,Monday,4,3.24,3,2,1,0.05,0.03,0.02,49
11,1,Monday,5,6.94,7,4,3,0.12,0.07,0.05,49
11,1,Monday,6,36.73,38.5,20.5,17,0.64,0.34,0.28,52
11,1,Monday,7,85.62,86.5,45,39,1.44,0.75,0.65,52
11,1,Monday,8,122.17,127.5,63,63.5,2.12,1.05,1.06,52
11,1,Monday,9,109.52,101.5,50.5,49,1.69,0.84,0.82,52
11,1,Monday,10,109.94,96.5,48.5,50,1.61,0.81,0.83,52
11,1,Monday,11,130.35,123,56.5,65.5,2.05,0.94,1.09,52
11,1,Monday,12,220.96,226.5,111.5,111.5,3.78,1.86,1.86,52
11,1,Monday,13,183.67,187,100,81.5,3.12,1.67,1.36,52
11,1,Monday,14,143.42,135.5,66.5,64,2.26,1.11,1.07,52
11,1,Monday,15,136.23,126.5,62.5,62.5,2.11,1.04,1.04,52
11,1,Monday,16,159.19,152,77.5,76.5,2.53,1.29,1.27,52
11,1,Monday,17,210.48,212,115.5,100,3.53,1.93,1.67,52
11,1,Monday,18,211.48,203.5,105,100,3.39,1.75,1.67,52
11,1,Monday,19,209.52,190,94,91.5,3.17,1.57,1.52,52
11,1,Monday,20,194.9,150,76.5,72,2.5,1.27,1.2,52
11,1,Monday,21,123.23,99,49,49.5,1.65,0.82,0.82,52
11,1,Monday,22,61.4,47.5,23,24,0.79,0.38,0.4,52
11,1,Monday,23,29.37,23.5,11,14,0.39,0.18,0.23,52
11,2,Tuesday,0,14.67,10.5,5,7,0.17,0.08,0.12,52
11,2,Tuesday,1,6.12,5,3,3,0.08,0.05,0.05,49
11,2,Tuesday,2,3.73,3,1,2,0.05,0.02,0.03,41
11,2,Tuesday,3,3.31,2.5,2,1,0.04,0.03,0.02,36
11,2,Tuesday,4,3.75,4,2.5,1,0.07,0.04,0.02,48
11,2,Tuesday,5,8.58,8,5,3,0.13,0.08,0.05,50
11,2,Tuesday,6,44.52,43,24,19.5,0.72,0.4,0.32,52
11,2,Tuesday,7,103.77,111,59.5,45.5,1.85,0.99,0.76,52
11,2,Tuesday,8,130.27,131,66.5,67,2.18,1.11,1.12,52
11,2,Tuesday,9,112.15,111.5,55,59.5,1.86,0.92,0.99,52
11,2,Tuesday,10,102.52,97.5,45.5,52,1.62,0.76,0.87,52
11,2,Tuesday,11,118.13,115.5,54,62.5,1.93,0.9,1.04,52
11,2,Tuesday,12,234.23,245,121.5,125,4.08,2.02,2.08,52
11,2,Tuesday,13,194.17,206,110.5,94,3.43,1.84,1.57,52
11,2,Tuesday,14,132.85,133,64.5,68,2.22,1.07,1.13,52
11,2,Tuesday,15,134.96,133.5,62.5,68.5,2.22,1.04,1.14,52
11,2,Tuesday,16,160.15,171.5,85,80,2.86,1.42,1.33,52
11,2,Tuesday,17,224.35,232,123,109.5,3.87,2.05,1.82,52
11,2,Tuesday,18,211.98,229,117,98.5,3.82,1.95,1.64,52
11,2,Tuesday,19,205.77,200,99,97,3.33,1.65,1.62,52
11,2,Tuesday,20,191.25,163,76,82.5,2.72,1.27,1.38,52
11,2,Tuesday,21,114,96.5,47,50.5,1.61,0.78,0.84,52
11,2,Tuesday,22,63.94,56.5,28.5,28,0.94,0.48,0.47,52
11,2,Tuesday,23,32.46,28.5,13,13.5,0.48,0.22,0.22,52
11,3,Wednesday,0,14.88,13,6,6,0.22,0.1,0.1,51
11,3,Wednesday,1,6.51,6,2,3,0.1,0.03,0.05,47
11,3,Wednesday,2,4.77,4,1,3,0.07,0.02,0.05,44
11,3,Wednesday,3,2.55,2,1,1,0.03,0.02,0.02,33
11,3,Wednesday,4,3.69,3,2,1,0.05,0.03,0.02,45
11,3,Wednesday,5,9.13,9,5,3,0.15,0.08,0.05,52
11,3,Wednesday,6,49.62,53,27,25,0.88,0.45,0.42,52
11,3,Wednesday,7,111.42,114.5,62.5,52.5,1.91,1.04,0.88,52
11,3,Wednesday,8,139.65,141,71,68.5,2.35,1.18,1.14,52
11,3,Wednesday,9,107.73,107.5,55.5,53,1.79,0.92,0.88,52
11,3,Wednesday,10,106.98,110.5,48.5,59.5,1.84,0.81,0.99,52
11,3,Wednesday,11,129.65,129,57.5,72,2.15,0.96,1.2,52
11,3,Wednesday,12,227.56,227,113.5,111.5,3.78,1.89,1.86,52
11,3,Wednesday,13,195.46,195.5,104,86.5,3.26,1.73,1.44,52
11,3,Wednesday,14,136.56,135,66,68.5,2.25,1.1,1.14,52
11,3,Wednesday,15,135.15,129.5,66,63,2.16,1.1,1.05,52
11,3,Wednesday,16,170.67,154.5,84,79.5,2.58,1.4,1.32,52
11,3,Wednesday,17,222.06,211.5,101,107,3.52,1.68,1.78,52
11,3,Wednesday,18,229.6,216.5,106,109,3.61,1.77,1.82,52
11,3,Wednesday,19,254.48,218,100.5,108.5,3.63,1.68,1.81,52
11,3,Wednesday,20,289.33,187.5,91,94,3.12,1.52,1.57,52
11,3,Wednesday,21,210.15,117.5,61.5,63,1.96,1.02,1.05,52
11,3,Wednesday,22,168.88,67,33,32,1.12,0.55,0.53,51
11,3,Wednesday,23,133.96,27,14,12.5,0.45,0.23,0.21,52
11,4,Thursday,0,80.9,12.5,6,6.5,0.21,0.1,0.11,52
11,4,Thursday,1,22.82,6.5,2,4,0.11,0.03,0.07,50
11,4,Thursday,2,8,3,1,2,0.05,0.02,0.03,45
11,4,Thursday,3,3.67,2,1,1,0.03,0.02,0.02,36
11,4,Thursday,4,3.6,3,2,1,0.05,0.03,0.02,48
11,4,Thursday,5,7.84,7,4,3,0.12,0.07,0.05,51
11,4,Thursday,6,45.1,45.5,23,23,0.76,0.38,0.38,52
11,4,Thursday,7,101.6,103,56.5,44.5,1.72,0.94,0.74,52
11,4,Thursday,8,134.92,137.5,69,63.5,2.29,1.15,1.06,52
11,4,Thursday,9,115.67,109.5,60,51.5,1.82,1,0.86,52
11,4,Thursday,10,118.56,107.5,47,58.5,1.79,0.78,0.98,52
11,4,Thursday,11,134.9,124.5,57.5,63.5,2.08,0.96,1.06,52
11,4,Thursday,12,226.27,220.5,108,110.5,3.67,1.8,1.84,52
11,4,Thursday,13,219.73,204,110.5,95.5,3.4,1.84,1.59,52
11,4,Thursday,14,149.63,139,69,68.5,2.32,1.15,1.14,52
11,4,Thursday,15,147.73,139.5,71,67,2.33,1.18,1.12,52
11,4,Thursday,16,180.08,173,89,84.5,2.88,1.48,1.41,52
11,4,Thursday,17,242.5,256,122.5,123,4.27,2.04,2.05,52
11,4,Thursday,18,255.04,257,124,135.5,4.28,2.07,2.26,52
11,4,Thursday,19,223.98,201,100.5,103,3.35,1.68,1.72,52
11,4,Thursday,20,200.81,159.5,89.5,80.5,2.66,1.49,1.34,52
11,4,Thursday,21,138.81,120.5,59.5,62.5,2.01,0.99,1.04,52
11,4,Thursday,22,86.75,73,37.5,35,1.22,0.62,0.58,52
11,4,Thursday,23,39.73,32.5,14,17,0.54,0.23,0.28,52
11,5,Friday,0,17.57,16,9,8,0.27,0.15,0.13,53
11,5,Friday,1,7.38,6,2,4,0.1,0.03,0.07,50
11,5,Friday,2,4.49,3,1,2,0.05,0.02,0.03,43
11,5,Friday,3,3.15,2,1,1,0.03,0.02,0.02,40
11,5,Friday,4,3.46,3,2,1,0.05,0.03,0.02,50
11,5,Friday,5,6.49,6,3,2,0.1,0.05,0.03,51
11,5,Friday,6,41.88,43,22.5,20,0.72,0.38,0.33,52
11,5,Friday,7,96.19,92,49,42,1.53,0.82,0.7,53
11,5,Friday,8,128.09,125,60,65,2.08,1,1.08,53
11,5,Friday,9,122.96,114,60,57,1.9,1,0.95,53
11,5,Friday,10,118.6,109,49,59,1.82,0.82,0.98,53
11,5,Friday,11,144.15,121,59,65,2.02,0.98,1.08,53
11,5,Friday,12,203.11,187,94,89,3.12,1.57,1.48,53
11,5,Friday,13,190.55,173,93,80,2.88,1.55,1.33,53
11,5,Friday,14,165.02,147,75,71,2.45,1.25,1.18,53
11,5,Friday,15,165.94,149,71,77,2.48,1.18,1.28,53
11,5,Friday,16,200.36,180,93,87,3,1.55,1.45,53
11,5,Friday,17,242.23,222,117,108,3.7,1.95,1.8,53
11,5,Friday,18,254.02,249,129,114,4.15,2.15,1.9,53
11,5,Friday,19,249.26,247,117,118,4.12,1.95,1.97,53
11,5,Friday,20,231.53,217,115,108,3.62,1.92,1.8,53
11,5,Friday,21,166.04,132,67,66,2.2,1.12,1.1,53
11,5,Friday,22,119.72,97,50,52,1.62,0.83,0.87,53
11,5,Friday,23,73.45,55,28,30,0.92,0.47,0.5,53
11,6,Saturday,0,29.77,24.5,10,13,0.41,0.17,0.22,52
11,6,Saturday,1,15.47,10,4,6,0.17,0.07,0.1,51
11,6,Saturday,2,6.61,5,2,3,0.08,0.03,0.05,49
11,6,Saturday,3,5,4,2,2,0.07,0.03,0.03,40
11,6,Saturday,4,3.03,2,1,1,0.03,0.02,0.02,39
11,6,Saturday,5,3.93,3,2,1.5,0.05,0.03,0.03,42
11,6,Saturday,6,18.33,16.5,8,7.5,0.28,0.13,0.12,52
11,6,Saturday,7,60.94,61.5,31,28,1.02,0.52,0.47,52
11,6,Saturday,8,111.79,115,57,57.5,1.92,0.95,0.96,52
11,6,Saturday,9,152.1,150,73,74,2.5,1.22,1.23,52
11,6,Saturday,10,195.48,185,92,91.5,3.08,1.53,1.52,52
11,6,Saturday,11,231.69,205.5,101.5,103,3.42,1.69,1.72,52
11,6,Saturday,12,262.33,228.5,113.5,106,3.81,1.89,1.77,52
11,6,Saturday,13,268.21,226,120.5,111.5,3.77,2.01,1.86,52
11,6,Saturday,14,273.6,247,125.5,117,4.12,2.09,1.95,52
11,6,Saturday,15,305.44,266,132.5,132,4.43,2.21,2.2,52
11,6,Saturday,16,329.58,314,154.5,152,5.23,2.58,2.53,52
11,6,Saturday,17,345.12,320.5,181,144,5.34,3.02,2.4,52
11,6,Saturday,18,356.94,336,183.5,153.5,5.6,3.06,2.56,52
11,6,Saturday,19,323.79,324,164,146.5,5.4,2.73,2.44,52
11,6,Saturday,20,287.51,247,119,129,4.12,1.98,2.15,51
11,6,Saturday,21,201.23,184,86,90.5,3.07,1.43,1.51,52
11,6,Saturday,22,151.1,127,47,68,2.12,0.78,1.13,52
11,6,Saturday,23,84.37,66,31,38,1.1,0.52,0.63,52
11,7,Sunday,0,34.88,33.5,16,14.5,0.56,0.27,0.24,52
11,7,Sunday,1,13.06,10,5,6,0.17,0.08,0.1,52
11,7,Sunday,2,8,6,2,3,0.1,0.03,0.05,48
11,7,Sunday,3,5.48,4,1,2.5,0.07,0.02,0.04,44
11,7,Sunday,4,3.41,3,1,1,0.05,0.02,0.02,39
11,7,Sunday,5,4.43,3.5,2,2,0.06,0.03,0.03,46
11,7,Sunday,6,16.44,15,9,6,0.25,0.15,0.1,52
11,7,Sunday,7,64.42,60.5,30.5,29,1.01,0.51,0.48,52
11,7,Sunday,8,122.96,114.5,55.5,54,1.91,0.92,0.9,52
11,7,Sunday,9,170.44,164,77,80.5,2.73,1.28,1.34,52
11,7,Sunday,10,220.56,185.5,86,98.5,3.09,1.43,1.64,52
11,7,Sunday,11,263.92,216.5,106,105.5,3.61,1.77,1.76,52
11,7,Sunday,12,279.13,234.5,117.5,104,3.91,1.96,1.73,52
11,7,Sunday,13,281.15,231.5,121,116,3.86,2.02,1.93,52
11,7,Sunday,14,304.04,255,132,124,4.25,2.2,2.07,52
11,7,Sunday,15,282.02,252,126,127,4.2,2.1,2.12,52
11,7,Sunday,16,282.56,277.5,155.5,129.5,4.62,2.59,2.16,52
11,7,Sunday,17,285.96,272.5,152.5,123.5,4.54,2.54,2.06,52
11,7,Sunday,18,271.6,241.5,119.5,122,4.03,1.99,2.03,52
11,7,Sunday,19,239.15,197,97.5,100.5,3.28,1.62,1.68,52
11,7,Sunday,20,219.08,159.5,83.5,83.5,2.66,1.39,1.39,52
11,7,Sunday,21,141.35,120.5,56.5,60,2.01,0.94,1,52
11,7,Sunday,22,77.42,53.5,25.5,27.5,0.89,0.42,0.46,52
11,7,Sunday,23,36.06,30,14,15,0.5,0.23,0.25,52
12,1,Monday,0,9.47,6,3,3,0.1,0.05,0.05,47
12,1,Monday,1,3.91,3,1,2,0.05,0.02,0.03,44
12,1,Monday,2,3.11,2,1,1,0.03,0.02,0.02,35
12,1,Monday,3,5.11,1,1,1,0.02,0.02,0.02,27
12,1,Monday,4,8.67,1.5,1,0,0.03,0.02,0,30
12,1,Monday,5,9.63,3,2,1,0.05,0.03,0.02,46
12,1,Monday,6,41.65,29.5,17,10.5,0.49,0.28,0.17,52
12,1,Monday,7,133.54,141,80,56,2.35,1.33,0.93,52
12,1,Monday,8,225.53,242,138,103,4.03,2.3,1.72,51
12,1,Monday,9,190.53,193,108,84,3.22,1.8,1.4,51
12,1,Monday,10,182.96,181.5,87.5,91.5,3.02,1.46,1.52,52
12,1,Monday,11,207.19,202.5,100.5,107.5,3.38,1.68,1.79,52
12,1,Monday,12,333.31,329,152,179,5.48,2.53,2.98,52
12,1,Monday,13,294.42,305,164,140.5,5.08,2.73,2.34,52
12,1,Monday,14,240.48,234.5,109,120.5,3.91,1.82,2.01,52
12,1,Monday,15,224.94,217,105.5,113,3.62,1.76,1.88,52
12,1,Monday,16,270.46,280,118.5,158.5,4.67,1.98,2.64,52
12,1,Monday,17,338.37,369,155,214.5,6.15,2.58,3.58,52
12,1,Monday,18,271.13,243.5,105.5,125,4.06,1.76,2.08,52
12,1,Monday,19,255.46,134,62.5,73,2.23,1.04,1.22,52
12,1,Monday,20,193.9,98.5,53,42,1.64,0.88,0.7,52
12,1,Monday,21,83.42,61,35,23,1.02,0.58,0.38,52
12,1,Monday,22,37.73,25.5,14,11,0.42,0.23,0.18,52
12,1,Monday,23,18.12,11,5,6,0.18,0.08,0.1,51
12,2,Tuesday,0,8.09,6,2,3,0.1,0.03,0.05,47
12,2,Tuesday,1,4.41,3,1,1,0.05,0.02,0.02,37
12,2,Tuesday,2,2.23,2,1,1,0.03,0.02,0.02,31
12,2,Tuesday,3,2.35,2,1,1,0.03,0.02,0.02,23
12,2,Tuesday,4,2.33,2,1,1,0.03,0.02,0.02,27
12,2,Tuesday,5,3.88,3,2,1,0.05,0.03,0.02,42
12,2,Tuesday,6,42.55,37,19,13,0.62,0.32,0.22,51
12,2,Tuesday,7,156.48,168.5,96,65.5,2.81,1.6,1.09,52
12,2,Tuesday,8,251.04,256.5,149,107,4.28,2.48,1.78,52
12,2,Tuesday,9,211.88,208.5,120.5,89.5,3.48,2.01,1.49,52
12,2,Tuesday,10,180.42,176.5,88.5,90.5,2.94,1.48,1.51,52
12,2,Tuesday,11,192.17,202,88,111,3.37,1.47,1.85,52
12,2,Tuesday,12,361.02,374.5,171,210,6.24,2.85,3.5,52
12,2,Tuesday,13,323.62,339,184.5,150,5.65,3.08,2.5,52
12,2,Tuesday,14,236.29,240.5,112,120,4.01,1.87,2,52
12,2,Tuesday,15,238.12,237.5,107.5,126.5,3.96,1.79,2.11,52
12,2,Tuesday,16,296.85,310.5,132,175,5.18,2.2,2.92,52
12,2,Tuesday,17,369.6,400.5,163.5,241.5,6.68,2.72,4.03,52
12,2,Tuesday,18,288.17,228.5,94,149,3.81,1.57,2.48,52
12,2,Tuesday,19,258.48,130,69.5,64.5,2.17,1.16,1.07,52
12,2,Tuesday,20,178.85,104.5,60,40.5,1.74,1,0.68,52
12,2,Tuesday,21,71.06,60.5,34,25.5,1.01,0.57,0.42,52
12,2,Tuesday,22,37.67,38,20,15,0.63,0.33,0.25,52
12,2,Tuesday,23,18.94,15,7,7,0.25,0.12,0.12,51
12,3,Wednesday,0,8.51,7,3,3,0.12,0.05,0.05,47
12,3,Wednesday,1,3.64,2,1,2,0.03,0.02,0.03,39
12,3,Wednesday,2,4.41,2,1,1,0.03,0.02,0.02,29
12,3,Wednesday,3,11.1,2,1,1,0.03,0.02,0.02,29
12,3,Wednesday,4,23.17,1,1,1,0.02,0.02,0.02,29
12,3,Wednesday,5,17.15,3,2,2,0.05,0.03,0.03,46
12,3,Wednesday,6,52.02,51.5,31,20.5,0.86,0.52,0.34,52
12,3,Wednesday,7,175.71,189,109.5,73.5,3.15,1.82,1.23,52
12,3,Wednesday,8,257.25,269,161,109,4.48,2.68,1.82,51
12,3,Wednesday,9,207.78,210,127,85,3.5,2.12,1.42,51
12,3,Wednesday,10,183.69,190,90,96,3.17,1.5,1.6,52
12,3,Wednesday,11,219.81,219.5,97,124.5,3.66,1.62,2.08,52
12,3,Wednesday,12,378.49,374,162,206,6.23,2.7,3.43,51
12,3,Wednesday,13,340.18,345,186,154,5.75,3.1,2.57,51
12,3,Wednesday,14,247.51,241,120,121,4.02,2,2.02,51
12,3,Wednesday,15,241.06,240,107,125,4,1.78,2.08,52
12,3,Wednesday,16,309.88,303.5,132.5,170,5.06,2.21,2.83,52
12,3,Wednesday,17,405.48,400,159,243,6.67,2.65,4.05,52
12,3,Wednesday,18,321.88,246.5,95.5,144,4.11,1.59,2.4,52
12,3,Wednesday,19,302.77,117,62,53,1.95,1.03,0.88,52
12,3,Wednesday,20,263.92,97,56.5,39.5,1.62,0.94,0.66,52
12,3,Wednesday,21,110.77,66,34,27.5,1.1,0.57,0.46,52
12,3,Wednesday,22,69.98,35,18,17,0.58,0.3,0.28,51
12,3,Wednesday,23,44.1,12,7,7.5,0.2,0.12,0.12,52
12,4,Thursday,0,26.61,6,2,3,0.1,0.03,0.05,51
12,4,Thursday,1,9.95,3,1,2,0.05,0.02,0.03,39
12,4,Thursday,2,3.75,2,1,1,0.03,0.02,0.02,32
12,4,Thursday,3,2.04,1,1,1,0.02,0.02,0.02,26
12,4,Thursday,4,2.15,2,1,0.5,0.03,0.02,0.01,26
12,4,Thursday,5,4.55,3,1,1,0.05,0.02,0.02,47
12,4,Thursday,6,46.31,47.5,28.5,19,0.79,0.48,0.32,52
12,4,Thursday,7,158.31,166,103.5,61,2.77,1.73,1.02,52
12,4,Thursday,8,250.38,267,153.5,106,4.45,2.56,1.77,52
12,4,Thursday,9,214.31,212,118,90.5,3.53,1.97,1.51,52
12,4,Thursday,10,199.62,191.5,92.5,97.5,3.19,1.54,1.62,52
12,4,Thursday,11,227.73,211.5,92,116,3.52,1.53,1.93,52
12,4,Thursday,12,369.27,371,157,210,6.18,2.62,3.5,52
12,4,Thursday,13,359.38,345.5,186,162,5.76,3.1,2.7,52
12,4,Thursday,14,261.19,255,127,127.5,4.25,2.12,2.12,52
12,4,Thursday,15,273.62,266.5,124.5,142,4.44,2.08,2.37,52
12,4,Thursday,16,326.06,323,138,187,5.38,2.3,3.12,52
12,4,Thursday,17,433.63,467,184.5,278,7.78,3.08,4.63,52
12,4,Thursday,18,372.73,405,166.5,218,6.75,2.78,3.63,52
12,4,Thursday,19,305.46,253.5,141.5,78.5,4.22,2.36,1.31,52
12,4,Thursday,20,212.4,129.5,77.5,45.5,2.16,1.29,0.76,52
12,4,Thursday,21,99.5,89,50,37,1.48,0.83,0.62,52
12,4,Thursday,22,66.52,44,22,20,0.73,0.37,0.33,52
12,4,Thursday,23,26.37,20.5,8.5,10,0.34,0.14,0.17,52
12,5,Friday,0,9.06,9,5,3,0.15,0.08,0.05,50
12,5,Friday,1,4.58,3,1,3,0.05,0.02,0.05,45
12,5,Friday,2,2.94,2,1,1,0.03,0.02,0.02,33
12,5,Friday,3,2.22,2,1,1,0.03,0.02,0.02,27
12,5,Friday,4,1.84,2,1,1,0.03,0.02,0.02,32
12,5,Friday,5,3.79,2,2,1,0.03,0.03,0.02,47
12,5,Friday,6,42.27,39.5,21.5,16.5,0.66,0.36,0.28,52
12,5,Friday,7,148.98,154,85,66,2.57,1.42,1.1,53
12,5,Friday,8,231.28,231,125,107,3.85,2.08,1.78,53
12,5,Friday,9,213.89,211,112,93,3.52,1.87,1.55,53
12,5,Friday,10,204.28,199,94,105,3.32,1.57,1.75,53
12,5,Friday,11,245.51,230,106,119,3.83,1.77,1.98,53
12,5,Friday,12,340.21,320,144,179,5.33,2.4,2.98,53
12,5,Friday,13,340.21,320,171,158,5.33,2.85,2.63,53
12,5,Friday,14,307.72,281,133,147,4.68,2.22,2.45,53
12,5,Friday,15,301.94,285,128,156,4.75,2.13,2.6,53
12,5,Friday,16,373.98,358,159,194,5.97,2.65,3.23,53
12,5,Friday,17,444.98,416,180,236,6.93,3,3.93,53
12,5,Friday,18,421.51,378,189,214,6.3,3.15,3.57,53
12,5,Friday,19,347.74,262,170,119,4.37,2.83,1.98,53
12,5,Friday,20,238.32,134,79,60,2.23,1.32,1,53
12,5,Friday,21,120,87,55,38,1.45,0.92,0.63,53
12,5,Friday,22,95.42,74,36,31,1.23,0.6,0.52,53
12,5,Friday,23,60.35,38.5,19.5,20.5,0.64,0.32,0.34,52
12,6,Saturday,0,18.92,15,8.5,6.5,0.25,0.14,0.11,52
12,6,Saturday,1,9.46,7,4,4,0.12,0.07,0.07,46
12,6,Saturday,2,3.73,3,1,1,0.05,0.02,0.02,45
12,6,Saturday,3,3.19,2,1,1,0.03,0.02,0.02,37
12,6,Saturday,4,2.1,2,1,1,0.03,0.02,0.02,31
12,6,Saturday,5,3.44,2,1,1,0.03,0.02,0.02,34
12,6,Saturday,6,19.92,15,8,6,0.25,0.13,0.1,49
12,6,Saturday,7,79.54,85,42,38,1.42,0.7,0.63,52
12,6,Saturday,8,150.46,152,79,69,2.53,1.32,1.15,52
12,6,Saturday,9,236.38,236.5,127.5,112.5,3.94,2.12,1.88,52
12,6,Saturday,10,310.87,302,159,142.5,5.03,2.65,2.38,52
12,6,Saturday,11,407.9,374,171,202,6.23,2.85,3.37,52
12,6,Saturday,12,457.54,404.5,179.5,209.5,6.74,2.99,3.49,52
12,6,Saturday,13,430.88,392,183,193.5,6.53,3.05,3.22,52
12,6,Saturday,14,443.6,416.5,193.5,223,6.94,3.22,3.72,52
12,6,Saturday,15,494.81,425,204.5,220.5,7.08,3.41,3.67,52
12,6,Saturday,16,595.98,554,213,298,9.23,3.55,4.97,52
12,6,Saturday,17,568.67,495,235.5,258.5,8.25,3.92,4.31,52
12,6,Saturday,18,540.46,456,249,206.5,7.6,4.15,3.44,52
12,6,Saturday,19,414.62,407,203,146.5,6.78,3.38,2.44,52
12,6,Saturday,20,256.27,177.5,97,76,2.96,1.62,1.27,52
12,6,Saturday,21,133.5,130.5,67,47.5,2.17,1.12,0.79,52
12,6,Saturday,22,128.98,98,43,39.5,1.63,0.72,0.66,52
12,6,Saturday,23,69.42,44.5,19.5,21.5,0.74,0.32,0.36,52
12,7,Sunday,0,22.02,18,9,8,0.3,0.15,0.13,52
12,7,Sunday,1,9.48,7.5,2.5,4,0.12,0.04,0.07,48
12,7,Sunday,2,4.4,3,1.5,2,0.05,0.03,0.03,40
12,7,Sunday,3,5.26,3,1,2,0.05,0.02,0.03,38
12,7,Sunday,4,6.97,1.5,0.5,1,0.03,0.01,0.02,32
12,7,Sunday,5,12.42,3,1,2,0.05,0.02,0.03,31
12,7,Sunday,6,24.8,15.5,9.5,6,0.26,0.16,0.1,46
12,7,Sunday,7,162.79,78,40,35.5,1.3,0.67,0.59,52
12,7,Sunday,8,238.92,166.5,82.5,81.5,2.78,1.38,1.36,52
12,7,Sunday,9,263.94,237.5,127,118,3.96,2.12,1.97,52
12,7,Sunday,10,336.75,317.5,148.5,155.5,5.29,2.48,2.59,52
12,7,Sunday,11,395.42,337,152.5,183.5,5.62,2.54,3.06,52
12,7,Sunday,12,460.27,363,172,209,6.05,2.87,3.48,51
12,7,Sunday,13,449.98,380,183,216,6.33,3.05,3.6,51
12,7,Sunday,14,509.94,401,199,193,6.68,3.32,3.22,51
12,7,Sunday,15,422.35,380,180,193.5,6.33,3,3.22,52
12,7,Sunday,16,469.69,416.5,193,216.5,6.94,3.22,3.61,52
12,7,Sunday,17,407.5,406,188.5,203.5,6.77,3.14,3.39,52
12,7,Sunday,18,336.33,314,125.5,175.5,5.23,2.09,2.92,52
12,7,Sunday,19,277.88,151,85,70,2.52,1.42,1.17,52
12,7,Sunday,20,202.17,108,65,44.5,1.8,1.08,0.74,52
12,7,Sunday,21,93.12,64,40,27.5,1.07,0.67,0.46,52
12,7,Sunday,22,52.51,33,15,15,0.55,0.25,0.25,51
12,7,Sunday,23,21.24,17,9.5,6.5,0.28,0.16,0.11,50
14,1,Monday,0,29.12,26,17,4,0.43,0.28,0.07,49
14,1,Monday,1,11.26,8,6,2,0.13,0.1,0.03,43
14,1,Monday,2,6.44,5,3.5,1,0.08,0.06,0.02,36
14,1,Monday,3,3.58,3,2,1,0.05,0.03,0.02,38
14,1,Monday,4,8.81,9,7.5,1,0.15,0.12,0.02,42
14,1,Monday,5,21.71,16,9,7,0.27,0.15,0.12,45
14,1,Monday,6,84.29,54,31,27,0.9,0.52,0.45,49
14,1,Monday,7,278,286,119,163,4.77,1.98,2.72,51
14,1,Monday,8,727.14,829,240,570,13.82,4,9.5,51
14,1,Monday,9,399.53,416,192,217,6.93,3.2,3.62,51
14,1,Monday,10,319.49,303,199,97,5.05,3.32,1.62,51
14,1,Monday,11,356.67,333,241,92,5.55,4.02,1.53,52
14,1,Monday,12,468.96,453,306,141,7.55,5.1,2.35,52
14,1,Monday,13,448.44,428.5,292.5,143,7.14,4.88,2.38,52
14,1,Monday,14,418.98,397,278,115,6.62,4.63,1.92,52
14,1,Monday,15,496.29,490,377.5,115.5,8.17,6.29,1.93,52
14,1,Monday,16,732.12,754,607.5,138.5,12.57,10.12,2.31,52
14,1,Monday,17,854.12,977.5,762.5,184.5,16.29,12.71,3.08,52
14,1,Monday,18,338.54,430.5,306.5,116.5,7.18,5.11,1.94,52
14,1,Monday,19,220.69,251.5,171,73,4.19,2.85,1.22,52
14,1,Monday,20,179.35,152,113,30.5,2.53,1.88,0.51,52
14,1,Monday,21,205.31,131,92,28,2.18,1.53,0.47,52
14,1,Monday,22,141.77,64.5,51.5,16,1.07,0.86,0.27,52
14,1,Monday,23,71.42,28,23,7.5,0.47,0.38,0.12,52
14,2,Tuesday,0,23.47,17,13,3,0.28,0.22,0.05,49
14,2,Tuesday,1,9.26,7,4,2,0.12,0.07,0.03,42
14,2,Tuesday,2,6.71,5.5,2,2,0.09,0.03,0.03,34
14,2,Tuesday,3,4,3,2,1,0.05,0.03,0.02,31
14,2,Tuesday,4,7.42,7,6,0.5,0.12,0.1,0.01,38
14,2,Tuesday,5,22.02,17,11,7,0.28,0.18,0.12,43
14,2,Tuesday,6,89.9,42,25,20,0.7,0.42,0.33,51
14,2,Tuesday,7,328.56,358,153.5,198,5.97,2.56,3.3,52
14,2,Tuesday,8,903,989,285,697,16.48,4.75,11.62,51
14,2,Tuesday,9,476.06,498,198,293,8.3,3.3,4.88,51
14,2,Tuesday,10,317.87,320,198,112,5.33,3.3,1.87,52
14,2,Tuesday,11,359.22,368,236,105,6.13,3.93,1.75,51
14,2,Tuesday,12,484.79,466,322.5,145.5,7.77,5.38,2.42,52
14,2,Tuesday,13,471.81,459.5,297,161.5,7.66,4.95,2.69,52
14,2,Tuesday,14,423.67,432.5,315.5,115,7.21,5.26,1.92,52
14,2,Tuesday,15,514.44,534.5,401.5,123,8.91,6.69,2.05,52
14,2,Tuesday,16,831.9,898.5,738.5,151,14.97,12.31,2.52,52
14,2,Tuesday,17,1003.92,1169,951.5,200,19.48,15.86,3.33,52
14,2,Tuesday,18,406.25,460,316,127,7.67,5.27,2.12,51
14,2,Tuesday,19,252.76,262,176,85,4.37,2.93,1.42,51
14,2,Tuesday,20,200.33,173,118,45,2.88,1.97,0.75,51
14,2,Tuesday,21,222.27,131,92,32,2.18,1.53,0.53,49
14,2,Tuesday,22,167.49,92,70,15,1.53,1.17,0.25,49
14,2,Tuesday,23,84.57,42,28,11,0.7,0.47,0.18,49
14,3,Wednesday,0,22.96,17,12,4,0.28,0.2,0.07,49
14,3,Wednesday,1,9.59,7,6,1,0.12,0.1,0.02,41
14,3,Wednesday,2,5.52,5,3,1,0.08,0.05,0.02,33
14,3,Wednesday,3,3.81,3.5,2,1,0.06,0.03,0.02,32
14,3,Wednesday,4,6.45,6,5,0,0.1,0.08,0,47
14,3,Wednesday,5,22.55,17,12,7,0.28,0.2,0.12,47
14,3,Wednesday,6,102.92,87,44,43,1.45,0.73,0.72,51
14,3,Wednesday,7,328.98,378,161,204,6.3,2.68,3.4,51
14,3,Wednesday,8,817.22,878,272,612,14.63,4.53,10.2,51
14,3,Wednesday,9,421.73,440,183,253,7.33,3.05,4.22,51
14,3,Wednesday,10,326.39,319,203,111,5.32,3.38,1.85,51
14,3,Wednesday,11,346.67,347,231,102,5.78,3.85,1.7,51
14,3,Wednesday,12,481,472,320,147,7.87,5.33,2.45,51
14,3,Wednesday,13,468.69,466,311,157,7.77,5.18,2.62,51
14,3,Wednesday,14,445.43,438,320,122,7.3,5.33,2.03,51
14,3,Wednesday,15,553.59,568,428,132,9.47,7.13,2.2,51
14,3,Wednesday,16,818.22,818,668,152,13.63,11.13,2.53,51
14,3,Wednesday,17,993.63,1146,926,205,19.1,15.43,3.42,51
14,3,Wednesday,18,415.71,478,359,119,7.97,5.98,1.98,51
14,3,Wednesday,19,246.55,192,140,58,3.2,2.33,0.97,51
14,3,Wednesday,20,193.04,87,63,25,1.45,1.05,0.42,51
14,3,Wednesday,21,234.52,87.5,65,24,1.46,1.08,0.4,50
14,3,Wednesday,22,182.25,59,49,16,0.98,0.82,0.27,51
14,3,Wednesday,23,92.88,34,25,12,0.57,0.42,0.2,50
14,4,Thursday,0,30.76,14,11,3.5,0.23,0.18,0.06,46
14,4,Thursday,1,12.4,6.5,4,1,0.11,0.07,0.02,42
14,4,Thursday,2,22.32,6,4,1,0.1,0.07,0.02,37
14,4,Thursday,3,11.94,2,2,1,0.03,0.03,0.02,36
14,4,Thursday,4,9.68,6,5.5,0,0.1,0.09,0,44
14,4,Thursday,5,23.74,15.5,8.5,7.5,0.26,0.14,0.12,46
14,4,Thursday,6,96.39,75,37,43,1.25,0.62,0.72,51
14,4,Thursday,7,331.25,392,159,216,6.53,2.65,3.6,51
14,4,Thursday,8,898.1,961,284,671,16.02,4.73,11.18,51
14,4,Thursday,9,474.27,493,203,283,8.22,3.38,4.72,51
14,4,Thursday,10,330.55,351,224,111,5.85,3.73,1.85,51
14,4,Thursday,11,378.39,381,251,112,6.35,4.18,1.87,51
14,4,Thursday,12,498.61,494,351,141,8.23,5.85,2.35,51
14,4,Thursday,13,471.61,474,318,156,7.9,5.3,2.6,51
14,4,Thursday,14,452.9,460,332,128.5,7.67,5.53,2.14,50
14,4,Thursday,15,538.92,553,423,128,9.22,7.05,2.13,51
14,4,Thursday,16,806.82,866,711,158,14.43,11.85,2.63,51
14,4,Thursday,17,1009.53,1187,976,219,19.78,16.27,3.65,51
14,4,Thursday,18,466.8,575,422,130,9.58,7.03,2.17,51
14,4,Thursday,19,302.25,345,247,76,5.75,4.12,1.27,51
14,4,Thursday,20,249.36,236.5,153.5,65,3.94,2.56,1.08,50
14,4,Thursday,21,286.18,159,108,50,2.65,1.8,0.83,51
14,4,Thursday,22,235.59,153,100,36,2.55,1.67,0.6,51
14,4,Thursday,23,117.61,63,45,12,1.05,0.75,0.2,51
14,5,Friday,0,39.73,27,20.5,6,0.45,0.34,0.1,48
14,5,Friday,1,15.13,11,6,2,0.18,0.1,0.03,46
14,5,Friday,2,8,6,4,1,0.1,0.07,0.02,38
14,5,Friday,3,5.14,4,2,1,0.07,0.03,0.02,35
14,5,Friday,4,8.47,7,6,0,0.12,0.1,0,43
14,5,Friday,5,21.31,17,10,6,0.28,0.17,0.1,49
14,5,Friday,6,94.21,72,45,29,1.2,0.75,0.48,47
14,5,Friday,7,243.35,255.5,134.5,115,4.26,2.24,1.92,52
14,5,Friday,8,565.96,567.5,229.5,341.5,9.46,3.83,5.69,52
14,5,Friday,9,391.31,374,196,165.5,6.23,3.27,2.76,52
14,5,Friday,10,337.96,320.5,220.5,100,5.34,3.67,1.67,52
14,5,Friday,11,405.08,384,260.5,115.5,6.4,4.34,1.93,52
14,5,Friday,12,452.83,437.5,306,125,7.29,5.1,2.08,52
14,5,Friday,13,459.54,434.5,293,136,7.24,4.88,2.27,52
14,5,Friday,14,499.35,477,344,132,7.95,5.73,2.2,52
14,5,Friday,15,601.23,578.5,433.5,140.5,9.64,7.22,2.34,52
14,5,Friday,16,740.88,717.5,547.5,175,11.96,9.12,2.92,52
14,5,Friday,17,780.23,817,604,207,13.62,10.07,3.45,52
14,5,Friday,18,506.14,537,383,122,8.95,6.38,2.03,51
14,5,Friday,19,376.37,412,310,91.5,6.87,5.17,1.52,52
14,5,Friday,20,332.5,281,195,77,4.68,3.25,1.28,52
14,5,Friday,21,349.6,276,207,59.5,4.6,3.45,0.99,50
14,5,Friday,22,319.66,215,152.5,50,3.58,2.54,0.83,50
14,5,Friday,23,199.39,139,114,28,2.32,1.9,0.47,51
14,6,Saturday,0,107.31,86,65,16,1.43,1.08,0.27,49
14,6,Saturday,1,50.12,34,29,5,0.57,0.48,0.08,49
14,6,Saturday,2,32.1,23,19.5,3.5,0.38,0.32,0.06,48
14,6,Saturday,3,17.33,12,10.5,2,0.2,0.17,0.03,46
14,6,Saturday,4,13.37,12,7,2,0.2,0.12,0.03,46
14,6,Saturday,5,13.74,13,6,5,0.22,0.1,0.08,43
14,6,Saturday,6,40.57,36,24,13,0.6,0.4,0.22,47
14,6,Saturday,7,83.61,100,69,24,1.67,1.15,0.4,51
14,6,Saturday,8,193.71,189,134,55,3.15,2.23,0.92,51
14,6,Saturday,9,297.25,277,197,75,4.62,3.28,1.25,51
14,6,Saturday,10,395.71,401,300,98,6.68,5,1.63,51
14,6,Saturday,11,480.67,473,348,128,7.88,5.8,2.13,51
14,6,Saturday,12,491.75,505,366,139,8.42,6.1,2.32,51
14,6,Saturday,13,541.45,537,375,153,8.95,6.25,2.55,51
14,6,Saturday,14,586.88,581,414,174,9.68,6.9,2.9,51
14,6,Saturday,15,667.92,675,494,171,11.25,8.23,2.85,51
14,6,Saturday,16,662.45,685,480,184,11.42,8,3.07,51
14,6,Saturday,17,603.88,601,425,171,10.02,7.08,2.85,51
14,6,Saturday,18,501.52,545.5,399,118,9.09,6.65,1.97,50
14,6,Saturday,19,417.02,414,309,106,6.9,5.15,1.77,51
14,6,Saturday,20,371.27,395,288,84,6.58,4.8,1.4,49
14,6,Saturday,21,421.76,313,244,57.5,5.22,4.07,0.96,50
14,6,Saturday,22,347.53,247,189,49,4.12,3.15,0.82,51
14,6,Saturday,23,223.02,178.5,143,32.5,2.98,2.38,0.54,50
14,7,Sunday,0,127.16,116,104,14,1.93,1.73,0.23,49
14,7,Sunday,1,65.85,51,44,6.5,0.85,0.73,0.11,48
14,7,Sunday,2,36.75,27.5,24.5,4,0.46,0.41,0.07,48
14,7,Sunday,3,24.87,24,20.5,3,0.4,0.34,0.05,46
14,7,Sunday,4,18.21,16,11.5,3,0.27,0.19,0.05,42
14,7,Sunday,5,19.09,14.5,7,6,0.24,0.12,0.1,44
14,7,Sunday,6,41.96,41,27,14,0.68,0.45,0.23,47
14,7,Sunday,7,75.49,77,57,22,1.28,0.95,0.37,51
14,7,Sunday,8,153.96,147,94,56,2.45,1.57,0.93,51
14,7,Sunday,9,254.35,244,170,71,4.07,2.83,1.18,51
14,7,Sunday,10,372.2,374,267,99,6.23,4.45,1.65,51
14,7,Sunday,11,457.43,457,321,122,7.62,5.35,2.03,51
14,7,Sunday,12,466.59,450,323,134,7.5,5.38,2.23,51
14,7,Sunday,13,511.88,506,348,142,8.43,5.8,2.37,51
14,7,Sunday,14,575.1,555,391,167,9.25,6.52,2.78,51
14,7,Sunday,15,581.45,566,409,158,9.43,6.82,2.63,51
14,7,Sunday,16,576.75,563,406,148,9.38,6.77,2.47,51
14,7,Sunday,17,501.92,483,346,130,8.05,5.77,2.17,51
14,7,Sunday,18,361.9,368,277,82,6.13,4.62,1.37,51
14,7,Sunday,19,277.33,257,179,57,4.28,2.98,0.95,51
14,7,Sunday,20,230.31,186,146,37,3.1,2.43,0.62,51
14,7,Sunday,21,236.37,119,94,26,1.98,1.57,0.43,51
14,7,Sunday,22,165.98,103,56,20,1.72,0.93,0.33,51
14,7,Sunday,23,84.33,62,48,11,1.03,0.8,0.18,51
17,1,Monday,0,19.81,17.5,9,6,0.29,0.15,0.1,52
17,1,Monday,1,9.62,9,5,4,0.15,0.08,0.07,52
17,1,Monday,2,7.75,7,4,3,0.12,0.07,0.05,51
17,1,Monday,3,10.71,10,4.5,5,0.17,0.07,0.08,52
17,1,Monday,4,15.81,15.5,9,7,0.26,0.15,0.12,52
17,1,Monday,5,57.88,59,42,16,0.98,0.7,0.27,52
17,1,Monday,6,140.42,145,103,37,2.42,1.72,0.62,52
17,1,Monday,7,422.5,466.5,378.5,87,7.78,6.31,1.45,52
17,1,Monday,8,1241.12,1373,1205,187.5,22.88,20.08,3.12,52
17,1,Monday,9,825.38,900.5,661,237.5,15.01,11.02,3.96,52
17,1,Monday,10,578.06,620.5,359,260.5,10.34,5.98,4.34,52
17,1,Monday,11,579.15,603.5,352,246,10.06,5.87,4.1,52
17,1,Monday,12,1169.12,1243.5,655.5,591.5,20.73,10.93,9.86,52
17,1,Monday,13,1176.37,1264.5,635,625,21.08,10.58,10.42,52
17,1,Monday,14,647.88,693.5,347.5,333,11.56,5.79,5.55,52
17,1,Monday,15,565.21,589.5,283.5,306.5,9.82,4.72,5.11,52
17,1,Monday,16,554.52,592.5,212.5,370,9.88,3.54,6.17,52
17,1,Monday,17,885.88,955,249,709.5,15.92,4.15,11.82,52
17,1,Monday,18,436.73,439,163.5,285.5,7.32,2.72,4.76,52
17,1,Monday,19,206.04,201.5,93,110.5,3.36,1.55,1.84,52
17,1,Monday,20,197.23,197,94.5,98.5,3.28,1.57,1.64,52
17,1,Monday,21,129.75,130.5,59.5,67,2.17,0.99,1.12,52
17,1,Monday,22,108.13,104,36,70,1.73,0.6,1.17,52
17,1,Monday,23,53.38,52,20,31,0.87,0.33,0.52,52
17,2,Tuesday,0,20.1,18.5,10,8,0.31,0.17,0.13,52
17,2,Tuesday,1,9.31,9,5,4,0.15,0.08,0.07,52
17,2,Tuesday,2,7,7,4,3,0.12,0.07,0.05,52
17,2,Tuesday,3,9.69,9,5,4,0.15,0.08,0.07,52
17,2,Tuesday,4,16.78,16,10,6,0.27,0.17,0.1,51
17,2,Tuesday,5,64.81,64,46.5,16.5,1.07,0.78,0.28,52
17,2,Tuesday,6,176.69,182,128.5,46,3.03,2.14,0.77,52
17,2,Tuesday,7,529.5,566,476.5,96,9.43,7.94,1.6,52
17,2,Tuesday,8,1627.1,1733,1526.5,214.5,28.88,25.44,3.58,52
17,2,Tuesday,9,1076.06,1113,844,262.5,18.55,14.07,4.38,52
17,2,Tuesday,10,678.42,713.5,416,289,11.89,6.93,4.82,52
17,2,Tuesday,11,677.71,685.5,395,290.5,11.43,6.58,4.84,52
17,2,Tuesday,12,1460.48,1526,792.5,738.5,25.43,13.21,12.31,52
17,2,Tuesday,13,1392.54,1475,757,718,24.58,12.62,11.97,52
17,2,Tuesday,14,749.62,802.5,403.5,398,13.38,6.72,6.63,52
17,2,Tuesday,15,666.23,685.5,316.5,373,11.43,5.28,6.22,52
17,2,Tuesday,16,692.88,727.5,252,473,12.12,4.2,7.88,52
17,2,Tuesday,17,1094,1167,301,870.5,19.45,5.02,14.51,52
17,2,Tuesday,18,541.12,554.5,187.5,368,9.24,3.12,6.13,52
17,2,Tuesday,19,261.85,261.5,107.5,151,4.36,1.79,2.52,52
17,2,Tuesday,20,232.63,237.5,101.5,131,3.96,1.69,2.18,52
17,2,Tuesday,21,172.48,170.5,81,87,2.84,1.35,1.45,52
17,2,Tuesday,22,131.04,135,45,86.5,2.25,0.75,1.44,52
17,2,Tuesday,23,67.37,63,25,38.5,1.05,0.42,0.64,52
17,3,Wednesday,0,22.42,21,11,10,0.35,0.18,0.17,52
17,3,Wednesday,1,10.77,10,5,4,0.17,0.08,0.07,52
17,3,Wednesday,2,7.96,6.5,4,3,0.11,0.07,0.05,52
17,3,Wednesday,3,9.59,9,4,4,0.15,0.07,0.07,51
17,3,Wednesday,4,17.92,18,10,7.5,0.3,0.17,0.12,52
17,3,Wednesday,5,72.1,73.5,53,20,1.23,0.88,0.33,52
17,3,Wednesday,6,182.79,176.5,129.5,48,2.94,2.16,0.8,52
17,3,Wednesday,7,538.31,560.5,452.5,99.5,9.34,7.54,1.66,52
17,3,Wednesday,8,1538.69,1635,1402.5,219,27.25,23.38,3.65,52
17,3,Wednesday,9,1018.56,1073,794,281,17.88,13.23,4.68,52
17,3,Wednesday,10,689.63,725.5,417,296.5,12.09,6.95,4.94,52
17,3,Wednesday,11,691.73,708,410.5,294,11.8,6.84,4.9,52
17,3,Wednesday,12,1437.31,1479.5,757,718.5,24.66,12.62,11.97,52
17,3,Wednesday,13,1347.48,1415,723,695,23.58,12.05,11.58,52
17,3,Wednesday,14,775.9,791.5,400.5,394,13.19,6.68,6.57,52
17,3,Wednesday,15,666.27,670.5,319.5,360,11.18,5.32,6,52
17,3,Wednesday,16,684.69,712,257,451.5,11.87,4.28,7.53,52
17,3,Wednesday,17,1032.15,1080,295.5,776.5,18,4.92,12.94,52
17,3,Wednesday,18,527.25,537.5,191,338,8.96,3.18,5.63,52
17,3,Wednesday,19,266.63,261,121,149,4.35,2.02,2.48,52
17,3,Wednesday,20,236.1,213.5,101.5,122,3.56,1.69,2.03,52
17,3,Wednesday,21,209.25,179.5,81.5,92.5,2.99,1.36,1.54,52
17,3,Wednesday,22,149.62,136,49,86,2.27,0.82,1.43,52
17,3,Wednesday,23,99.44,71.5,29.5,44.5,1.19,0.49,0.74,52
17,4,Thursday,0,44.42,25,11,12,0.42,0.18,0.2,52
17,4,Thursday,1,16.17,10,5,4,0.17,0.08,0.07,52
17,4,Thursday,2,9.71,8,4,3,0.13,0.07,0.05,49
17,4,Thursday,3,10.15,9.5,5,5,0.16,0.08,0.08,52
17,4,Thursday,4,15.88,16,9,6,0.27,0.15,0.1,52
17,4,Thursday,5,68.52,69.5,50,18,1.16,0.83,0.3,52
17,4,Thursday,6,185.77,184.5,134.5,52,3.08,2.24,0.87,52
17,4,Thursday,7,536.5,556,449.5,101.5,9.27,7.49,1.69,52
17,4,Thursday,8,1594.04,1674,1459.5,219.5,27.9,24.32,3.66,52
17,4,Thursday,9,1096.54,1158,864,292.5,19.3,14.4,4.88,52
17,4,Thursday,10,723.96,739,438.5,299,12.32,7.31,4.98,52
17,4,Thursday,11,729.31,743.5,433.5,311.5,12.39,7.22,5.19,52
17,4,Thursday,12,1459.15,1507.5,781.5,714,25.12,13.03,11.9,52
17,4,Thursday,13,1406.5,1471.5,726,731,24.52,12.1,12.18,52
17,4,Thursday,14,799.08,834.5,417,419,13.91,6.95,6.98,52
17,4,Thursday,15,663.4,687,316.5,364,11.45,5.28,6.07,52
17,4,Thursday,16,698.63,743.5,264.5,451.5,12.39,4.41,7.53,52
17,4,Thursday,17,1079.23,1120,337.5,780.5,18.67,5.62,13.01,52
17,4,Thursday,18,597.23,597,227,373,9.95,3.78,6.22,52
17,4,Thursday,19,311.42,303.5,129.5,170,5.06,2.16,2.83,52
17,4,Thursday,20,243.06,238.5,109,135.5,3.98,1.82,2.26,52
17,4,Thursday,21,198.5,198.5,84.5,104.5,3.31,1.41,1.74,52
17,4,Thursday,22,183.08,171.5,58.5,105.5,2.86,0.98,1.76,52
17,4,Thursday,23,83.81,86.5,35.5,45,1.44,0.59,0.75,52
17,5,Friday,0,36.15,33,15,17,0.55,0.25,0.28,53
17,5,Friday,1,16.06,16,8,7,0.27,0.13,0.12,53
17,5,Friday,2,9.7,9,4,5,0.15,0.07,0.08,53
17,5,Friday,3,10.91,11,5,5,0.18,0.08,0.08,53
17,5,Friday,4,19.43,19,11,8,0.32,0.18,0.13,53
17,5,Friday,5,65.89,67,50,16,1.12,0.83,0.27,53
17,5,Friday,6,145.55,142,99,41,2.37,1.65,0.68,53
17,5,Friday,7,371.89,393,311,79,6.55,5.18,1.32,53
17,5,Friday,8,1017.64,1087,926,165,18.12,15.43,2.75,53
17,5,Friday,9,714.47,752,547,202,12.53,9.12,3.37,53
17,5,Friday,10,532.81,554,332,222,9.23,5.53,3.7,53
17,5,Friday,11,600.7,613,358,247,10.22,5.97,4.12,53
17,5,Friday,12,943.23,995,534,460,16.58,8.9,7.67,53
17,5,Friday,13,946.49,1001,499,473,16.68,8.32,7.88,53
17,5,Friday,14,631.15,662,336,318,11.03,5.6,5.3,53
17,5,Friday,15,574.45,580,276,299,9.67,4.6,4.98,53
17,5,Friday,16,576.17,597,240,359,9.95,4,5.98,53
17,5,Friday,17,742.23,767,277,486,12.78,4.62,8.1,53
17,5,Friday,18,501.13,504,221,267,8.4,3.68,4.45,53
17,5,Friday,19,345.02,338,153,182,5.63,2.55,3.03,53
17,5,Friday,20,277.23,282,131,145,4.7,2.18,2.42,53
17,5,Friday,21,216.38,209,104,102,3.48,1.73,1.7,53
17,5,Friday,22,253.19,248,102,137,4.13,1.7,2.28,53
17,5,Friday,23,137.79,131,57,73,2.18,0.95,1.22,53
17,6,Saturday,0,57.63,54,27,26,0.9,0.45,0.43,52
17,6,Saturday,1,25.5,25,12,12,0.42,0.2,0.2,52
17,6,Saturday,2,16.79,14,8,7,0.23,0.13,0.12,52
17,6,Saturday,3,13.79,13,6.5,6,0.22,0.11,0.1,52
17,6,Saturday,4,16.31,15,9,6,0.25,0.15,0.1,51
17,6,Saturday,5,26.27,24.5,15.5,9.5,0.41,0.26,0.16,52
17,6,Saturday,6,54.94,53,32,21,0.88,0.53,0.35,52
17,6,Saturday,7,89.52,89,54,34.5,1.48,0.9,0.58,52
17,6,Saturday,8,141.31,138,85,54.5,2.3,1.42,0.91,52
17,6,Saturday,9,219.75,219.5,134,85.5,3.66,2.23,1.43,52
17,6,Saturday,10,250.65,248.5,149,102,4.14,2.48,1.7,52
17,6,Saturday,11,308.31,303,177.5,114,5.05,2.96,1.9,52
17,6,Saturday,12,342.69,339.5,199,141,5.66,3.32,2.35,52
17,6,Saturday,13,349.71,347,200,155.5,5.78,3.33,2.59,52
17,6,Saturday,14,340.83,339.5,201,140.5,5.66,3.35,2.34,52
17,6,Saturday,15,387.15,383.5,220.5,171,6.39,3.67,2.85,52
17,6,Saturday,16,374.56,378,214,165.5,6.3,3.57,2.76,52
17,6,Saturday,17,414.13,413.5,224.5,183,6.89,3.74,3.05,52
17,6,Saturday,18,388.13,366,202,159,6.1,3.37,2.65,52
17,6,Saturday,19,331.35,302.5,168,135,5.04,2.8,2.25,52
17,6,Saturday,20,280.63,278,135.5,137,4.63,2.26,2.28,52
17,6,Saturday,21,206.31,202,105.5,97,3.37,1.76,1.62,52
17,6,Saturday,22,242.69,228.5,103.5,117.5,3.81,1.73,1.96,52
17,6,Saturday,23,132.69,133,53,77.5,2.22,0.88,1.29,52
17,7,Sunday,0,62.48,58.5,30,30.5,0.98,0.5,0.51,52
17,7,Sunday,1,31.37,29.5,14,14,0.49,0.23,0.23,52
17,7,Sunday,2,18.69,18,9,9,0.3,0.15,0.15,51
17,7,Sunday,3,14.67,13,7,7,0.22,0.12,0.12,52
17,7,Sunday,4,12.75,11,6.5,5,0.18,0.11,0.08,52
17,7,Sunday,5,13.65,11,7,5,0.18,0.12,0.08,52
17,7,Sunday,6,27.79,27,14,13,0.45,0.23,0.22,52
17,7,Sunday,7,61.33,59.5,33,25.5,0.99,0.55,0.42,52
17,7,Sunday,8,106.46,105.5,66.5,38,1.76,1.11,0.63,52
17,7,Sunday,9,158.79,161.5,92.5,66,2.69,1.54,1.1,52
17,7,Sunday,10,235.21,232.5,139,95,3.88,2.32,1.58,52
17,7,Sunday,11,270.63,262.5,155.5,102,4.38,2.59,1.7,52
17,7,Sunday,12,347.44,338.5,199,129.5,5.64,3.32,2.16,52
17,7,Sunday,13,308.23,274.5,155,118,4.58,2.58,1.97,52
17,7,Sunday,14,299.96,278,163.5,115.5,4.63,2.72,1.93,52
17,7,Sunday,15,327.87,321,181.5,136.5,5.35,3.02,2.28,52
17,7,Sunday,16,275.85,270.5,151,123,4.51,2.52,2.05,52
17,7,Sunday,17,285.75,278,140.5,137.5,4.63,2.34,2.29,52
17,7,Sunday,18,239.12,228,110.5,115.5,3.8,1.84,1.93,52
17,7,Sunday,19,182.87,171,94.5,76,2.85,1.57,1.27,52
17,7,Sunday,20,166.13,157,87,73,2.62,1.45,1.22,52
17,7,Sunday,21,127.33,121,66.5,55.5,2.02,1.11,0.92,52
17,7,Sunday,22,83.77,69.5,30,35.5,1.16,0.5,0.59,52
17,7,Sunday,23,57.15,45,21.5,22,0.75,0.36,0.37,52
18,1,Monday,0,2.89,2,1,1,0.03,0.02,0.02,45
18,1,Monday,1,2.22,1.5,1,1,0.03,0.02,0.02,36
18,1,Monday,2,2.69,1,1,1,0.02,0.02,0.02,26
18,1,Monday,3,1.89,2,0,1,0.03,0,0.02,19
18,1,Monday,4,1.93,2,0,1,0.03,0,0.02,43
18,1,Monday,5,8.82,8,0.5,8,0.13,0.01,0.13,50
18,1,Monday,6,52.65,48,5.5,44,0.8,0.09,0.73,52
18,1,Monday,7,311.87,347,31,318,5.78,0.52,5.3,52
18,1,Monday,8,1093.4,1258,81,1178,20.97,1.35,19.63,52
18,1,Monday,9,592.67,644,120,534,10.73,2,8.9,52
18,1,Monday,10,339.88,362,142.5,213,6.03,2.38,3.55,52
18,1,Monday,11,300.63,328,144,174,5.47,2.4,2.9,52
18,1,Monday,12,411.15,440.5,232,204.5,7.34,3.87,3.41,52
18,1,Monday,13,447.58,463.5,263.5,206,7.72,4.39,3.43,52
18,1,Monday,14,348.77,372.5,225,145,6.21,3.75,2.42,52
18,1,Monday,15,357.65,377.5,265.5,115,6.29,4.42,1.92,52
18,1,Monday,16,496.1,553,458.5,87.5,9.22,7.64,1.46,52
18,1,Monday,17,736.08,854,775,77,14.23,12.92,1.28,51
18,1,Monday,18,233.08,207,177,42,3.45,2.95,0.7,51
18,1,Monday,19,72.88,56,35,21,0.93,0.58,0.35,51
18,1,Monday,20,33.71,27,16,12,0.45,0.27,0.2,51
18,1,Monday,21,19.94,18,10,7,0.3,0.17,0.12,51
18,1,Monday,22,14.84,13,7,5,0.22,0.12,0.08,50
18,1,Monday,23,6.33,5,3,2,0.08,0.05,0.03,48
18,2,Tuesday,0,3.45,3,1,1.5,0.05,0.02,0.03,38
18,2,Tuesday,1,3.34,2,1,1,0.03,0.02,0.02,32
18,2,Tuesday,2,1.89,1,0.5,1,0.02,0.01,0.02,28
18,2,Tuesday,3,3.27,1,1,1,0.02,0.02,0.02,22
18,2,Tuesday,4,1.79,1,0,1,0.02,0,0.02,34
18,2,Tuesday,5,11.2,9,1,8,0.15,0.02,0.13,51
18,2,Tuesday,6,68.8,62,6,56,1.03,0.1,0.93,51
18,2,Tuesday,7,379.73,424,41,377,7.07,0.68,6.28,51
18,2,Tuesday,8,1337.29,1441,94,1337,24.02,1.57,22.28,51
18,2,Tuesday,9,788.8,848,151,698,14.13,2.52,11.63,51
18,2,Tuesday,10,416.59,426,174,259,7.1,2.9,4.32,51
18,2,Tuesday,11,376.22,381,169,212,6.35,2.82,3.53,51
18,2,Tuesday,12,520.43,523,275,254,8.72,4.58,4.23,51
18,2,Tuesday,13,527,542,292,242,9.03,4.87,4.03,51
18,2,Tuesday,14,406.88,438,266,165,7.3,4.43,2.75,51
18,2,Tuesday,15,433.25,443,317,126,7.38,5.28,2.1,51
18,2,Tuesday,16,632.31,658,559,100,10.97,9.32,1.67,51
18,2,Tuesday,17,883.45,1041,907,102,17.35,15.12,1.7,51
18,2,Tuesday,18,298.37,259,195,62,4.32,3.25,1.03,51
18,2,Tuesday,19,95.61,78,54,25,1.3,0.9,0.42,51
18,2,Tuesday,20,42.31,40,24,16,0.67,0.4,0.27,51
18,2,Tuesday,21,31.51,31,18,12,0.52,0.3,0.2,51
18,2,Tuesday,22,19.29,19,11,6,0.32,0.18,0.1,51
18,2,Tuesday,23,9.96,8,4.5,3,0.13,0.07,0.05,50
18,3,Wednesday,0,3.55,3,1,1.5,0.05,0.02,0.03,44
18,3,Wednesday,1,2.03,2,1,1,0.03,0.02,0.02,39
18,3,Wednesday,2,1.88,1.5,1,1,0.03,0.02,0.02,26
18,3,Wednesday,3,1.67,1,0,1,0.02,0,0.02,30
18,3,Wednesday,4,2.33,2,0,1,0.03,0,0.02,39
18,3,Wednesday,5,11.24,10,0,10,0.17,0,0.17,51
18,3,Wednesday,6,69.73,67,7,61,1.12,0.12,1.02,51
18,3,Wednesday,7,381.98,409,39,366,6.82,0.65,6.1,51
18,3,Wednesday,8,1287.33,1371,91,1269,22.85,1.52,21.15,51
18,3,Wednesday,9,733.94,780,146,632,13,2.43,10.53,51
18,3,Wednesday,10,415,416,165,257,6.93,2.75,4.28,51
18,3,Wednesday,11,369.55,382,162,213,6.37,2.7,3.55,51
18,3,Wednesday,12,507.65,511,266,255,8.52,4.43,4.25,51
18,3,Wednesday,13,508.88,529,287,237,8.82,4.78,3.95,51
18,3,Wednesday,14,405.45,418,253,157,6.97,4.22,2.62,51
18,3,Wednesday,15,433.08,437,304,129,7.28,5.07,2.15,51
18,3,Wednesday,16,616.57,630,518,114,10.5,8.63,1.9,51
18,3,Wednesday,17,852.84,1022,897,106,17.03,14.95,1.77,51
18,3,Wednesday,18,299.39,240,177,75,4,2.95,1.25,51
18,3,Wednesday,19,98.57,71,44,25,1.18,0.73,0.42,51
18,3,Wednesday,20,46.92,41,25,16,0.68,0.42,0.27,51
18,3,Wednesday,21,41.71,34,20,15,0.57,0.33,0.25,51
18,3,Wednesday,22,22.78,20,13,7,0.33,0.22,0.12,51
18,3,Wednesday,23,14.02,10,6,4,0.17,0.1,0.07,50
18,4,Thursday,0,7.72,3,1,1,0.05,0.02,0.02,47
18,4,Thursday,1,3.76,2,1,1,0.03,0.02,0.02,41
18,4,Thursday,2,2.19,2,1,1,0.03,0.02,0.02,31
18,4,Thursday,3,2.63,1,0,1,0.02,0,0.02,19
18,4,Thursday,4,2.38,2,0,2,0.03,0,0.03,34
18,4,Thursday,5,11.62,11,1,9.5,0.18,0.02,0.16,50
18,4,Thursday,6,64.37,65,6,57,1.08,0.1,0.95,51
18,4,Thursday,7,380.55,400,38,359,6.67,0.63,5.98,51
18,4,Thursday,8,1295.29,1372,95,1283,22.87,1.58,21.38,51
18,4,Thursday,9,805.39,851,154,693,14.18,2.57,11.55,51
18,4,Thursday,10,434.25,458,186,278,7.63,3.1,4.63,51
18,4,Thursday,11,404.55,415,187,227,6.92,3.12,3.78,51
18,4,Thursday,12,511.25,522.5,272.5,260.5,8.71,4.54,4.34,52
18,4,Thursday,13,524.19,558.5,300,248.5,9.31,5,4.14,52
18,4,Thursday,14,417.1,434.5,261,171.5,7.24,4.35,2.86,52
18,4,Thursday,15,427.96,454.5,311,141.5,7.58,5.18,2.36,52
18,4,Thursday,16,599.27,647,521,122.5,10.78,8.68,2.04,52
18,4,Thursday,17,823.63,943.5,795,126,15.72,13.25,2.1,52
18,4,Thursday,18,304.42,269,192.5,81,4.48,3.21,1.35,52
18,4,Thursday,19,117.31,83.5,52.5,31.5,1.39,0.88,0.52,52
18,4,Thursday,20,50.48,46.5,28.5,17,0.78,0.48,0.28,52
18,4,Thursday,21,37.71,39,18.5,15,0.65,0.31,0.25,52
18,4,Thursday,22,29.71,29.5,17,11,0.49,0.28,0.18,52
18,4,Thursday,23,14.83,12,6,5,0.2,0.1,0.08,52
18,5,Friday,0,5.35,5,2,2,0.08,0.03,0.03,51
18,5,Friday,1,3.24,3,1,1,0.05,0.02,0.02,46
18,5,Friday,2,2.38,2,1,1,0.03,0.02,0.02,37
18,5,Friday,3,2.45,2,0,1,0.03,0,0.02,33
18,5,Friday,4,2.27,2,1,1,0.03,0.02,0.02,37
18,5,Friday,5,9.08,7,1,7,0.12,0.02,0.12,53
18,5,Friday,6,52.08,46,4,41,0.77,0.07,0.68,53
18,5,Friday,7,255.74,275,32,247,4.58,0.53,4.12,53
18,5,Friday,8,864.23,913,73,844,15.22,1.22,14.07,53
18,5,Friday,9,548.62,580,115,466,9.67,1.92,7.77,53
18,5,Friday,10,342.19,358,140,214,5.97,2.33,3.57,53
18,5,Friday,11,349.89,355,155,201,5.92,2.58,3.35,53
18,5,Friday,12,413.06,435,208,221,7.25,3.47,3.68,53
18,5,Friday,13,388.11,417,223,186,6.95,3.72,3.1,53
18,5,Friday,14,354.87,374,225,144,6.23,3.75,2.4,53
18,5,Friday,15,384.42,402,281,122,6.7,4.68,2.03,53
18,5,Friday,16,484.94,519,401,113,8.65,6.68,1.88,53
18,5,Friday,17,531.34,635,505,113,10.58,8.42,1.88,53
18,5,Friday,18,232.11,220,129,81,3.67,2.15,1.35,53
18,5,Friday,19,113.08,99,55,44,1.65,0.92,0.73,53
18,5,Friday,20,54.17,52,25,23,0.87,0.42,0.38,53
18,5,Friday,21,39.42,37,21,17,0.62,0.35,0.28,53
18,5,Friday,22,44.26,45,23,18,0.75,0.38,0.3,53
18,5,Friday,23,26.75,23,11,10,0.38,0.18,0.17,53
18,6,Saturday,0,11.6,11.5,4,6.5,0.19,0.07,0.11,52
18,6,Saturday,1,5.5,4,2,2,0.07,0.03,0.03,48
18,6,Saturday,2,3.16,3,1,1,0.05,0.02,0.02,44
18,6,Saturday,3,3.41,3,1,2,0.05,0.02,0.03,51
18,6,Saturday,4,1.93,1,1,0,0.02,0.02,0,27
18,6,Saturday,5,2.25,2,0,2,0.03,0,0.03,40
18,6,Saturday,6,7.43,7,3,4,0.12,0.05,0.07,47
18,6,Saturday,7,23.62,22,9,12.5,0.37,0.15,0.21,52
18,6,Saturday,8,61.54,59.5,25,34,0.99,0.42,0.57,52
18,6,Saturday,9,105.25,106,42,61,1.77,0.7,1.02,52
18,6,Saturday,10,141.98,141,60.5,77.5,2.35,1.01,1.29,52
18,6,Saturday,11,185.15,179,86.5,90.5,2.98,1.44,1.51,52
18,6,Saturday,12,204.38,192,96,97,3.2,1.6,1.62,52
18,6,Saturday,13,233.33,223,121,100,3.72,2.02,1.67,52
18,6,Saturday,14,192.65,193.5,107.5,88.5,3.22,1.79,1.48,52
18,6,Saturday,15,195.73,192.5,113.5,82,3.21,1.89,1.37,52
18,6,Saturday,16,201.06,204.5,109.5,88.5,3.41,1.82,1.48,52
18,6,Saturday,17,154.04,157,79.5,71,2.62,1.32,1.18,52
18,6,Saturday,18,116.44,108.5,54.5,54.5,1.81,0.91,0.91,52
18,6,Saturday,19,82.58,72.5,29.5,44.5,1.21,0.49,0.74,52
18,6,Saturday,20,48.46,49.5,22,26.5,0.82,0.37,0.44,52
18,6,Saturday,21,36.63,35,16,17,0.58,0.27,0.28,52
18,6,Saturday,22,40.33,38.5,20.5,15.5,0.64,0.34,0.26,52
18,6,Saturday,23,27.1,24.5,12.5,12,0.41,0.21,0.2,52
18,7,Sunday,0,14.67,13.5,5,7,0.22,0.08,0.12,52
18,7,Sunday,1,6.62,6.5,3,3,0.11,0.05,0.05,50
18,7,Sunday,2,4.89,4,1,2,0.07,0.02,0.03,47
18,7,Sunday,3,2.88,2,1,1,0.03,0.02,0.02,42
18,7,Sunday,4,3.19,3,1,1.5,0.05,0.02,0.03,32
18,7,Sunday,5,2.58,2,1,1,0.03,0.02,0.02,36
18,7,Sunday,6,5.33,5,2,2,0.08,0.03,0.03,49
18,7,Sunday,7,18.4,17,10,7,0.28,0.17,0.12,52
18,7,Sunday,8,39.98,37,22,16,0.62,0.37,0.27,52
18,7,Sunday,9,71.27,71,34.5,34,1.18,0.58,0.57,52
18,7,Sunday,10,104.87,106,49.5,55.5,1.77,0.82,0.92,52
18,7,Sunday,11,131.15,128.5,67.5,59.5,2.14,1.12,0.99,52
18,7,Sunday,12,177.46,162.5,90,74,2.71,1.5,1.23,52
18,7,Sunday,13,175.29,134,68,62,2.23,1.13,1.03,52
18,7,Sunday,14,164.23,134.5,82,60,2.24,1.37,1,52
18,7,Sunday,15,146.12,137.5,79.5,56.5,2.29,1.32,0.94,52
18,7,Sunday,16,120.65,116.5,66,45,1.94,1.1,0.75,52
18,7,Sunday,17,107.1,98.5,62,42,1.64,1.03,0.7,52
18,7,Sunday,18,69.54,53.5,28,24.5,0.89,0.47,0.41,52
18,7,Sunday,19,37.38,35.5,15.5,17.5,0.59,0.26,0.29,52
18,7,Sunday,20,28.87,24.5,12,13,0.41,0.2,0.22,52
18,7,Sunday,21,20.83,18,8.5,9.5,0.3,0.14,0.16,52
18,7,Sunday,22,13.13,10,5.5,5,0.17,0.09,0.08,52
18,7,Sunday,23,8.27,5,3,2,0.08,0.05,0.03,51
19,1,Monday,0,133.85,123.5,51,72,2.06,0.85,1.2,52
19,1,Monday,1,72.35,62.5,26,40.5,1.04,0.43,0.68,52
19,1,Monday,2,38.54,35.5,13.5,22,0.59,0.22,0.37,52
19,1,Monday,3,25.46,22.5,7,14,0.38,0.12,0.23,52
19,1,Monday,4,10,8,3,4.5,0.13,0.05,0.07,52
19,1,Monday,5,9.1,8,5,3,0.13,0.08,0.05,52
19,1,Monday,6,24.6,24,17,8,0.4,0.28,0.13,52
19,1,Monday,7,43.23,43.5,27,16,0.72,0.45,0.27,52
19,1,Monday,8,95.52,95.5,56,39,1.59,0.93,0.65,52
19,1,Monday,9,165.71,161,87,75,2.68,1.45,1.25,52
19,1,Monday,10,307.25,314,167.5,140,5.23,2.79,2.33,52
19,1,Monday,11,522.46,503,305.5,202.5,8.38,5.09,3.38,52
19,1,Monday,12,914.17,890,480,411,14.83,8,6.85,52
19,1,Monday,13,976.81,935,468,460.5,15.58,7.8,7.68,52
19,1,Monday,14,895.33,856,394,453.5,14.27,6.57,7.56,52
19,1,Monday,15,836.65,798,393.5,419,13.3,6.56,6.98,52
19,1,Monday,16,818.48,796,422,368,13.27,7.03,6.13,52
19,1,Monday,17,950.42,940,556,382.5,15.67,9.27,6.38,52
19,1,Monday,18,1064.98,1037,604.5,432,17.28,10.07,7.2,52
19,1,Monday,19,1008.54,982,498,477.5,16.37,8.3,7.96,52
19,1,Monday,20,848.85,832.5,357.5,453,13.88,5.96,7.55,52
19,1,Monday,21,646.37,612.5,241.5,376,10.21,4.03,6.27,52
19,1,Monday,22,364.67,335.5,136,196.5,5.59,2.27,3.28,52
19,1,Monday,23,195.83,192,72.5,112,3.2,1.21,1.87,52
19,2,Tuesday,0,100.1,96,39.5,57.5,1.6,0.66,0.96,52
19,2,Tuesday,1,57.56,54.5,21.5,31,0.91,0.36,0.52,52
19,2,Tuesday,2,26.4,25,10.5,15,0.42,0.17,0.25,52
19,2,Tuesday,3,18.33,18,8,9,0.3,0.13,0.15,52
19,2,Tuesday,4,7.38,7,2,4,0.12,0.03,0.07,52
19,2,Tuesday,5,6.77,6.5,4,2,0.11,0.07,0.03,52
19,2,Tuesday,6,24.56,25,16,8,0.42,0.27,0.13,52
19,2,Tuesday,7,51.81,51.5,30,21,0.86,0.5,0.35,52
19,2,Tuesday,8,108.6,107,64.5,43,1.78,1.07,0.72,52
19,2,Tuesday,9,164,163.5,93,73,2.72,1.55,1.22,52
19,2,Tuesday,10,289.75,290,156,131,4.83,2.6,2.18,52
19,2,Tuesday,11,495.4,483,279,204.5,8.05,4.65,3.41,52
19,2,Tuesday,12,906.69,898,478.5,426,14.97,7.97,7.1,52
19,2,Tuesday,13,944.31,918,444,469,15.3,7.4,7.82,52
19,2,Tuesday,14,846.06,818,391.5,420,13.63,6.53,7,52
19,2,Tuesday,15,805.77,783.5,390,398,13.06,6.5,6.63,52
19,2,Tuesday,16,809.02,782.5,421,367,13.04,7.02,6.12,52
19,2,Tuesday,17,995.08,975.5,589,401,16.26,9.82,6.68,52
19,2,Tuesday,18,1099.67,1088,662,443.5,18.13,11.03,7.39,52
19,2,Tuesday,19,1049.5,1049.5,537.5,504.5,17.49,8.96,8.41,52
19,2,Tuesday,20,888.23,874.5,373,495,14.57,6.22,8.25,52
19,2,Tuesday,21,696.13,686.5,260.5,418.5,11.44,4.34,6.97,52
19,2,Tuesday,22,417.46,409,156,251,6.82,2.6,4.18,52
19,2,Tuesday,23,242.5,234.5,94,141.5,3.91,1.57,2.36,52
19,3,Wednesday,0,142.83,141.5,49.5,82.5,2.36,0.82,1.38,52
19,3,Wednesday,1,88.23,85.5,33,50.5,1.43,0.55,0.84,52
19,3,Wednesday,2,41.19,42,17.5,21,0.7,0.29,0.35,52
19,3,Wednesday,3,28.65,27.5,14,12,0.46,0.23,0.2,52
19,3,Wednesday,4,14.63,12,7,5,0.2,0.12,0.08,52
19,3,Wednesday,5,10,9,5,4,0.15,0.08,0.07,51
19,3,Wednesday,6,26.73,27.5,17,9.5,0.46,0.28,0.16,52
19,3,Wednesday,7,52.56,50,32,20,0.83,0.53,0.33,52
19,3,Wednesday,8,109.08,107.5,65.5,43.5,1.79,1.09,0.72,52
19,3,Wednesday,9,165.25,161,96.5,69.5,2.68,1.61,1.16,52
19,3,Wednesday,10,303.16,301,171,127,5.02,2.85,2.12,51
19,3,Wednesday,11,524.9,517.5,308,207,8.62,5.13,3.45,52
19,3,Wednesday,12,894.83,905.5,488.5,398.5,15.09,8.14,6.64,52
19,3,Wednesday,13,935.83,919,468,442.5,15.32,7.8,7.38,52
19,3,Wednesday,14,842.19,833,395,431.5,13.88,6.58,7.19,52
19,3,Wednesday,15,819.15,787,389,413,13.12,6.48,6.88,52
19,3,Wednesday,16,830.62,824.5,425,386,13.74,7.08,6.43,52
19,3,Wednesday,17,1003.38,989,602,401.5,16.48,10.03,6.69,52
19,3,Wednesday,18,1126.42,1133.5,686.5,438,18.89,11.44,7.3,52
19,3,Wednesday,19,1070.35,1075,552,509.5,17.92,9.2,8.49,52
19,3,Wednesday,20,909.37,914.5,400,501,15.24,6.67,8.35,52
19,3,Wednesday,21,758,732,281,443,12.2,4.68,7.38,52
19,3,Wednesday,22,456.9,433,170.5,250.5,7.22,2.84,4.18,52
19,3,Wednesday,23,247.96,223.5,90,137.5,3.72,1.5,2.29,52
19,4,Thursday,0,131.5,121.5,45.5,74,2.02,0.76,1.23,52
19,4,Thursday,1,77.85,61.5,24,37,1.02,0.4,0.62,52
19,4,Thursday,2,43.56,33.5,15,17,0.56,0.25,0.28,52
19,4,Thursday,3,26.17,20,9,12,0.33,0.15,0.2,52
19,4,Thursday,4,13.06,9.5,4.5,5,0.16,0.07,0.08,52
19,4,Thursday,5,9.27,7,4,3.5,0.12,0.07,0.06,52
19,4,Thursday,6,25.48,24.5,18,7,0.41,0.3,0.12,52
19,4,Thursday,7,53.17,51,29,21,0.85,0.48,0.35,52
19,4,Thursday,8,108.12,107,63,43,1.78,1.05,0.72,52
19,4,Thursday,9,164.98,164,94,70,2.73,1.57,1.17,52
19,4,Thursday,10,305.42,297,171.5,130,4.95,2.86,2.17,52
19,4,Thursday,11,528.6,519,301,218.5,8.65,5.02,3.64,52
19,4,Thursday,12,922.1,907,482,421,15.12,8.03,7.02,52
19,4,Thursday,13,967.46,951,478.5,468.5,15.85,7.97,7.81,52
19,4,Thursday,14,853.63,835,400,431,13.92,6.67,7.18,52
19,4,Thursday,15,830.13,827,408,417.5,13.78,6.8,6.96,52
19,4,Thursday,16,861.88,850.5,460.5,394,14.18,7.68,6.57,52
19,4,Thursday,17,1104.48,1120,664.5,435,18.67,11.07,7.25,52
19,4,Thursday,18,1235.42,1229.5,722,504,20.49,12.03,8.4,52
19,4,Thursday,19,1196.21,1190.5,601,569.5,19.84,10.02,9.49,52
19,4,Thursday,20,1061.15,1063,490.5,567,17.72,8.18,9.45,52
19,4,Thursday,21,890.56,881.5,363,526.5,14.69,6.05,8.78,52
19,4,Thursday,22,573.79,552,228,330,9.2,3.8,5.5,52
19,4,Thursday,23,335.37,307.5,135,177.5,5.12,2.25,2.96,52
19,5,Friday,0,184.57,170,70,99,2.83,1.17,1.65,53
19,5,Friday,1,110.92,104,43,62,1.73,0.72,1.03,53
19,5,Friday,2,50.49,48,15,33,0.8,0.25,0.55,53
19,5,Friday,3,37.57,33,10,22,0.55,0.17,0.37,53
19,5,Friday,4,19.34,17,5,12,0.28,0.08,0.2,53
19,5,Friday,5,10.62,10,5,5,0.17,0.08,0.08,53
19,5,Friday,6,25.53,25,17,8,0.42,0.28,0.13,53
19,5,Friday,7,50.83,47,27,21,0.78,0.45,0.35,53
19,5,Friday,8,100.43,102,59,44,1.7,0.98,0.73,53
19,5,Friday,9,172.04,168,89,80,2.8,1.48,1.33,53
19,5,Friday,10,321.7,326,177,141,5.43,2.95,2.35,53
19,5,Friday,11,547.58,533,323,215,8.88,5.38,3.58,53
19,5,Friday,12,928,896,500,406,14.93,8.33,6.77,53
19,5,Friday,13,1012.83,985,491,492,16.42,8.18,8.2,53
19,5,Friday,14,948.21,903,427,481,15.05,7.12,8.02,53
19,5,Friday,15,901.08,883,435,455,14.72,7.25,7.58,53
19,5,Friday,16,947.85,936,535,407,15.6,8.92,6.78,53
19,5,Friday,17,1194.28,1187,757,451,19.78,12.62,7.52,53
19,5,Friday,18,1425.77,1414,886,539,23.57,14.77,8.98,53
19,5,Friday,19,1471.57,1458,795,657,24.3,13.25,10.95,53
19,5,Friday,20,1379.74,1384,678,694,23.07,11.3,11.57,53
19,5,Friday,21,1232.51,1228,537,674,20.47,8.95,11.23,53
19,5,Friday,22,1000.3,1004,407,604,16.73,6.78,10.07,53
19,5,Friday,23,688.32,682,301,377,11.37,5.02,6.28,53
19,6,Saturday,0,434.44,423,169,247.5,7.05,2.82,4.12,52
19,6,Saturday,1,267.9,269.5,102.5,166.5,4.49,1.71,2.78,52
19,6,Saturday,2,142.31,139.5,49,91,2.33,0.82,1.52,52
19,6,Saturday,3,88.23,86.5,28.5,58,1.44,0.48,0.97,52
19,6,Saturday,4,37.37,36,13,21.5,0.6,0.22,0.36,52
19,6,Saturday,5,16.04,15,6,9,0.25,0.1,0.15,52
19,6,Saturday,6,13.75,13,7,5,0.22,0.12,0.08,52
19,6,Saturday,7,27.71,26,12,14,0.43,0.2,0.23,52
19,6,Saturday,8,66.88,63,31.5,31.5,1.05,0.52,0.52,52
19,6,Saturday,9,145.73,142,68,74,2.37,1.13,1.23,52
19,6,Saturday,10,348.62,340.5,187,152.5,5.68,3.12,2.54,52
19,6,Saturday,11,656.92,645,391,253,10.75,6.52,4.22,52
19,6,Saturday,12,1056,1055.5,618.5,434.5,17.59,10.31,7.24,52
19,6,Saturday,13,1279.81,1268,660,597,21.13,11,9.95,52
19,6,Saturday,14,1282.02,1271,620,649.5,21.18,10.33,10.82,52
19,6,Saturday,15,1217.1,1244.5,624.5,609.5,20.74,10.41,10.16,52
19,6,Saturday,16,1250.85,1257.5,709,540.5,20.96,11.82,9.01,52
19,6,Saturday,17,1419.38,1407.5,888,537,23.46,14.8,8.95,52
19,6,Saturday,18,1565.67,1559,970.5,601.5,25.98,16.18,10.03,52
19,6,Saturday,19,1586.44,1586,909,687,26.43,15.15,11.45,52
19,6,Saturday,20,1405.5,1433,672,742,23.88,11.2,12.37,52
19,6,Saturday,21,1241.98,1227.5,526,710.5,20.46,8.77,11.84,52
19,6,Saturday,22,1057.88,1053,445.5,601,17.55,7.42,10.02,52
19,6,Saturday,23,760.79,755.5,363.5,395,12.59,6.06,6.58,52
19,7,Sunday,0,524.17,496,222.5,277,8.27,3.71,4.62,52
19,7,Sunday,1,344.5,341,142,202.5,5.68,2.37,3.38,52
19,7,Sunday,2,181.1,180,62,113,3,1.03,1.88,51
19,7,Sunday,3,125.65,120.5,40.5,78,2.01,0.68,1.3,52
19,7,Sunday,4,54.15,52,19,33,0.87,0.32,0.55,52
19,7,Sunday,5,26.35,24,9.5,14,0.4,0.16,0.23,52
19,7,Sunday,6,17.02,17,6,10,0.28,0.1,0.17,52
19,7,Sunday,7,25.12,23.5,12,12,0.39,0.2,0.2,52
19,7,Sunday,8,52.62,49.5,25.5,26,0.82,0.42,0.43,52
19,7,Sunday,9,138.62,131.5,64,64,2.19,1.07,1.07,52
19,7,Sunday,10,342.85,323.5,191,134.5,5.39,3.18,2.24,52
19,7,Sunday,11,649.81,621.5,385.5,242.5,10.36,6.42,4.04,52
19,7,Sunday,12,1066.67,1050,603.5,451.5,17.5,10.06,7.53,52
19,7,Sunday,13,1221.31,1205,615.5,589,20.08,10.26,9.82,52
19,7,Sunday,14,1200.98,1190.5,562.5,622.5,19.84,9.38,10.38,52
19,7,Sunday,15,1157.62,1148.5,553.5,594.5,19.14,9.22,9.91,52
19,7,Sunday,16,1106.96,1117,604.5,485.5,18.62,10.07,8.09,52
19,7,Sunday,17,1170.96,1177,721,436.5,19.62,12.02,7.28,52
19,7,Sunday,18,1223,1193,706,492.5,19.88,11.77,8.21,52
19,7,Sunday,19,1176.13,1158.5,608,551,19.31,10.13,9.18,52
19,7,Sunday,20,975.88,964,419,535.5,16.07,6.98,8.93,52
19,7,Sunday,21,773.92,737.5,287.5,455,12.29,4.79,7.58,52
19,7,Sunday,22,460.92,423.5,178.5,257.5,7.06,2.98,4.29,52
19,7,Sunday,23,257.56,235.5,94,138.5,3.92,1.57,2.31,52
20,1,Monday,0,64.02,50,18.5,32,0.83,0.31,0.53,52
20,1,Monday,1,33.17,22,12,11,0.37,0.2,0.18,52
20,1,Monday,2,20.77,15.5,7,8.5,0.26,0.12,0.14,52
20,1,Monday,3,13.58,11.5,6,6,0.19,0.1,0.1,52
20,1,Monday,4,10.8,11,4,6,0.18,0.07,0.1,51
20,1,Monday,5,9.37,8,4,4.5,0.13,0.07,0.07,52
20,1,Monday,6,20.02,18.5,9,9,0.31,0.15,0.15,52
20,1,Monday,7,53.63,53.5,28,25,0.89,0.47,0.42,52
20,1,Monday,8,98.92,98,46,54,1.63,0.77,0.9,52
20,1,Monday,9,116.38,111,53.5,60.5,1.85,0.89,1.01,52
20,1,Monday,10,188.48,192,94,92.5,3.2,1.57,1.54,52
20,1,Monday,11,286.9,292.5,141.5,141.5,4.88,2.36,2.36,52
20,1,Monday,12,496.37,506,245,257.5,8.43,4.08,4.29,52
20,1,Monday,13,492.96,484,222.5,263,8.07,3.71,4.38,52
20,1,Monday,14,383.25,364,154.5,216.5,6.07,2.58,3.61,52
20,1,Monday,15,343.08,340.5,137.5,198,5.68,2.29,3.3,52
20,1,Monday,16,317.12,307,143,165.5,5.12,2.38,2.76,52
20,1,Monday,17,434.52,433.5,231,204,7.22,3.85,3.4,52
20,1,Monday,18,537.1,515.5,273,236.5,8.59,4.55,3.94,52
20,1,Monday,19,554.67,517,231.5,284.5,8.62,3.86,4.74,52
20,1,Monday,20,462.06,434.5,163,267.5,7.24,2.72,4.46,52
20,1,Monday,21,350.06,327,109,222,5.45,1.82,3.7,52
20,1,Monday,22,185.13,151.5,55.5,97.5,2.52,0.92,1.62,52
20,1,Monday,23,91.54,66,25.5,40.5,1.1,0.42,0.68,52
20,2,Tuesday,0,47.63,35.5,13,20.5,0.59,0.22,0.34,52
20,2,Tuesday,1,30.25,18,10,9,0.3,0.17,0.15,52
20,2,Tuesday,2,23.17,12,7,5,0.2,0.12,0.08,52
20,2,Tuesday,3,10.73,10,4.5,5,0.17,0.07,0.08,52
20,2,Tuesday,4,9.77,9,3,5.5,0.15,0.05,0.09,52
20,2,Tuesday,5,7.42,6,3,3,0.1,0.05,0.05,50
20,2,Tuesday,6,20.98,21,9,12,0.35,0.15,0.2,52
20,2,Tuesday,7,54.19,54.5,28,25,0.91,0.47,0.42,52
20,2,Tuesday,8,117.85,116.5,55,61,1.94,0.92,1.02,52
20,2,Tuesday,9,118.83,116.5,58.5,56.5,1.94,0.98,0.94,52
20,2,Tuesday,10,176.52,173.5,88.5,84,2.89,1.48,1.4,52
20,2,Tuesday,11,291.83,286.5,150,138,4.78,2.5,2.3,52
20,2,Tuesday,12,562.71,570,281.5,276,9.5,4.69,4.6,52
20,2,Tuesday,13,531.25,521.5,237.5,276.5,8.69,3.96,4.61,52
20,2,Tuesday,14,383.88,378,153,229,6.3,2.55,3.82,52
20,2,Tuesday,15,354.46,344.5,142.5,203,5.74,2.38,3.38,52
20,2,Tuesday,16,363.5,351.5,171,185.5,5.86,2.85,3.09,52
20,2,Tuesday,17,556.9,559,321.5,244.5,9.32,5.36,4.08,52
20,2,Tuesday,18,686.92,669.5,376,297.5,11.16,6.27,4.96,52
20,2,Tuesday,19,668.08,624,284.5,346,10.4,4.74,5.77,52
20,2,Tuesday,20,539.94,513.5,185,335,8.56,3.08,5.58,52
20,2,Tuesday,21,462,458.5,118.5,330.5,7.64,1.98,5.51,52
20,2,Tuesday,22,240.77,231,66,163,3.85,1.1,2.72,52
20,2,Tuesday,23,102.16,95,31,64,1.58,0.52,1.07,51
20,3,Wednesday,0,50.86,47,16,32,0.78,0.27,0.53,51
20,3,Wednesday,1,25.33,24,10,13,0.4,0.17,0.22,51
20,3,Wednesday,2,15.14,14,8,7,0.23,0.13,0.12,51
20,3,Wednesday,3,9.75,9,4,5,0.15,0.07,0.08,51
20,3,Wednesday,4,9.21,8.5,3,5,0.14,0.05,0.08,52
20,3,Wednesday,5,8.65,8,3,4.5,0.13,0.05,0.07,52
20,3,Wednesday,6,24.63,21,10,11,0.35,0.17,0.18,52
20,3,Wednesday,7,56.33,54.5,29,25,0.91,0.48,0.42,52
20,3,Wednesday,8,120.63,119.5,57.5,60,1.99,0.96,1,52
20,3,Wednesday,9,128.94,129,62.5,63.5,2.15,1.04,1.06,52
20,3,Wednesday,10,201.31,199.5,99.5,101,3.33,1.66,1.68,52
20,3,Wednesday,11,334.6,331,169.5,156.5,5.52,2.83,2.61,52
20,3,Wednesday,12,608.35,608.5,320.5,289.5,10.14,5.34,4.82,52
20,3,Wednesday,13,554.71,558,261.5,284.5,9.3,4.36,4.74,52
20,3,Wednesday,14,415.87,411.5,166,248.5,6.86,2.77,4.14,52
20,3,Wednesday,15,429.42,409,154,260.5,6.82,2.57,4.34,52
20,3,Wednesday,16,398.77,394,189,202,6.57,3.15,3.37,52
20,3,Wednesday,17,588.6,573.5,330,250.5,9.56,5.5,4.18,52
20,3,Wednesday,18,746.88,739.5,439.5,295,12.32,7.32,4.92,52
20,3,Wednesday,19,706.19,690,320,371,11.5,5.33,6.18,52
20,3,Wednesday,20,569.92,564.5,202,356,9.41,3.37,5.93,52
20,3,Wednesday,21,556.94,550,141,398,9.17,2.35,6.63,52
20,3,Wednesday,22,289.12,274.5,84.5,187,4.58,1.41,3.12,52
20,3,Wednesday,23,146.96,125.5,44.5,87,2.09,0.74,1.45,52
20,4,Thursday,0,80.6,59.5,20,39.5,0.99,0.33,0.66,52
20,4,Thursday,1,47.92,28,12,14,0.47,0.2,0.23,52
20,4,Thursday,2,27.27,15.5,7,6.5,0.26,0.12,0.11,52
20,4,Thursday,3,18.06,10,5,6,0.17,0.08,0.1,52
20,4,Thursday,4,16.55,10,4,6,0.17,0.07,0.1,51
20,4,Thursday,5,10.18,7,3,4,0.12,0.05,0.07,51
20,4,Thursday,6,21.69,21,10,10,0.35,0.17,0.17,52
20,4,Thursday,7,59.9,58.5,31.5,27,0.98,0.52,0.45,52
20,4,Thursday,8,122.06,124,56,64.5,2.07,0.93,1.07,52
20,4,Thursday,9,127.06,129,63,65,2.15,1.05,1.08,52
20,4,Thursday,10,188.23,184.5,91.5,94.5,3.08,1.52,1.57,52
20,4,Thursday,11,317.54,303,162,146.5,5.05,2.7,2.44,52
20,4,Thursday,12,588.62,586.5,281,300.5,9.78,4.68,5.01,52
20,4,Thursday,13,550.12,550,258,285.5,9.17,4.3,4.76,52
20,4,Thursday,14,418.92,411,167.5,240,6.85,2.79,4,52
20,4,Thursday,15,384.96,377,161.5,216,6.28,2.69,3.6,52
20,4,Thursday,16,421.77,431,215.5,212,7.18,3.59,3.53,52
20,4,Thursday,17,665.27,680.5,384,281,11.34,6.4,4.68,52
20,4,Thursday,18,854.87,832,483.5,352,13.87,8.06,5.87,52
20,4,Thursday,19,847.65,772.5,347,426.5,12.88,5.78,7.11,52
20,4,Thursday,20,697.04,656.5,238,424,10.94,3.97,7.07,52
20,4,Thursday,21,660.15,616.5,182.5,446,10.28,3.04,7.43,52
20,4,Thursday,22,470.04,438.5,138.5,303,7.31,2.31,5.05,52
20,4,Thursday,23,305.08,245.5,87.5,153.5,4.09,1.46,2.56,52
20,5,Friday,0,203.11,148,61,97,2.47,1.02,1.62,53
20,5,Friday,1,127.04,113,53,58,1.88,0.88,0.97,53
20,5,Friday,2,106.02,89,44,47,1.48,0.73,0.78,53
20,5,Friday,3,93.68,86,42,45,1.43,0.7,0.75,53
20,5,Friday,4,58.62,49,18,27,0.82,0.3,0.45,53
20,5,Friday,5,15.57,12,4,7,0.2,0.07,0.12,53
20,5,Friday,6,24.91,22,13,11,0.37,0.22,0.18,53
20,5,Friday,7,51.53,48,25,25,0.8,0.42,0.42,53
20,5,Friday,8,101.87,97,41,54,1.62,0.68,0.9,53
20,5,Friday,9,129.72,129,58,69,2.15,0.97,1.15,53
20,5,Friday,10,204.96,204,104,97,3.4,1.73,1.62,53
20,5,Friday,11,321.79,328,166,149,5.47,2.77,2.48,53
20,5,Friday,12,528.7,534,281,242,8.9,4.68,4.03,53
20,5,Friday,13,552.68,541,249,282,9.02,4.15,4.7,53
20,5,Friday,14,452.75,440,187,261,7.33,3.12,4.35,53
20,5,Friday,15,422.87,426,185,238,7.1,3.08,3.97,53
20,5,Friday,16,451.34,448,233,211,7.47,3.88,3.52,53
20,5,Friday,17,717.25,715,441,276,11.92,7.35,4.6,53
20,5,Friday,18,1017.94,1002,576,421,16.7,9.6,7.02,53
20,5,Friday,19,1214.49,1191,581,605,19.85,9.68,10.08,53
20,5,Friday,20,1030,1000,400,599,16.67,6.67,9.98,53
20,5,Friday,21,886.87,883,322,567,14.72,5.37,9.45,53
20,5,Friday,22,938.02,931,273,657,15.52,4.55,10.95,53
20,5,Friday,23,580.64,546,226,324,9.1,3.77,5.4,53
20,6,Saturday,0,376.58,351.5,122.5,222.5,5.86,2.04,3.71,52
20,6,Saturday,1,241.65,210.5,85,129,3.51,1.42,2.15,52
20,6,Saturday,2,155.35,135,49,87.5,2.25,0.82,1.46,52
20,6,Saturday,3,106.31,91.5,28,59.5,1.52,0.47,0.99,52
20,6,Saturday,4,40.27,29.5,12,18.5,0.49,0.2,0.31,52
20,6,Saturday,5,17.02,14,6,9,0.23,0.1,0.15,52
20,6,Saturday,6,19.81,19,9,9,0.32,0.15,0.15,52
20,6,Saturday,7,42.71,42.5,23,19,0.71,0.38,0.32,52
20,6,Saturday,8,72.13,67.5,32.5,34,1.12,0.54,0.57,52
20,6,Saturday,9,118.48,118.5,53.5,65,1.98,0.89,1.08,52
20,6,Saturday,10,224.38,223,117,105.5,3.72,1.95,1.76,52
20,6,Saturday,11,402.23,409.5,227.5,178.5,6.82,3.79,2.98,52
20,6,Saturday,12,604.67,609,348,254.5,10.15,5.8,4.24,52
20,6,Saturday,13,781.44,801,410.5,389.5,13.35,6.84,6.49,52
20,6,Saturday,14,647.15,653,255,386,10.88,4.25,6.43,52
20,6,Saturday,15,586.44,596.5,247.5,351.5,9.94,4.12,5.86,52
20,6,Saturday,16,738.73,746,320.5,424.5,12.43,5.34,7.08,52
20,6,Saturday,17,899.29,896.5,513,387,14.94,8.55,6.45,52
20,6,Saturday,18,1154.48,1180.5,634,539,19.68,10.57,8.98,52
20,6,Saturday,19,1266.31,1243.5,608,643.5,20.73,10.13,10.72,52
20,6,Saturday,20,1073.79,1049.5,434.5,633.5,17.49,7.24,10.56,52
20,6,Saturday,21,943.54,938,343.5,590,15.63,5.72,9.83,52
20,6,Saturday,22,1053.83,1029.5,334,688,17.16,5.57,11.47,52
20,6,Saturday,23,1007.54,1055,492.5,562,17.58,8.21,9.37,52
20,7,Sunday,0,887.33,937,405,530,15.62,6.75,8.83,52
20,7,Sunday,1,524.83,495,204,287,8.25,3.4,4.78,52
20,7,Sunday,2,298.59,294,120,177,4.9,2,2.95,51
20,7,Sunday,3,231.71,229.5,87,142,3.83,1.45,2.37,52
20,7,Sunday,4,109.4,109,52.5,55.5,1.82,0.88,0.92,52
20,7,Sunday,5,51.52,40.5,21,22,0.68,0.35,0.37,52
20,7,Sunday,6,25.06,24.5,10,13.5,0.41,0.17,0.22,52
20,7,Sunday,7,38.44,37,20,16.5,0.62,0.33,0.28,52
20,7,Sunday,8,63.98,56,27,30.5,0.93,0.45,0.51,52
20,7,Sunday,9,122.67,111.5,51.5,61.5,1.86,0.86,1.02,52
20,7,Sunday,10,261.9,255,144.5,107,4.25,2.41,1.78,52
20,7,Sunday,11,446.5,421,233.5,182,7.02,3.89,3.03,52
20,7,Sunday,12,699.12,683.5,389,291.5,11.39,6.48,4.86,52
20,7,Sunday,13,705.62,675.5,312,380,11.26,5.2,6.33,52
20,7,Sunday,14,623.23,611,231,380.5,10.18,3.85,6.34,52
20,7,Sunday,15,635.73,623.5,204.5,413.5,10.39,3.41,6.89,52
20,7,Sunday,16,527.58,520.5,267.5,262,8.68,4.46,4.37,52
20,7,Sunday,17,675.4,668,386.5,274,11.13,6.44,4.57,52
20,7,Sunday,18,777.52,731.5,397,330,12.19,6.62,5.5,52
20,7,Sunday,19,778.13,745.5,315,408.5,12.43,5.25,6.81,52
20,7,Sunday,20,644.85,614,213,409.5,10.23,3.55,6.82,52
20,7,Sunday,21,546.6,509,136.5,385.5,8.48,2.28,6.42,52
20,7,Sunday,22,275.5,261,86,166.5,4.35,1.43,2.78,52
20,7,Sunday,23,130.23,110,38,71.5,1.83,0.63,1.19,52
21,1,Monday,0,78.1,68.5,30,36,1.14,0.5,0.6,52
21,1,Monday,1,46.12,39.5,17,21,0.66,0.28,0.35,52
21,1,Monday,2,25.96,20,10,9,0.33,0.17,0.15,52
21,1,Monday,3,19.31,17,8,7,0.28,0.13,0.12,52
21,1,Monday,4,12.36,8,3,5,0.13,0.05,0.08,50
21,1,Monday,5,12.21,10.5,3,7,0.17,0.05,0.12,52
21,1,Monday,6,30.73,29,9.5,19,0.48,0.16,0.32,52
21,1,Monday,7,67.33,66,32,35,1.1,0.53,0.58,52
21,1,Monday,8,148,155.5,69.5,79.5,2.59,1.16,1.32,52
21,1,Monday,9,187.94,187.5,94,91,3.12,1.57,1.52,52
21,1,Monday,10,293.33,289.5,155,137.5,4.82,2.58,2.29,52
21,1,Monday,11,483.42,494.5,261.5,217,8.24,4.36,3.62,52
21,1,Monday,12,948.31,992,527,447,16.53,8.78,7.45,52
21,1,Monday,13,948.21,947,455,489.5,15.78,7.58,8.16,52
21,1,Monday,14,744.12,729,329.5,382.5,12.15,5.49,6.38,52
21,1,Monday,15,681.48,658,322.5,339,10.97,5.38,5.65,52
21,1,Monday,16,660.98,641.5,316.5,328,10.69,5.28,5.47,52
21,1,Monday,17,737.48,720,391.5,335,12,6.53,5.58,52
21,1,Monday,18,709.88,689.5,358,328.5,11.49,5.97,5.47,52
21,1,Monday,19,638.6,580,277,311,9.67,4.62,5.18,52
21,1,Monday,20,488.75,453,203.5,250.5,7.55,3.39,4.18,52
21,1,Monday,21,322.81,314,131.5,183.5,5.23,2.19,3.06,52
21,1,Monday,22,207.46,198.5,88,106.5,3.31,1.47,1.77,52
21,1,Monday,23,95.88,89.5,38,45,1.49,0.63,0.75,52
21,2,Tuesday,0,53.1,46,22,23.5,0.77,0.37,0.39,52
21,2,Tuesday,1,32.15,26,12,15,0.43,0.2,0.25,52
21,2,Tuesday,2,15.92,13,6,7,0.22,0.1,0.12,52
21,2,Tuesday,3,9.67,7,3,4,0.12,0.05,0.07,52
21,2,Tuesday,4,6.25,6,2,3,0.1,0.03,0.05,52
21,2,Tuesday,5,9.92,10,3,6,0.17,0.05,0.1,52
21,2,Tuesday,6,35.4,34,11,23.5,0.57,0.18,0.39,52
21,2,Tuesday,7,82.77,81.5,39,42,1.36,0.65,0.7,52
21,2,Tuesday,8,178.94,186.5,86,96,3.11,1.43,1.6,52
21,2,Tuesday,9,205.67,201,106.5,94,3.35,1.77,1.57,52
21,2,Tuesday,10,296.35,293,153.5,126.5,4.88,2.56,2.11,52
21,2,Tuesday,11,479.67,483,268,212,8.05,4.47,3.53,52
21,2,Tuesday,12,1034.15,1065,591.5,464,17.75,9.86,7.73,52
21,2,Tuesday,13,1010.48,1030,484.5,543,17.17,8.07,9.05,52
21,2,Tuesday,14,707.73,714,334.5,377,11.9,5.58,6.28,52
21,2,Tuesday,15,657.69,654.5,313.5,339,10.91,5.22,5.65,52
21,2,Tuesday,16,683.33,679.5,334,347.5,11.32,5.57,5.79,52
21,2,Tuesday,17,828.75,806.5,430.5,378,13.44,7.18,6.3,52
21,2,Tuesday,18,759.9,734.5,381,344,12.24,6.35,5.73,52
21,2,Tuesday,19,690.29,619.5,284.5,337,10.32,4.74,5.62,52
21,2,Tuesday,20,526.21,499,229,268,8.32,3.82,4.47,52
21,2,Tuesday,21,355.15,346.5,158,193,5.78,2.63,3.22,52
21,2,Tuesday,22,235.79,226,100.5,123,3.77,1.68,2.05,52
21,2,Tuesday,23,121.15,110.5,52.5,62,1.84,0.88,1.03,52
21,3,Wednesday,0,59.37,52,21.5,30,0.87,0.36,0.5,52
21,3,Wednesday,1,32.79,29,13.5,17,0.48,0.22,0.28,52
21,3,Wednesday,2,15.25,13.5,6,8,0.22,0.1,0.13,52
21,3,Wednesday,3,10.42,10.5,5,6,0.17,0.08,0.1,52
21,3,Wednesday,4,7.51,7,3,4,0.12,0.05,0.07,51
21,3,Wednesday,5,10.73,10,3,7,0.17,0.05,0.12,52
21,3,Wednesday,6,33.85,34,11,22,0.57,0.18,0.37,52
21,3,Wednesday,7,82.98,83,38,44,1.38,0.63,0.73,52
21,3,Wednesday,8,186.44,191,87,97,3.18,1.45,1.62,52
21,3,Wednesday,9,209.94,206.5,104.5,96,3.44,1.74,1.6,52
21,3,Wednesday,10,305.87,303,157,144,5.05,2.62,2.4,52
21,3,Wednesday,11,502.46,499,280,221,8.32,4.67,3.68,52
21,3,Wednesday,12,1043.29,1071,566,479,17.85,9.43,7.98,52
21,3,Wednesday,13,1014.31,1027.5,476.5,558,17.12,7.94,9.3,52
21,3,Wednesday,14,747.4,745,352.5,392,12.42,5.88,6.53,52
21,3,Wednesday,15,687.42,659.5,323.5,338.5,10.99,5.39,5.64,52
21,3,Wednesday,16,714.15,702,349,358.5,11.7,5.82,5.97,52
21,3,Wednesday,17,834.06,806,443,372.5,13.43,7.38,6.21,52
21,3,Wednesday,18,767.37,751.5,376.5,368.5,12.53,6.28,6.14,52
21,3,Wednesday,19,693.48,678.5,328,354,11.31,5.47,5.9,52
21,3,Wednesday,20,547.87,508,232.5,294.5,8.47,3.88,4.91,52
21,3,Wednesday,21,394.04,390,172,215,6.5,2.87,3.58,52
21,3,Wednesday,22,268.1,242.5,111,136,4.04,1.85,2.27,52
21,3,Wednesday,23,146.79,123.5,56.5,74.5,2.06,0.94,1.24,52
21,4,Thursday,0,92.1,65.5,31,32,1.09,0.52,0.53,52
21,4,Thursday,1,59.23,43.5,22,21,0.72,0.37,0.35,52
21,4,Thursday,2,31.94,21.5,10,12,0.36,0.17,0.2,52
21,4,Thursday,3,22.15,13.5,5,8,0.22,0.08,0.13,52
21,4,Thursday,4,10.85,6.5,3,4,0.11,0.05,0.07,52
21,4,Thursday,5,13.46,12,3,8.5,0.2,0.05,0.14,52
21,4,Thursday,6,33.98,34,10,23,0.57,0.17,0.38,52
21,4,Thursday,7,83.81,87,39.5,45,1.45,0.66,0.75,52
21,4,Thursday,8,177.73,179,82.5,99.5,2.98,1.38,1.66,52
21,4,Thursday,9,209.31,209.5,107,103.5,3.49,1.78,1.73,52
21,4,Thursday,10,304.29,308.5,164,144,5.14,2.73,2.4,52
21,4,Thursday,11,500.87,502,282.5,220.5,8.37,4.71,3.67,52
21,4,Thursday,12,1051.6,1048,556,484.5,17.47,9.27,8.07,52
21,4,Thursday,13,1017.23,985,471.5,529,16.42,7.86,8.82,52
21,4,Thursday,14,729.38,728,348,384.5,12.13,5.8,6.41,52
21,4,Thursday,15,673.88,688.5,323,342,11.47,5.38,5.7,52
21,4,Thursday,16,713.56,740,358,369,12.33,5.97,6.15,52
21,4,Thursday,17,895.12,872,466.5,403.5,14.53,7.78,6.72,52
21,4,Thursday,18,866.06,862,457,405.5,14.37,7.62,6.76,52
21,4,Thursday,19,771.54,760.5,383,378.5,12.68,6.38,6.31,52
21,4,Thursday,20,618.1,594.5,284,310.5,9.91,4.73,5.18,52
21,4,Thursday,21,479.63,464.5,208.5,253,7.74,3.48,4.22,52
21,4,Thursday,22,370.23,351,170,177,5.85,2.83,2.95,52
21,4,Thursday,23,229.48,208,104,106.5,3.47,1.73,1.77,52
21,5,Friday,0,139.85,128,61,66,2.13,1.02,1.1,53
21,5,Friday,1,90.15,79,38,40,1.32,0.63,0.67,53
21,5,Friday,2,51.7,46,23,22,0.77,0.38,0.37,53
21,5,Friday,3,30.77,26,9,14,0.43,0.15,0.23,53
21,5,Friday,4,16.55,13,5,8,0.22,0.08,0.13,53
21,5,Friday,5,13.49,12,3,9,0.2,0.05,0.15,53
21,5,Friday,6,35.43,35,11,24,0.58,0.18,0.4,53
21,5,Friday,7,68.4,68,32,36,1.13,0.53,0.6,53
21,5,Friday,8,142.92,150,64,86,2.5,1.07,1.43,53
21,5,Friday,9,207.77,208,106,101,3.47,1.77,1.68,53
21,5,Friday,10,326.96,325,171,151,5.42,2.85,2.52,53
21,5,Friday,11,516.75,517,279,237,8.62,4.65,3.95,53
21,5,Friday,12,939.02,949,511,431,15.82,8.52,7.18,53
21,5,Friday,13,960.49,955,439,519,15.92,7.32,8.65,53
21,5,Friday,14,796.58,800,359,417,13.33,5.98,6.95,53
21,5,Friday,15,744.58,755,359,388,12.58,5.98,6.47,53
21,5,Friday,16,789.85,783,392,394,13.05,6.53,6.57,53
21,5,Friday,17,948.72,942,504,438,15.7,8.4,7.3,53
21,5,Friday,18,1007.58,961,491,459,16.02,8.18,7.65,53
21,5,Friday,19,1018.62,975,476,499,16.25,7.93,8.32,53
21,5,Friday,20,821.23,769,375,419,12.82,6.25,6.98,53
21,5,Friday,21,681.47,678,321,373,11.3,5.35,6.22,53
21,5,Friday,22,645.36,643,305,346,10.72,5.08,5.77,53
21,5,Friday,23,483.83,457,228,239,7.62,3.8,3.98,53
21,6,Saturday,0,354.9,332.5,160,175,5.54,2.67,2.92,52
21,6,Saturday,1,233.21,226.5,101.5,119,3.78,1.69,1.98,52
21,6,Saturday,2,142.23,139.5,70,73,2.33,1.17,1.22,52
21,6,Saturday,3,104.29,95,54.5,40.5,1.58,0.91,0.68,52
21,6,Saturday,4,40.12,37,14.5,23,0.62,0.24,0.38,52
21,6,Saturday,5,21.21,19.5,6.5,12,0.32,0.11,0.2,52
21,6,Saturday,6,27.38,25,11,14.5,0.42,0.18,0.24,52
21,6,Saturday,7,41.77,38,18,20.5,0.63,0.3,0.34,52
21,6,Saturday,8,87.23,86.5,43,41.5,1.44,0.72,0.69,52
21,6,Saturday,9,174.08,168.5,87.5,83,2.81,1.46,1.38,52
21,6,Saturday,10,320.23,320.5,175,147,5.34,2.92,2.45,52
21,6,Saturday,11,554.73,553,309,249,9.22,5.15,4.15,52
21,6,Saturday,12,835.13,850,450.5,401,14.17,7.51,6.68,52
21,6,Saturday,13,988.48,1007.5,487,521,16.79,8.12,8.68,52
21,6,Saturday,14,1024.1,1046,492.5,545,17.43,8.21,9.08,52
21,6,Saturday,15,997.92,1031,479.5,543.5,17.18,7.99,9.06,52
21,6,Saturday,16,1052.08,1083,536.5,552.5,18.05,8.94,9.21,52
21,6,Saturday,17,1098.73,1110,574,517.5,18.5,9.57,8.62,52
21,6,Saturday,18,1150.13,1108.5,554,565,18.48,9.23,9.42,52
21,6,Saturday,19,1191.33,1130.5,537.5,589,18.84,8.96,9.82,52
21,6,Saturday,20,916.19,873.5,400,458,14.56,6.67,7.63,52
21,6,Saturday,21,763.81,768.5,323.5,436.5,12.81,5.39,7.28,52
21,6,Saturday,22,717.56,725.5,335,394.5,12.09,5.58,6.58,52
21,6,Saturday,23,587.85,589.5,301.5,291.5,9.82,5.03,4.86,52
21,7,Sunday,0,457.17,454,225.5,231.5,7.57,3.76,3.86,52
21,7,Sunday,1,339.63,359,171.5,181.5,5.98,2.86,3.02,52
21,7,Sunday,2,208.31,200,105,95,3.33,1.75,1.58,51
21,7,Sunday,3,168.81,178,101.5,67.5,2.97,1.69,1.12,52
21,7,Sunday,4,64.1,62.5,28,35,1.04,0.47,0.58,52
21,7,Sunday,5,34.33,32,13,18.5,0.53,0.22,0.31,52
21,7,Sunday,6,32.13,32.5,13,18,0.54,0.22,0.3,52
21,7,Sunday,7,40.38,37,17.5,19,0.62,0.29,0.32,52
21,7,Sunday,8,77.63,74,36.5,36,1.23,0.61,0.6,52
21,7,Sunday,9,159.83,155.5,78.5,71.5,2.59,1.31,1.19,52
21,7,Sunday,10,314.9,299.5,157.5,136.5,4.99,2.62,2.28,52
21,7,Sunday,11,546.13,533.5,296,233.5,8.89,4.93,3.89,52
21,7,Sunday,12,839.15,844.5,430.5,393,14.07,7.18,6.55,52
21,7,Sunday,13,958.37,967.5,453,504,16.12,7.55,8.4,52
21,7,Sunday,14,956.69,949.5,446.5,493.5,15.82,7.44,8.22,52
21,7,Sunday,15,912.77,933,430,488.5,15.55,7.17,8.14,52
21,7,Sunday,16,885.92,849,435.5,436,14.15,7.26,7.27,52
21,7,Sunday,17,861.75,842,427,410.5,14.03,7.12,6.84,52
21,7,Sunday,18,819.69,762.5,392.5,376.5,12.71,6.54,6.28,52
21,7,Sunday,19,754.19,689.5,327,365.5,11.49,5.45,6.09,52
21,7,Sunday,20,563.17,520.5,235,286.5,8.68,3.92,4.78,52
21,7,Sunday,21,391.98,360,158.5,206.5,6,2.64,3.44,52
21,7,Sunday,22,252.19,224.5,95.5,128,3.74,1.59,2.13,52
21,7,Sunday,23,152.21,123.5,53.5,73,2.06,0.89,1.22,52
23,1,Monday,0,42.77,35.5,12.5,23.5,0.59,0.21,0.39,52
23,1,Monday,1,16.52,13.5,5,8,0.22,0.08,0.13,52
23,1,Monday,2,10.44,9,3,5.5,0.15,0.05,0.09,52
23,1,Monday,3,9.94,8.5,3,5,0.14,0.05,0.08,52
23,1,Monday,4,10.31,9,3,5,0.15,0.05,0.08,52
23,1,Monday,5,36.6,35,20.5,15.5,0.58,0.34,0.26,52
23,1,Monday,6,153.63,160.5,92,72,2.67,1.53,1.2,52
23,1,Monday,7,392.06,432.5,268,159,7.21,4.47,2.65,52
23,1,Monday,8,916.35,999,703,306.5,16.65,11.72,5.11,52
23,1,Monday,9,577.1,621,405.5,215,10.35,6.76,3.58,52
23,1,Monday,10,407.87,423,204.5,204,7.05,3.41,3.4,52
23,1,Monday,11,421.19,428,196.5,232.5,7.13,3.28,3.88,52
23,1,Monday,12,792.33,853.5,371.5,479.5,14.22,6.19,7.99,52
23,1,Monday,13,647.38,691.5,269.5,409.5,11.53,4.49,6.82,52
23,1,Monday,14,434.17,443.5,171.5,271.5,7.39,2.86,4.53,52
23,1,Monday,15,457.88,463,167.5,299,7.72,2.79,4.98,52
23,1,Monday,16,637.44,670.5,197,475.5,11.18,3.28,7.92,52
23,1,Monday,17,880.29,962,289.5,673.5,16.03,4.82,11.22,52
23,1,Monday,18,448.21,466.5,167.5,295.5,7.78,2.79,4.92,52
23,1,Monday,19,278.46,279,103,177,4.65,1.72,2.95,52
23,1,Monday,20,216.08,215.5,76.5,141.5,3.59,1.27,2.36,52
23,1,Monday,21,164.4,166.5,52,112,2.78,0.87,1.87,52
23,1,Monday,22,108.04,109,31,75,1.82,0.52,1.25,52
23,1,Monday,23,55.88,53.5,18,34,0.89,0.3,0.57,52
23,2,Tuesday,0,30.17,28,9,17,0.47,0.15,0.28,52
23,2,Tuesday,1,14.13,14,4,8.5,0.23,0.07,0.14,52
23,2,Tuesday,2,7.37,7,3,4,0.12,0.05,0.07,52
23,2,Tuesday,3,7.88,7,3,4,0.12,0.05,0.07,52
23,2,Tuesday,4,7.44,7,3,4,0.12,0.05,0.07,52
23,2,Tuesday,5,36.63,34,20,15,0.57,0.33,0.25,52
23,2,Tuesday,6,181.96,194.5,106.5,79.5,3.24,1.77,1.32,52
23,2,Tuesday,7,510.98,549.5,345.5,191.5,9.16,5.76,3.19,52
23,2,Tuesday,8,1238.94,1335.5,898.5,384.5,22.26,14.97,6.41,52
23,2,Tuesday,9,781.85,814.5,528.5,283,13.57,8.81,4.72,52
23,2,Tuesday,10,466.96,466,240,228.5,7.77,4,3.81,52
23,2,Tuesday,11,489.77,480,227.5,256.5,8,3.79,4.28,52
23,2,Tuesday,12,1045.1,1098,488,612.5,18.3,8.13,10.21,52
23,2,Tuesday,13,842.6,897.5,349.5,533.5,14.96,5.82,8.89,52
23,2,Tuesday,14,525.81,550,202.5,333,9.17,3.38,5.55,52
23,2,Tuesday,15,551.81,562,203,361,9.37,3.38,6.02,52
23,2,Tuesday,16,843.94,891,250,642.5,14.85,4.17,10.71,52
23,2,Tuesday,17,1193.92,1262.5,369,901.5,21.04,6.15,15.03,52
23,2,Tuesday,18,569.69,585.5,205.5,378,9.76,3.42,6.3,52
23,2,Tuesday,19,334.31,328,119.5,207,5.47,1.99,3.45,52
23,2,Tuesday,20,251.23,242.5,86.5,160.5,4.04,1.44,2.67,52
23,2,Tuesday,21,190.35,189,57.5,132,3.15,0.96,2.2,52
23,2,Tuesday,22,129.79,130.5,34,92.5,2.17,0.57,1.54,52
23,2,Tuesday,23,77.96,71.5,22.5,48.5,1.19,0.38,0.81,52
23,3,Wednesday,0,31.75,28.5,9.5,20,0.48,0.16,0.33,52
23,3,Wednesday,1,16.85,15.5,6,8.5,0.26,0.1,0.14,52
23,3,Wednesday,2,8.02,7,3,3.5,0.12,0.05,0.06,52
23,3,Wednesday,3,8.5,8,3.5,4,0.13,0.06,0.07,52
23,3,Wednesday,4,9.62,9.5,5,5,0.16,0.08,0.08,52
23,3,Wednesday,5,39.19,38.5,24,15,0.64,0.4,0.25,52
23,3,Wednesday,6,178.87,183.5,100,81,3.06,1.67,1.35,52
23,3,Wednesday,7,504.13,526.5,328.5,195.5,8.78,5.47,3.26,52
23,3,Wednesday,8,1223.96,1308.5,902,374,21.81,15.03,6.23,52
23,3,Wednesday,9,772.06,791.5,495,279.5,13.19,8.25,4.66,52
23,3,Wednesday,10,482.58,499.5,249,244.5,8.32,4.15,4.08,52
23,3,Wednesday,11,523.12,534.5,252.5,270.5,8.91,4.21,4.51,52
23,3,Wednesday,12,1062.06,1122.5,495.5,614.5,18.71,8.26,10.24,52
23,3,Wednesday,13,886.52,913,366,547,15.22,6.1,9.12,52
23,3,Wednesday,14,563.31,570,212.5,348,9.5,3.54,5.8,52
23,3,Wednesday,15,571.23,592.5,210,373.5,9.88,3.5,6.22,52
23,3,Wednesday,16,858.37,881,264,604.5,14.68,4.4,10.07,52
23,3,Wednesday,17,1196.6,1262,385,857.5,21.03,6.42,14.29,52
23,3,Wednesday,18,588.96,600.5,221.5,378,10.01,3.69,6.3,52
23,3,Wednesday,19,343.9,341.5,124.5,212,5.69,2.08,3.53,52
23,3,Wednesday,20,272.19,262.5,86.5,179,4.38,1.44,2.98,52
23,3,Wednesday,21,221.81,214.5,66,147.5,3.58,1.1,2.46,52
23,3,Wednesday,22,158.37,142.5,40,102,2.38,0.67,1.7,52
23,3,Wednesday,23,96.13,77,22.5,54,1.28,0.38,0.9,52
23,4,Thursday,0,62.35,33,11,22,0.55,0.18,0.37,52
23,4,Thursday,1,24.27,14,5,8.5,0.23,0.08,0.14,52
23,4,Thursday,2,12.62,10,4,5,0.17,0.07,0.08,52
23,4,Thursday,3,10.69,9,3,5,0.15,0.05,0.08,51
23,4,Thursday,4,9.23,7,3,4,0.12,0.05,0.07,52
23,4,Thursday,5,37.65,37,21,14.5,0.62,0.35,0.24,52
23,4,Thursday,6,174.29,178.5,101,79,2.98,1.68,1.32,52
23,4,Thursday,7,519.9,547,344.5,201,9.12,5.74,3.35,52
23,4,Thursday,8,1266.23,1337.5,899.5,394,22.29,14.99,6.57,52
23,4,Thursday,9,844.67,872,549,314,14.53,9.15,5.23,52
23,4,Thursday,10,523.37,534,272.5,259,8.9,4.54,4.32,52
23,4,Thursday,11,545.27,546.5,252,292,9.11,4.2,4.87,52
23,4,Thursday,12,1165.54,1201,543,670,20.02,9.05,11.17,52
23,4,Thursday,13,932.94,960,363.5,574,16,6.06,9.57,52
23,4,Thursday,14,593.08,606.5,222.5,385.5,10.11,3.71,6.42,52
23,4,Thursday,15,593.31,607.5,217,383.5,10.12,3.62,6.39,52
23,4,Thursday,16,873.58,914,278,631.5,15.23,4.63,10.53,52
23,4,Thursday,17,1241.42,1329,407,888,22.15,6.78,14.8,52
23,4,Thursday,18,638.06,640,228,415.5,10.67,3.8,6.92,52
23,4,Thursday,19,387.44,382,146,231,6.37,2.43,3.85,52
23,4,Thursday,20,288.48,279.5,100.5,185,4.66,1.68,3.08,52
23,4,Thursday,21,243.12,242.5,73,167,4.04,1.22,2.78,52
23,4,Thursday,22,190.21,190.5,50,135.5,3.17,0.83,2.26,52
23,4,Thursday,23,110.71,102.5,32,71.5,1.71,0.53,1.19,52
23,5,Friday,0,50.3,47,18,33,0.78,0.3,0.55,53
23,5,Friday,1,25.55,23,7,15,0.38,0.12,0.25,53
23,5,Friday,2,14.45,14,4,9,0.23,0.07,0.15,53
23,5,Friday,3,14.6,13,4,9,0.22,0.07,0.15,53
23,5,Friday,4,13.51,13,5,7,0.22,0.08,0.12,53
23,5,Friday,5,33.92,32,19,14,0.53,0.32,0.23,53
23,5,Friday,6,137.87,142,73,64,2.37,1.22,1.07,53
23,5,Friday,7,328.57,350,201,135,5.83,3.35,2.25,53
23,5,Friday,8,735.42,764,515,240,12.73,8.58,4,53
23,5,Friday,9,552.42,551,344,203,9.18,5.73,3.38,53
23,5,Friday,10,440.32,428,219,208,7.13,3.65,3.47,53
23,5,Friday,11,475.45,449,221,242,7.48,3.68,4.03,53
23,5,Friday,12,765.79,792,351,433,13.2,5.85,7.22,53
23,5,Friday,13,677.83,692,272,404,11.53,4.53,6.73,53
23,5,Friday,14,522.13,515,197,321,8.58,3.28,5.35,53
23,5,Friday,15,528.51,529,196,330,8.82,3.27,5.5,53
23,5,Friday,16,683.13,680,241,443,11.33,4.02,7.38,53
23,5,Friday,17,808.79,803,288,512,13.38,4.8,8.53,53
23,5,Friday,18,532.9,511,212,295.5,8.52,3.53,4.92,52
23,5,Friday,19,382.23,365.5,151.5,204,6.09,2.52,3.4,52
23,5,Friday,20,306.09,305,111,180,5.08,1.85,3,53
23,5,Friday,21,271.19,267,89,172,4.45,1.48,2.87,53
23,5,Friday,22,245.23,240,77,156,4,1.28,2.6,53
23,5,Friday,23,194.17,158,50,108,2.63,0.83,1.8,53
23,6,Saturday,0,90.12,82.5,30,53.5,1.38,0.5,0.89,52
23,6,Saturday,1,51.48,45.5,16,29.5,0.76,0.27,0.49,52
23,6,Saturday,2,33.15,32,10,21,0.53,0.17,0.35,52
23,6,Saturday,3,21.92,21,6,14.5,0.35,0.1,0.24,52
23,6,Saturday,4,17.77,17,5,12,0.28,0.08,0.2,52
23,6,Saturday,5,22.5,22,7.5,13,0.37,0.12,0.22,52
23,6,Saturday,6,50.73,48,19.5,29,0.8,0.32,0.48,52
23,6,Saturday,7,102.12,98.5,44,55.5,1.64,0.73,0.92,52
23,6,Saturday,8,177.52,179.5,94.5,83.5,2.99,1.57,1.39,52
23,6,Saturday,9,331.06,324.5,165,150,5.41,2.75,2.5,52
23,6,Saturday,10,363.15,350,182,171.5,5.83,3.03,2.86,52
23,6,Saturday,11,394.02,377.5,183.5,208,6.29,3.06,3.47,52
23,6,Saturday,12,383.33,383,186.5,193,6.38,3.11,3.22,52
23,6,Saturday,13,395.67,383.5,168.5,211,6.39,2.81,3.52,52
23,6,Saturday,14,380.08,368.5,154,215,6.14,2.57,3.58,52
23,6,Saturday,15,398.25,390.5,152.5,232.5,6.51,2.54,3.88,52
23,6,Saturday,16,425.56,422,159,257,7.03,2.65,4.28,52
23,6,Saturday,17,423.44,402,174.5,235,6.7,2.91,3.92,52
23,6,Saturday,18,398.85,394,168,218.5,6.57,2.8,3.64,52
23,6,Saturday,19,354.54,331,136,198.5,5.52,2.27,3.31,52
23,6,Saturday,20,289.67,293,107.5,179.5,4.88,1.79,2.99,52
23,6,Saturday,21,267.54,260.5,91.5,166.5,4.34,1.52,2.78,52
23,6,Saturday,22,265.38,272.5,83.5,172.5,4.54,1.39,2.88,52
23,6,Saturday,23,211.81,183.5,61.5,116,3.06,1.02,1.93,52
23,7,Sunday,0,106.48,104.5,39.5,64.5,1.74,0.66,1.07,52
23,7,Sunday,1,65.87,67,18.5,45.5,1.12,0.31,0.76,52
23,7,Sunday,2,42.73,43,13,29,0.72,0.22,0.48,51
23,7,Sunday,3,33.52,32.5,9,21.5,0.54,0.15,0.36,52
23,7,Sunday,4,24.69,26,6,16,0.43,0.1,0.27,52
23,7,Sunday,5,27.23,27,7,17,0.45,0.12,0.28,52
23,7,Sunday,6,48.08,44,17,27,0.73,0.28,0.45,52
23,7,Sunday,7,95.02,87.5,34.5,56,1.46,0.58,0.93,52
23,7,Sunday,8,162.75,155.5,73.5,80.5,2.59,1.23,1.34,52
23,7,Sunday,9,287.56,269.5,130.5,135,4.49,2.17,2.25,52
23,7,Sunday,10,353.85,331,161.5,170.5,5.52,2.69,2.84,52
23,7,Sunday,11,359.96,343,150.5,188.5,5.72,2.51,3.14,52
23,7,Sunday,12,340.62,322.5,142,176,5.38,2.37,2.93,52
23,7,Sunday,13,351.9,337,142.5,190,5.62,2.38,3.17,52
23,7,Sunday,14,340.56,327.5,119,205,5.46,1.98,3.42,52
23,7,Sunday,15,324.87,315,116,193,5.25,1.93,3.22,52
23,7,Sunday,16,330.71,328,118,205.5,5.47,1.97,3.42,52
23,7,Sunday,17,320.48,309,125.5,188.5,5.15,2.09,3.14,52
23,7,Sunday,18,291.48,275,114.5,158,4.58,1.91,2.63,52
23,7,Sunday,19,246.63,236,88,147.5,3.93,1.47,2.46,52
23,7,Sunday,20,209.94,205.5,72,129.5,3.42,1.2,2.16,52
23,7,Sunday,21,178.48,177,50.5,116.5,2.95,0.84,1.94,52
23,7,Sunday,22,121.77,110,30,79.5,1.83,0.5,1.32,52
23,7,Sunday,23,79.63,64.5,21.5,44,1.07,0.36,0.73,52
24,1,Monday,0,123.82,113,52,61,1.88,0.87,1.02,51
24,1,Monday,1,42.35,39,19,20,0.65,0.32,0.33,51
24,1,Monday,2,32.14,29,13,16,0.48,0.22,0.27,51
24,1,Monday,3,30.49,28,16,14,0.47,0.27,0.23,51
24,1,Monday,4,30.86,30,12,17,0.5,0.2,0.28,51
24,1,Monday,5,146.73,148,93,55,2.47,1.55,0.92,51
24,1,Monday,6,470.24,488,337,147,8.13,5.62,2.45,51
24,1,Monday,7,1102.75,1207,955,217,20.12,15.92,3.62,51
24,1,Monday,8,2065.14,2244,2014,241,37.4,33.57,4.02,51
24,1,Monday,9,1371.02,1414,1139,291,23.57,18.98,4.85,51
24,1,Monday,10,1058.84,1031,673,369,17.18,11.22,6.15,51
24,1,Monday,11,1028.67,1024,589.5,444,17.07,9.82,7.4,52
24,1,Monday,12,1300.29,1310,664.5,629.5,21.83,11.07,10.49,52
24,1,Monday,13,1269.29,1279,607.5,663,21.32,10.12,11.05,52
24,1,Monday,14,1194.19,1185.5,444,748.5,19.76,7.4,12.47,52
24,1,Monday,15,1475.96,1501.5,444,1059,25.02,7.4,17.65,52
24,1,Monday,16,2087.56,2178,439,1749,36.3,7.32,29.15,52
24,1,Monday,17,2501.67,2661.5,479,2173.5,44.36,7.98,36.23,52
24,1,Monday,18,1340.85,1356,393,963.5,22.6,6.55,16.06,52
24,1,Monday,19,777.67,779,289.5,489,12.98,4.82,8.15,52
24,1,Monday,20,570.96,574,225.5,345,9.57,3.76,5.75,52
24,1,Monday,21,527.9,517,199,317,8.62,3.32,5.28,52
24,1,Monday,22,397.63,383.5,135.5,257,6.39,2.26,4.28,52
24,1,Monday,23,215.6,200,73.5,133.5,3.33,1.23,2.22,52
24,2,Tuesday,0,95.87,88,38,53,1.47,0.63,0.88,52
24,2,Tuesday,1,36,34,17,17,0.57,0.28,0.28,52
24,2,Tuesday,2,22.38,21.5,11,10,0.36,0.18,0.17,52
24,2,Tuesday,3,22.48,22,12,10,0.37,0.2,0.17,52
24,2,Tuesday,4,26.42,26.5,13,13,0.44,0.22,0.22,52
24,2,Tuesday,5,146.37,146,99,49.5,2.43,1.65,0.82,52
24,2,Tuesday,6,541.98,556,417,136.5,9.27,6.95,2.28,52
24,2,Tuesday,7,1350.19,1395.5,1195.5,216.5,23.26,19.92,3.61,52
24,2,Tuesday,8,2577.21,2677.5,2416,258.5,44.62,40.27,4.31,52
24,2,Tuesday,9,1616.44,1667.5,1380,291,27.79,23,4.85,52
24,2,Tuesday,10,1017.65,1010,695,333,16.83,11.58,5.55,52
24,2,Tuesday,11,1058.6,1045.5,620.5,431,17.42,10.34,7.18,52
24,2,Tuesday,12,1448.79,1458,775,683,24.3,12.92,11.38,52
24,2,Tuesday,13,1391.6,1413.5,684.5,727.5,23.56,11.41,12.12,52
24,2,Tuesday,14,1292.12,1302,477,831,21.7,7.95,13.85,52
24,2,Tuesday,15,1659.04,1672.5,466,1231.5,27.88,7.77,20.52,52
24,2,Tuesday,16,2547.69,2634.5,471.5,2157,43.91,7.86,35.95,52
24,2,Tuesday,17,2994.31,3114,542.5,2567,51.9,9.04,42.78,52
24,2,Tuesday,18,1555.04,1603.5,456,1129,26.73,7.6,18.82,52
24,2,Tuesday,19,899.21,888.5,317,569,14.81,5.28,9.48,52
24,2,Tuesday,20,657.81,662.5,249,407.5,11.04,4.15,6.79,52
24,2,Tuesday,21,610.9,607.5,219,379,10.12,3.65,6.32,52
24,2,Tuesday,22,463.88,462.5,154.5,295,7.71,2.58,4.92,52
24,2,Tuesday,23,270.4,237.5,83,155.5,3.96,1.38,2.59,52
24,3,Wednesday,0,101.35,95.5,43.5,54,1.59,0.72,0.9,52
24,3,Wednesday,1,36.79,37,17,19,0.62,0.28,0.32,52
24,3,Wednesday,2,25.81,24,12,13.5,0.4,0.2,0.22,52
24,3,Wednesday,3,24.71,23,13,11,0.38,0.22,0.18,52
24,3,Wednesday,4,27.37,27.5,12.5,14.5,0.46,0.21,0.24,52
24,3,Wednesday,5,147.63,147.5,96.5,53,2.46,1.61,0.88,52
24,3,Wednesday,6,533.94,540.5,398.5,147.5,9.01,6.64,2.46,52
24,3,Wednesday,7,1269.73,1347,1117.5,218,22.45,18.62,3.63,52
24,3,Wednesday,8,2442.81,2546.5,2283,252,42.44,38.05,4.2,52
24,3,Wednesday,9,1627.92,1659,1350.5,310,27.65,22.51,5.17,52
24,3,Wednesday,10,1138.77,1144,790,353,19.07,13.17,5.88,52
24,3,Wednesday,11,1141.9,1142.5,692.5,446,19.04,11.54,7.43,52
24,3,Wednesday,12,1471.37,1474,771.5,685,24.57,12.86,11.42,52
24,3,Wednesday,13,1466.19,1473,693.5,747,24.55,11.56,12.45,52
24,3,Wednesday,14,1340.08,1356.5,496,855,22.61,8.27,14.25,52
24,3,Wednesday,15,1697.21,1715.5,480,1251.5,28.59,8,20.86,52
24,3,Wednesday,16,2473.48,2561.5,507.5,2051,42.69,8.46,34.18,52
24,3,Wednesday,17,2946.58,3012,578,2429.5,50.2,9.63,40.49,52
24,3,Wednesday,18,1551.92,1560.5,463.5,1104.5,26.01,7.72,18.41,52
24,3,Wednesday,19,920.54,916,316,589.5,15.27,5.27,9.82,52
24,3,Wednesday,20,686.6,659.5,251,418,10.99,4.18,6.97,52
24,3,Wednesday,21,658.62,638,237.5,407,10.63,3.96,6.78,52
24,3,Wednesday,22,531.17,500.5,170,332.5,8.34,2.83,5.54,52
24,3,Wednesday,23,304.25,265.5,98.5,169.5,4.42,1.64,2.83,52
24,4,Thursday,0,139.23,109.5,48,58.5,1.82,0.8,0.98,52
24,4,Thursday,1,55.23,37,19,20.5,0.62,0.32,0.34,52
24,4,Thursday,2,32.77,25,12,12,0.42,0.2,0.2,52
24,4,Thursday,3,29.15,26,13,10,0.43,0.22,0.17,52
24,4,Thursday,4,28.6,22,9,13.5,0.37,0.15,0.22,52
24,4,Thursday,5,148,151,102,49.5,2.52,1.7,0.82,52
24,4,Thursday,6,504.1,529,389,141,8.82,6.48,2.35,52
24,4,Thursday,7,1247.1,1326.5,1092.5,229.5,22.11,18.21,3.83,52
24,4,Thursday,8,2498.06,2619,2353.5,269,43.65,39.23,4.48,52
24,4,Thursday,9,1708.31,1735,1417,322.5,28.92,23.62,5.38,52
24,4,Thursday,10,1136.69,1148,781,358,19.13,13.02,5.97,52
24,4,Thursday,11,1139.27,1121.5,671.5,450,18.69,11.19,7.5,52
24,4,Thursday,12,1500.23,1521.5,815,702.5,25.36,13.58,11.71,52
24,4,Thursday,13,1477.56,1480.5,731,766,24.68,12.18,12.77,52
24,4,Thursday,14,1373.56,1388,529.5,872,23.13,8.82,14.53,52
24,4,Thursday,15,1720.29,1735.5,513,1211.5,28.92,8.55,20.19,52
24,4,Thursday,16,2452.13,2544,537,2022.5,42.4,8.95,33.71,52
24,4,Thursday,17,2945.15,3032,628.5,2405.5,50.53,10.47,40.09,52
24,4,Thursday,18,1689.1,1681,494,1171.5,28.02,8.23,19.52,52
24,4,Thursday,19,1010.31,1008,345,652,16.8,5.75,10.87,52
24,4,Thursday,20,740.48,723,276.5,453,12.05,4.61,7.55,52
24,4,Thursday,21,702.52,677,261,428.5,11.28,4.35,7.14,52
24,4,Thursday,22,631.4,597,205.5,382.5,9.95,3.42,6.38,52
24,4,Thursday,23,382.75,353,126,227,5.88,2.1,3.78,52
24,5,Friday,0,151.38,150,62,83,2.5,1.03,1.38,53
24,5,Friday,1,61.51,59,26,34,0.98,0.43,0.57,53
24,5,Friday,2,37.64,34,14,19,0.57,0.23,0.32,53
24,5,Friday,3,34.36,31,17,16,0.52,0.28,0.27,53
24,5,Friday,4,28.66,27,11,15,0.45,0.18,0.25,53
24,5,Friday,5,143.42,148,92,53,2.47,1.53,0.88,53
24,5,Friday,6,442.02,460,315,143,7.67,5.25,2.38,53
24,5,Friday,7,904.58,966,734,209,16.1,12.23,3.48,53
24,5,Friday,8,1737.26,1836,1584,253,30.6,26.4,4.22,53
24,5,Friday,9,1291.87,1321,995,323,22.02,16.58,5.38,53
24,5,Friday,10,1100.79,1053,676,367,17.55,11.27,6.12,53
24,5,Friday,11,1122.51,1069,637,449,17.82,10.62,7.48,53
24,5,Friday,12,1356.25,1346,707,652,22.43,11.78,10.87,53
24,5,Friday,13,1362.58,1392,660,721,23.2,11,12.02,53
24,5,Friday,14,1354.21,1340,542,800,22.33,9.03,13.33,53
24,5,Friday,15,1559.38,1575,541,1032,26.25,9.02,17.2,53
24,5,Friday,16,1920.55,1997,618,1366,33.28,10.3,22.77,53
24,5,Friday,17,2187.96,2239,686,1546,37.32,11.43,25.77,53
24,5,Friday,18,1519.87,1491,574,872,24.85,9.57,14.53,53
24,5,Friday,19,1074.13,1036,441,567,17.27,7.35,9.45,53
24,5,Friday,20,833.57,830,325,503,13.83,5.42,8.38,53
24,5,Friday,21,846.96,852,332,512,14.2,5.53,8.53,53
24,5,Friday,22,805.96,759,274,473,12.65,4.57,7.88,53
24,5,Friday,23,636.3,549,198,332,9.15,3.3,5.53,53
24,6,Saturday,0,307.9,283.5,118.5,161.5,4.72,1.98,2.69,52
24,6,Saturday,1,170.27,166,71,95,2.77,1.18,1.58,51
24,6,Saturday,2,92.16,92,36,52,1.53,0.6,0.87,51
24,6,Saturday,3,64.59,62,27,35,1.03,0.45,0.58,51
24,6,Saturday,4,52.25,51,21,29,0.85,0.35,0.48,51
24,6,Saturday,5,75.41,76,36,39,1.27,0.6,0.65,51
24,6,Saturday,6,183.18,185,85,97,3.08,1.42,1.62,51
24,6,Saturday,7,336.1,324,160,167,5.4,2.67,2.78,51
24,6,Saturday,8,523.92,524,285,233,8.73,4.75,3.88,51
24,6,Saturday,9,802.39,789,457,316,13.15,7.62,5.27,51
24,6,Saturday,10,1008.45,980,560,404,16.33,9.33,6.73,51
24,6,Saturday,11,1204.06,1190,695,470,19.83,11.58,7.83,51
24,6,Saturday,12,1273.2,1222,685,521,20.37,11.42,8.68,51
24,6,Saturday,13,1151,1127,578,543,18.78,9.63,9.05,51
24,6,Saturday,14,1154.35,1152,519,628,19.2,8.65,10.47,51
24,6,Saturday,15,1271.08,1222,518,705,20.37,8.63,11.75,51
24,6,Saturday,16,1349.59,1364,518,766,22.73,8.63,12.77,51
24,6,Saturday,17,1307.29,1279,553,704,21.32,9.22,11.73,51
24,6,Saturday,18,1247.08,1195,541,617,19.92,9.02,10.28,51
24,6,Saturday,19,962.96,893,401,455,14.88,6.68,7.58,51
24,6,Saturday,20,753.86,707,329,378,11.78,5.48,6.3,51
24,6,Saturday,21,706.78,685,273,406,11.42,4.55,6.77,51
24,6,Saturday,22,820.31,737,293,416,12.28,4.88,6.93,51
24,6,Saturday,23,704.47,598,228,349,9.97,3.8,5.82,51
24,7,Sunday,0,359.08,338,143,195,5.63,2.38,3.25,51
24,7,Sunday,1,229.29,203,80,126,3.38,1.33,2.1,51
24,7,Sunday,2,118.22,116,48,63,1.93,0.8,1.05,49
24,7,Sunday,3,91.86,87,34,50.5,1.45,0.57,0.84,50
24,7,Sunday,4,71.16,66.5,29,38,1.11,0.48,0.63,50
24,7,Sunday,5,87.34,82,37,46,1.37,0.62,0.77,50
24,7,Sunday,6,143.54,136,54,81,2.27,0.9,1.35,50
24,7,Sunday,7,277.44,264.5,110,155,4.41,1.83,2.58,50
24,7,Sunday,8,454.65,440,252,186,7.33,4.2,3.1,51
24,7,Sunday,9,696.37,684,370,309,11.4,6.17,5.15,51
24,7,Sunday,10,924.35,909,460,432,15.15,7.67,7.2,51
24,7,Sunday,11,1009.31,981,545,422,16.35,9.08,7.03,51
24,7,Sunday,12,1041.82,1014,542,450,16.9,9.03,7.5,51
24,7,Sunday,13,989.67,985,479,511,16.42,7.98,8.52,51
24,7,Sunday,14,1030.65,1002,423,572,16.7,7.05,9.53,51
24,7,Sunday,15,1084.14,1100,402,688,18.33,6.7,11.47,51
24,7,Sunday,16,1134.51,1121,417,658,18.68,6.95,10.97,51
24,7,Sunday,17,1085.63,1081,429,630,18.02,7.15,10.5,51
24,7,Sunday,18,1002.22,951,391,528,15.85,6.52,8.8,51
24,7,Sunday,19,705.57,683,291,377,11.38,4.85,6.28,51
24,7,Sunday,20,593.75,562,240,334,9.37,4,5.57,51
24,7,Sunday,21,554.29,532,229,304,8.87,3.82,5.07,51
24,7,Sunday,22,477.51,439,167,257,7.32,2.78,4.28,51
24,7,Sunday,23,314.16,282,110,172,4.7,1.83,2.87,51
25,1,Monday,0,53.17,42.5,17.5,22.5,0.71,0.29,0.38,52
25,1,Monday,1,22.98,19,9,10,0.32,0.15,0.17,52
25,1,Monday,2,12.45,10,4,6,0.17,0.07,0.1,51
25,1,Monday,3,9.14,8,3,4,0.13,0.05,0.07,51
25,1,Monday,4,14.94,14,8,6,0.23,0.13,0.1,52
25,1,Monday,5,33.9,31,16.5,16,0.52,0.28,0.27,52
25,1,Monday,6,149.33,137,58.5,82,2.28,0.98,1.37,52
25,1,Monday,7,358.19,358,160,198,5.97,2.67,3.3,52
25,1,Monday,8,593.17,593.5,234,338,9.89,3.9,5.63,52
25,1,Monday,9,562.21,546,160,373.5,9.1,2.67,6.22,52
25,1,Monday,10,668.35,618,180.5,429.5,10.3,3.01,7.16,52
25,1,Monday,11,869.56,808.5,294.5,512,13.47,4.91,8.53,52
25,1,Monday,12,1129.58,1117,505,593.5,18.62,8.42,9.89,52
25,1,Monday,13,1197.13,1128.5,539,590,18.81,8.98,9.83,52
25,1,Monday,14,1180.83,1111,548,573.5,18.52,9.13,9.56,52
25,1,Monday,15,1248.98,1163,628.5,545.5,19.38,10.47,9.09,52
25,1,Monday,16,1278.83,1258.5,739,510.5,20.98,12.32,8.51,52
25,1,Monday,17,1345,1344.5,931.5,399.5,22.41,15.53,6.66,52
25,1,Monday,18,1075.33,1086,740,301.5,18.1,12.33,5.03,52
25,1,Monday,19,600.83,581.5,309.5,282.5,9.69,5.16,4.71,52
25,1,Monday,20,530.9,506.5,247,254,8.44,4.12,4.23,52
25,1,Monday,21,433.58,376,174.5,195,6.27,2.91,3.25,52
25,1,Monday,22,260.65,210.5,115.5,102.5,3.51,1.93,1.71,52
25,1,Monday,23,93.85,75,35.5,37.5,1.25,0.59,0.62,52
25,2,Tuesday,0,39.65,31,12,19,0.52,0.2,0.32,52
25,2,Tuesday,1,18.17,15,6,9,0.25,0.1,0.15,52
25,2,Tuesday,2,8.54,7,3,4,0.12,0.05,0.07,52
25,2,Tuesday,3,6.31,5.5,2,3,0.09,0.03,0.05,52
25,2,Tuesday,4,11.67,11,6,4,0.18,0.1,0.07,52
25,2,Tuesday,5,39.83,36.5,19.5,19,0.61,0.32,0.32,52
25,2,Tuesday,6,184.15,180.5,80,98,3.01,1.33,1.63,52
25,2,Tuesday,7,433.87,431,177.5,249,7.18,2.96,4.15,52
25,2,Tuesday,8,742.75,693,260,427,11.55,4.33,7.12,52
25,2,Tuesday,9,600.79,567.5,168,396,9.46,2.8,6.6,52
25,2,Tuesday,10,636.69,625,164.5,443.5,10.42,2.74,7.39,52
25,2,Tuesday,11,772.58,731.5,280.5,464.5,12.19,4.68,7.74,52
25,2,Tuesday,12,1078.71,1077.5,513,575.5,17.96,8.55,9.59,52
25,2,Tuesday,13,1132.96,1068,519,557.5,17.8,8.65,9.29,52
25,2,Tuesday,14,1092.58,1072.5,517,520,17.88,8.62,8.67,52
25,2,Tuesday,15,1186.79,1137.5,618.5,514,18.96,10.31,8.57,52
25,2,Tuesday,16,1254.88,1243.5,763,470.5,20.73,12.72,7.84,52
25,2,Tuesday,17,1390.02,1312.5,932,434.5,21.88,15.53,7.24,52
25,2,Tuesday,18,1104.15,1032,690.5,324,17.2,11.51,5.4,52
25,2,Tuesday,19,587.98,534,282,247,8.9,4.7,4.12,52
25,2,Tuesday,20,530.75,489.5,256.5,225.5,8.16,4.28,3.76,52
25,2,Tuesday,21,466.06,427.5,197,204,7.12,3.28,3.4,52
25,2,Tuesday,22,292.71,240,125,109.5,4,2.08,1.82,52
25,2,Tuesday,23,122.17,92.5,42,50,1.54,0.7,0.83,52
25,3,Wednesday,0,44.33,39.5,16,23,0.66,0.27,0.38,52
25,3,Wednesday,1,20.98,20,8.5,10.5,0.33,0.14,0.17,52
25,3,Wednesday,2,10.19,8.5,3.5,4.5,0.14,0.06,0.07,52
25,3,Wednesday,3,6.85,6,3,3,0.1,0.05,0.05,52
25,3,Wednesday,4,11.71,11,7,5,0.18,0.12,0.08,52
25,3,Wednesday,5,49.6,45.5,22,24.5,0.76,0.37,0.41,52
25,3,Wednesday,6,217.31,213,94,117,3.55,1.57,1.95,52
25,3,Wednesday,7,492.75,459,193.5,264,7.65,3.22,4.4,52
25,3,Wednesday,8,830.31,748.5,261.5,453.5,12.47,4.36,7.56,52
25,3,Wednesday,9,681.85,595,171.5,413.5,9.92,2.86,6.89,52
25,3,Wednesday,10,711.96,645,193.5,447.5,10.75,3.22,7.46,52
25,3,Wednesday,11,868.71,829,320,506,13.82,5.33,8.43,52
25,3,Wednesday,12,1152.81,1081,498,577,18.02,8.3,9.62,52
25,3,Wednesday,13,1251.87,1187,574.5,614.5,19.78,9.57,10.24,52
25,3,Wednesday,14,1223.17,1195,587.5,576.5,19.92,9.79,9.61,52
25,3,Wednesday,15,1303.88,1243,712,527.5,20.72,11.87,8.79,52
25,3,Wednesday,16,1416.56,1374.5,844.5,499.5,22.91,14.07,8.32,52
25,3,Wednesday,17,1501.35,1368,960.5,416,22.8,16.01,6.93,52
25,3,Wednesday,18,1173.6,1105.5,730.5,332.5,18.42,12.18,5.54,52
25,3,Wednesday,19,632.71,612,310.5,273,10.2,5.18,4.55,52
25,3,Wednesday,20,595.06,519.5,265,232.5,8.66,4.42,3.88,52
25,3,Wednesday,21,549.27,421,221,194.5,7.02,3.68,3.24,52
25,3,Wednesday,22,404.96,262.5,129,131.5,4.38,2.15,2.19,52
25,3,Wednesday,23,260.94,115.5,57.5,55,1.93,0.96,0.92,52
25,4,Thursday,0,136.06,43.5,20,23,0.72,0.33,0.38,52
25,4,Thursday,1,69,29.5,12.5,14,0.49,0.21,0.23,52
25,4,Thursday,2,23.38,12,4,7,0.2,0.07,0.12,52
25,4,Thursday,3,16.62,5.5,3,3,0.09,0.05,0.05,50
25,4,Thursday,4,13.98,12,7,4,0.2,0.12,0.07,52
25,4,Thursday,5,45.83,45,20.5,23,0.75,0.34,0.38,52
25,4,Thursday,6,203.46,203.5,92,108.5,3.39,1.53,1.81,52
25,4,Thursday,7,489.67,469,193.5,277,7.82,3.22,4.62,52
25,4,Thursday,8,829.35,711.5,263.5,450,11.86,4.39,7.5,52
25,4,Thursday,9,714.88,624,180,428.5,10.4,3,7.14,52
25,4,Thursday,10,734.42,701.5,195.5,508.5,11.69,3.26,8.47,52
25,4,Thursday,11,935.48,874,337.5,529,14.57,5.62,8.82,52
25,4,Thursday,12,1239.75,1169.5,565,584.5,19.49,9.42,9.74,52
25,4,Thursday,13,1278.62,1191.5,604,604,19.86,10.07,10.07,52
25,4,Thursday,14,1251.94,1145.5,618.5,537.5,19.09,10.31,8.96,52
25,4,Thursday,15,1285.85,1208,663,514.5,20.13,11.05,8.57,52
25,4,Thursday,16,1401.08,1327,782.5,519.5,22.12,13.04,8.66,52
25,4,Thursday,17,1551.27,1521,947.5,499.5,25.35,15.79,8.32,52
25,4,Thursday,18,1287.1,1188.5,853,356,19.81,14.22,5.93,52
25,4,Thursday,19,697.52,578,314,279.5,9.63,5.23,4.66,52
25,4,Thursday,20,614.9,528,277,250,8.8,4.62,4.17,52
25,4,Thursday,21,542.1,411.5,212.5,217.5,6.86,3.54,3.62,52
25,4,Thursday,22,407.92,336.5,160.5,170.5,5.61,2.67,2.84,52
25,4,Thursday,23,185.65,154.5,73.5,76,2.58,1.23,1.27,52
25,5,Friday,0,70.72,61,27,36,1.02,0.45,0.6,53
25,5,Friday,1,35.58,33,14,19,0.55,0.23,0.32,53
25,5,Friday,2,17.34,15,5,9,0.25,0.08,0.15,53
25,5,Friday,3,10.28,9,3,5,0.15,0.05,0.08,53
25,5,Friday,4,12.85,12,7,5,0.2,0.12,0.08,52
25,5,Friday,5,38.28,38,19,18,0.63,0.32,0.3,53
25,5,Friday,6,171.74,157,71,83,2.62,1.18,1.38,53
25,5,Friday,7,385.96,352,143,195,5.87,2.38,3.25,53
25,5,Friday,8,663.81,533,192,354,8.88,3.2,5.9,53
25,5,Friday,9,769.34,652,171,472,10.87,2.85,7.87,53
25,5,Friday,10,980.6,840,222,584,14,3.7,9.73,53
25,5,Friday,11,1221.42,1072,377,696,17.87,6.28,11.6,53
25,5,Friday,12,1468.94,1210,576,652,20.17,9.6,10.87,53
25,5,Friday,13,1562.02,1360,653,685,22.67,10.88,11.42,53
25,5,Friday,14,1554.58,1384,705,644,23.07,11.75,10.73,53
25,5,Friday,15,1654.64,1488,801,665,24.8,13.35,11.08,53
25,5,Friday,16,1739.45,1561,870,656,26.02,14.5,10.93,53
25,5,Friday,17,1785.81,1598,868,664,26.63,14.47,11.07,53
25,5,Friday,18,1585.51,1342,769,589,22.37,12.82,9.82,53
25,5,Friday,19,1324.72,1118,646,493,18.63,10.77,8.22,53
25,5,Friday,20,1179.87,1066,668,404,17.77,11.13,6.73,53
25,5,Friday,21,1078.77,977,613,340,16.28,10.22,5.67,53
25,5,Friday,22,711.26,607,310,265,10.12,5.17,4.42,53
25,5,Friday,23,377.23,308,141,161,5.13,2.35,2.68,53
25,6,Saturday,0,160.15,144.5,63.5,76,2.41,1.06,1.27,52
25,6,Saturday,1,80.33,77,31,45.5,1.28,0.52,0.76,52
25,6,Saturday,2,41.1,34.5,11.5,23,0.58,0.19,0.38,52
25,6,Saturday,3,23.15,21,7.5,13,0.35,0.12,0.22,52
25,6,Saturday,4,18.19,17,8,9,0.28,0.13,0.15,52
25,6,Saturday,5,27.5,23,10,12,0.38,0.17,0.2,52
25,6,Saturday,6,97.42,89,40,45.5,1.48,0.67,0.76,52
25,6,Saturday,7,266,235,110,123,3.92,1.83,2.05,52
25,6,Saturday,8,528.65,497.5,163.5,306,8.29,2.72,5.1,52
25,6,Saturday,9,938.31,867.5,270.5,560,14.46,4.51,9.33,52
25,6,Saturday,10,1313.25,1170,320.5,793,19.5,5.34,13.22,52
25,6,Saturday,11,1620.77,1456,552,895.5,24.27,9.2,14.93,52
25,6,Saturday,12,1868.98,1718.5,771,913,28.64,12.85,15.22,52
25,6,Saturday,13,2054.73,1936,887.5,1019,32.27,14.79,16.98,52
25,6,Saturday,14,2201.79,2072,1030.5,1049.5,34.53,17.18,17.49,52
25,6,Saturday,15,2319.37,2163,1227.5,987.5,36.05,20.46,16.46,52
25,6,Saturday,16,2209.1,2113,1271,810,35.22,21.18,13.5,52
25,6,Saturday,17,2023.96,1939.5,1336,594.5,32.33,22.27,9.91,52
25,6,Saturday,18,1909.31,1808,1259,513,30.13,20.98,8.55,52
25,6,Saturday,19,1192.13,1084,564,516.5,18.07,9.4,8.61,52
25,6,Saturday,20,1033.65,1028.5,520.5,460.5,17.14,8.68,7.68,52
25,6,Saturday,21,983.1,957,491,436,15.95,8.18,7.27,52
25,6,Saturday,22,823.58,734,414.5,318.5,12.23,6.91,5.31,52
25,6,Saturday,23,486.31,399,190,210,6.65,3.17,3.5,52
25,7,Sunday,0,210.54,202.5,82.5,107,3.38,1.38,1.78,52
25,7,Sunday,1,118.37,118.5,52,65.5,1.98,0.87,1.09,52
25,7,Sunday,2,53.96,56,20,34,0.93,0.33,0.57,51
25,7,Sunday,3,33.5,29.5,10,19,0.49,0.17,0.32,52
25,7,Sunday,4,20.5,19,8.5,10.5,0.32,0.14,0.17,52
25,7,Sunday,5,25.85,24,11.5,13,0.4,0.19,0.22,52
25,7,Sunday,6,99.44,94,40,55.5,1.57,0.67,0.92,52
25,7,Sunday,7,283.12,236,110,118.5,3.93,1.83,1.98,52
25,7,Sunday,8,529.85,477,185.5,255.5,7.95,3.09,4.26,52
25,7,Sunday,9,818.83,736.5,253.5,495.5,12.28,4.22,8.26,52
25,7,Sunday,10,1245.44,1137.5,369,746,18.96,6.15,12.43,52
25,7,Sunday,11,1546.56,1441.5,549,882.5,24.02,9.15,14.71,52
25,7,Sunday,12,1756.4,1666.5,750.5,929,27.77,12.51,15.48,52
25,7,Sunday,13,1879.94,1743,821.5,919.5,29.05,13.69,15.32,52
25,7,Sunday,14,2024.4,1930,965.5,953.5,32.17,16.09,15.89,52
25,7,Sunday,15,2057.77,2056,1150.5,936,34.27,19.18,15.6,52
25,7,Sunday,16,1875.38,1932.5,1173.5,741,32.21,19.56,12.35,52
25,7,Sunday,17,1688.48,1617.5,1152.5,483.5,26.96,19.21,8.06,52
25,7,Sunday,18,1433.65,1300,952.5,346.5,21.67,15.88,5.78,52
25,7,Sunday,19,751.83,642.5,330.5,307.5,10.71,5.51,5.12,52
25,7,Sunday,20,637.69,505.5,253.5,268.5,8.43,4.22,4.47,52
25,7,Sunday,21,528.23,403,207,219.5,6.72,3.45,3.66,52
25,7,Sunday,22,340.29,247,122,112.5,4.12,2.03,1.88,52
25,7,Sunday,23,132.62,98,39.5,55,1.63,0.66,0.92,52
27,1,Monday,0,22.7,21.5,5.5,13,0.36,0.09,0.22,50
27,1,Monday,1,11.04,8,3,6,0.13,0.05,0.1,50
27,1,Monday,2,5.86,5,2,3,0.08,0.03,0.05,49
27,1,Monday,3,5.65,5,3,2,0.08,0.05,0.03,49
27,1,Monday,4,4.78,4,2,2,0.07,0.03,0.03,49
27,1,Monday,5,8.68,8,4,4.5,0.13,0.07,0.07,50
27,1,Monday,6,23.46,23,10.5,12,0.38,0.17,0.2,50
27,1,Monday,7,60.56,58.5,33,25.5,0.98,0.55,0.42,50
27,1,Monday,8,136.66,141.5,84,50.5,2.36,1.4,0.84,50
27,1,Monday,9,125.16,122,73.5,44,2.03,1.23,0.73,50
27,1,Monday,10,154.46,152,83.5,63,2.53,1.39,1.05,50
27,1,Monday,11,169.2,172,91.5,74.5,2.87,1.52,1.24,50
27,1,Monday,12,214.46,212.5,112.5,101,3.54,1.88,1.68,50
27,1,Monday,13,207.1,193.5,101.5,98,3.22,1.69,1.63,50
27,1,Monday,14,172.02,166,84,79,2.77,1.4,1.32,51
27,1,Monday,15,163.63,156.5,77.5,77.5,2.61,1.29,1.29,52
27,1,Monday,16,170.88,165.5,78,83,2.76,1.3,1.38,52
27,1,Monday,17,194.19,188.5,76,104,3.14,1.27,1.73,52
27,1,Monday,18,165.79,160.5,72.5,84.5,2.67,1.21,1.41,52
27,1,Monday,19,129.71,122,50,65.5,2.03,0.83,1.09,52
27,1,Monday,20,101.52,97,41,47,1.62,0.68,0.78,52
27,1,Monday,21,77.4,70,27,40.5,1.17,0.45,0.68,52
27,1,Monday,22,56.08,49.5,15,31,0.82,0.25,0.52,52
27,1,Monday,23,32.29,29,9,17,0.48,0.15,0.28,52
27,2,Tuesday,0,20.04,17.5,6,10.5,0.29,0.1,0.17,52
27,2,Tuesday,1,9.6,8,3,4.5,0.13,0.05,0.07,52
27,2,Tuesday,2,5.76,5,1.5,2,0.08,0.03,0.03,50
27,2,Tuesday,3,5.37,5,2,2,0.08,0.03,0.03,52
27,2,Tuesday,4,4.46,4,2,2,0.07,0.03,0.03,52
27,2,Tuesday,5,7.73,7,3,3,0.12,0.05,0.05,52
27,2,Tuesday,6,34.83,31,17,14,0.52,0.28,0.23,52
27,2,Tuesday,7,86.94,82,45,35,1.37,0.75,0.58,51
27,2,Tuesday,8,180.25,171.5,101.5,61.5,2.86,1.69,1.02,52
27,2,Tuesday,9,182.38,171,103,68.5,2.85,1.72,1.14,52
27,2,Tuesday,10,218.98,206,112.5,92,3.43,1.88,1.53,52
27,2,Tuesday,11,266.54,258,136.5,122,4.3,2.28,2.03,52
27,2,Tuesday,12,325.46,322.5,163,155,5.38,2.72,2.58,52
27,2,Tuesday,13,310.94,297,151.5,145,4.95,2.52,2.42,52
27,2,Tuesday,14,239.63,231.5,117.5,115,3.86,1.96,1.92,52
27,2,Tuesday,15,214.79,198,95,102,3.3,1.58,1.7,52
27,2,Tuesday,16,190.71,177.5,79.5,95.5,2.96,1.32,1.59,52
27,2,Tuesday,17,230.65,224,92,125,3.73,1.53,2.08,52
27,2,Tuesday,18,203.12,190.5,79,109,3.17,1.32,1.82,52
27,2,Tuesday,19,159.96,155.5,61.5,86,2.59,1.02,1.43,52
27,2,Tuesday,20,123.08,114.5,50,60,1.91,0.83,1,52
27,2,Tuesday,21,101.17,93,37,52.5,1.55,0.62,0.88,52
27,2,Tuesday,22,65.69,61.5,23.5,35.5,1.02,0.39,0.59,52
27,2,Tuesday,23,40.87,36.5,12.5,22,0.61,0.21,0.37,52
27,3,Wednesday,0,20.94,19,7.5,11,0.32,0.12,0.18,52
27,3,Wednesday,1,10.63,9.5,4,5,0.16,0.07,0.08,52
27,3,Wednesday,2,7.06,6.5,2,4,0.11,0.03,0.07,52
27,3,Wednesday,3,5.56,4.5,2.5,2,0.07,0.04,0.03,52
27,3,Wednesday,4,4.17,3,2,2,0.05,0.03,0.03,52
27,3,Wednesday,5,9.94,9,4,5,0.15,0.07,0.08,52
27,3,Wednesday,6,33.48,28.5,14,14,0.48,0.23,0.23,52
27,3,Wednesday,7,83.81,78.5,42,34.5,1.31,0.7,0.58,52
27,3,Wednesday,8,167.69,166,101,60.5,2.77,1.68,1.01,52
27,3,Wednesday,9,154.44,146.5,86,58,2.44,1.43,0.97,52
27,3,Wednesday,10,165.71,155,89,67,2.58,1.48,1.12,52
27,3,Wednesday,11,196.81,188,102.5,83.5,3.13,1.71,1.39,52
27,3,Wednesday,12,258.62,249.5,128,118.5,4.16,2.13,1.98,52
27,3,Wednesday,13,253.58,237,123.5,118.5,3.95,2.06,1.98,52
27,3,Wednesday,14,207.71,197,101.5,95,3.28,1.69,1.58,52
27,3,Wednesday,15,196.9,187,92,98,3.12,1.53,1.63,52
27,3,Wednesday,16,226,218.5,107,114.5,3.64,1.78,1.91,52
27,3,Wednesday,17,271.83,266,118,141.5,4.43,1.97,2.36,52
27,3,Wednesday,18,309.25,285.5,133.5,158,4.76,2.22,2.63,52
27,3,Wednesday,19,291.08,279.5,136,139.5,4.66,2.27,2.33,52
27,3,Wednesday,20,245.71,227,103.5,111.5,3.78,1.73,1.86,52
27,3,Wednesday,21,171.56,166,75,90.5,2.77,1.25,1.51,52
27,3,Wednesday,22,95.73,94.5,37,53,1.57,0.62,0.88,52
27,3,Wednesday,23,47.83,43,18,24,0.72,0.3,0.4,52
27,4,Thursday,0,27.71,22,9,13,0.37,0.15,0.22,52
27,4,Thursday,1,14.12,12,5,6,0.2,0.08,0.1,50
27,4,Thursday,2,6.4,5,2,3.5,0.08,0.03,0.06,50
27,4,Thursday,3,5.94,5,2,3,0.08,0.03,0.05,51
27,4,Thursday,4,4.63,4,2,2,0.07,0.03,0.03,52
27,4,Thursday,5,7.33,7,3.5,3,0.12,0.06,0.05,52
27,4,Thursday,6,34.79,33,17,15,0.55,0.28,0.25,52
27,4,Thursday,7,86.4,85.5,47,36.5,1.43,0.78,0.61,52
27,4,Thursday,8,176.92,175,106.5,65.5,2.92,1.77,1.09,52
27,4,Thursday,9,167.5,164.5,95,63.5,2.74,1.58,1.06,52
27,4,Thursday,10,212.13,209,111,95,3.48,1.85,1.58,52
27,4,Thursday,11,255.62,255,136.5,118,4.25,2.28,1.97,52
27,4,Thursday,12,314.17,319.5,168,157,5.32,2.8,2.62,52
27,4,Thursday,13,311.02,312,161,151,5.2,2.68,2.52,52
27,4,Thursday,14,254.85,257.5,129,123,4.29,2.15,2.05,52
27,4,Thursday,15,228.98,225.5,112,112.5,3.76,1.87,1.88,52
27,4,Thursday,16,199.35,189,90.5,100,3.15,1.51,1.67,52
27,4,Thursday,17,245.13,242,103,133,4.03,1.72,2.22,52
27,4,Thursday,18,227.25,221.5,93,124.5,3.69,1.55,2.08,52
27,4,Thursday,19,175.94,170,72,87.5,2.83,1.2,1.46,52
27,4,Thursday,20,144.77,134,58,75.5,2.23,0.97,1.26,52
27,4,Thursday,21,124,116.5,43.5,66,1.94,0.72,1.1,52
27,4,Thursday,22,88.23,84,29.5,49.5,1.4,0.49,0.82,52
27,4,Thursday,23,55.4,51.5,19,30,0.86,0.32,0.5,52
27,5,Friday,0,27.42,25,10,14,0.42,0.17,0.23,53
27,5,Friday,1,14.11,14,4,8,0.23,0.07,0.13,53
27,5,Friday,2,7.06,6,2,4,0.1,0.03,0.07,53
27,5,Friday,3,6.3,6,2,3,0.1,0.03,0.05,53
27,5,Friday,4,5.08,4,2,2,0.07,0.03,0.03,52
27,5,Friday,5,8.13,8,3,4,0.13,0.05,0.07,53
27,5,Friday,6,31.85,29,15,13,0.48,0.25,0.22,53
27,5,Friday,7,81.15,76,44,36,1.27,0.73,0.6,53
27,5,Friday,8,168.28,162,90,71,2.7,1.5,1.18,53
27,5,Friday,9,185.87,182,102,76,3.03,1.7,1.27,53
27,5,Friday,10,233.55,227,115,110,3.78,1.92,1.83,53
27,5,Friday,11,276.89,275,143,130,4.58,2.38,2.17,53
27,5,Friday,12,332.28,330,170,160,5.5,2.83,2.67,53
27,5,Friday,13,331.13,336,171,165,5.6,2.85,2.75,53
27,5,Friday,14,279.38,278,142,136,4.63,2.37,2.27,53
27,5,Friday,15,260.55,256,132,127,4.27,2.2,2.12,53
27,5,Friday,16,216.19,211,96,113,3.52,1.6,1.88,53
27,5,Friday,17,242.26,240,115,125,4,1.92,2.08,53
27,5,Friday,18,239.02,240,110,124,4,1.83,2.07,53
27,5,Friday,19,202.15,196,95,105,3.27,1.58,1.75,53
27,5,Friday,20,186.09,168,77,90,2.8,1.28,1.5,53
27,5,Friday,21,154.96,142,56,86,2.37,0.93,1.43,53
27,5,Friday,22,116.11,112,42,67,1.87,0.7,1.12,53
27,5,Friday,23,88.83,81,33,47,1.35,0.55,0.78,53
27,6,Saturday,0,46.06,41,15.5,24,0.68,0.26,0.4,52
27,6,Saturday,1,30.21,28,12.5,16,0.47,0.21,0.27,52
27,6,Saturday,2,18.48,15,4,10,0.25,0.07,0.17,52
27,6,Saturday,3,14.6,12,2,7,0.2,0.03,0.12,52
27,6,Saturday,4,9.48,8,3,4,0.13,0.05,0.07,52
27,6,Saturday,5,10,9,4,5,0.15,0.07,0.08,52
27,6,Saturday,6,26.56,25,12.5,11.5,0.42,0.21,0.19,52
27,6,Saturday,7,66.9,64.5,33.5,31,1.07,0.56,0.52,52
27,6,Saturday,8,149.1,139,76.5,62,2.32,1.27,1.03,52
27,6,Saturday,9,264.31,256,140.5,117,4.27,2.34,1.95,52
27,6,Saturday,10,383.73,384,200,185.5,6.4,3.33,3.09,52
27,6,Saturday,11,473.52,477,247,228.5,7.95,4.12,3.81,52
27,6,Saturday,12,507.92,496,259.5,244,8.27,4.32,4.07,52
27,6,Saturday,13,491.98,490,254.5,238,8.17,4.24,3.97,52
27,6,Saturday,14,438.81,432.5,219,211,7.21,3.65,3.52,52
27,6,Saturday,15,397.13,389,198,193,6.48,3.3,3.22,52
27,6,Saturday,16,283.4,276,130,147.5,4.6,2.17,2.46,52
27,6,Saturday,17,233.63,233,109.5,124.5,3.88,1.82,2.08,52
27,6,Saturday,18,220.02,219,99.5,115.5,3.65,1.66,1.93,52
27,6,Saturday,19,191.37,191.5,83.5,99.5,3.19,1.39,1.66,52
27,6,Saturday,20,169.94,161.5,73,86,2.69,1.22,1.43,52
27,6,Saturday,21,145.38,139,56,81.5,2.32,0.93,1.36,52
27,6,Saturday,22,107.73,106,38.5,58.5,1.77,0.64,0.98,52
27,6,Saturday,23,85.42,81,32,50,1.35,0.53,0.83,52
27,7,Sunday,0,50.38,46,16.5,28.5,0.77,0.28,0.48,52
27,7,Sunday,1,32.67,29,8.5,17,0.48,0.14,0.28,52
27,7,Sunday,2,21.31,19,5,12,0.32,0.08,0.2,51
27,7,Sunday,3,15.47,14,3,8,0.23,0.05,0.13,51
27,7,Sunday,4,12.76,11,3,6,0.18,0.05,0.1,51
27,7,Sunday,5,10.69,8,4,4,0.13,0.07,0.07,51
27,7,Sunday,6,22.53,21,11,10,0.35,0.18,0.17,51
27,7,Sunday,7,47.33,45,24,18.5,0.75,0.4,0.31,52
27,7,Sunday,8,123.54,121,71.5,46.5,2.02,1.19,0.78,52
27,7,Sunday,9,252.67,243,131,113.5,4.05,2.18,1.89,52
27,7,Sunday,10,372.98,363.5,189.5,173,6.06,3.16,2.88,52
27,7,Sunday,11,490.37,486,259.5,226,8.1,4.32,3.77,52
27,7,Sunday,12,531.37,521.5,271,256.5,8.69,4.52,4.28,52
27,7,Sunday,13,524.12,519,262,249,8.65,4.37,4.15,52
27,7,Sunday,14,464.44,469,229,227.5,7.82,3.82,3.79,52
27,7,Sunday,15,409.87,399.5,191,201,6.66,3.18,3.35,52
27,7,Sunday,16,294.94,293.5,136,148.5,4.89,2.27,2.48,52
27,7,Sunday,17,194.29,198.5,86,103,3.31,1.43,1.72,52
27,7,Sunday,18,177.54,169.5,78.5,90.5,2.83,1.31,1.51,50
27,7,Sunday,19,147.4,141.5,64,78,2.36,1.07,1.3,50
27,7,Sunday,20,117.8,115.5,49.5,62,1.93,0.82,1.03,50
27,7,Sunday,21,97.74,95,34,52,1.58,0.57,0.87,50
27,7,Sunday,22,65.48,59,23,36,0.98,0.38,0.6,50
27,7,Sunday,23,40.46,37.5,14,20.5,0.62,0.23,0.34,50
28,1,Monday,0,31.75,26.5,19.5,6,0.44,0.32,0.1,16
28,1,Monday,1,17.06,17.5,11.5,5,0.29,0.19,0.08,16
28,1,Monday,2,13.12,14,6.5,7,0.23,0.11,0.12,16
28,1,Monday,3,20.56,19,4,15.5,0.32,0.07,0.26,16
28,1,Monday,4,31.38,32.5,4.5,28,0.54,0.07,0.47,16
28,1,Monday,5,61,60.5,30,30.5,1.01,0.5,0.51,16
28,1,Monday,6,202.62,180,129,49,3,2.15,0.82,16
28,1,Monday,7,411.62,444.5,315.5,137,7.41,5.26,2.28,16
28,1,Monday,8,798.44,851,558,273,14.18,9.3,4.55,16
28,1,Monday,9,741.44,831.5,521.5,231.5,13.86,8.69,3.86,16
28,1,Monday,10,1031.62,987,659,276.5,16.45,10.98,4.61,16
28,1,Monday,11,987,1029,566,414,17.15,9.43,6.9,16
28,1,Monday,12,1415.88,1358,683,681.5,22.63,11.38,11.36,16
28,1,Monday,13,1261.81,1363.5,642.5,676,22.73,10.71,11.27,16
28,1,Monday,14,1182.88,1156,590.5,559,19.27,9.84,9.32,16
28,1,Monday,15,1118.31,1087.5,459.5,663,18.12,7.66,11.05,16
28,1,Monday,16,1151.94,1167.5,334,835.5,19.46,5.57,13.93,16
28,1,Monday,17,1325.88,1316,491.5,851,21.93,8.19,14.18,16
28,1,Monday,18,973.38,969.5,408.5,534.5,16.16,6.81,8.91,16
28,1,Monday,19,565.5,452.5,198.5,222,7.54,3.31,3.7,16
28,1,Monday,20,350.12,336.5,131.5,184,5.61,2.19,3.07,16
28,1,Monday,21,659.06,631.5,377.5,185.5,10.53,6.29,3.09,16
28,1,Monday,22,236.93,161,91,57,2.68,1.52,0.95,15
28,1,Monday,23,65.4,64,33,27,1.07,0.55,0.45,15
28,2,Tuesday,0,28.67,29,23,7,0.48,0.38,0.12,15
28,2,Tuesday,1,18.47,17,13,5,0.28,0.22,0.08,15
28,2,Tuesday,2,15.13,13,7,7,0.22,0.12,0.12,15
28,2,Tuesday,3,18.6,20,3,15,0.33,0.05,0.25,15
28,2,Tuesday,4,27.4,29,2,27,0.48,0.03,0.45,15
28,2,Tuesday,5,65.07,67,34,32,1.12,0.57,0.53,15
28,2,Tuesday,6,267.67,290,228,62,4.83,3.8,1.03,15
28,2,Tuesday,7,434.47,487,345,159,8.12,5.75,2.65,15
28,2,Tuesday,8,872.93,901,643,311,15.02,10.72,5.18,15
28,2,Tuesday,9,888.73,804,550,247,13.4,9.17,4.12,15
28,2,Tuesday,10,813.73,845,622,219,14.08,10.37,3.65,15
28,2,Tuesday,11,987.93,979,549,376,16.32,9.15,6.27,15
28,2,Tuesday,12,1146.8,1056,513,587,17.6,8.55,9.78,15
28,2,Tuesday,13,1089.6,1027,506,523,17.12,8.43,8.72,15
28,2,Tuesday,14,1044.67,1003,501,523,16.72,8.35,8.72,15
28,2,Tuesday,15,1127,1073,421,648,17.88,7.02,10.8,15
28,2,Tuesday,16,1123.07,1147,364,760,19.12,6.07,12.67,15
28,2,Tuesday,17,1446.4,1407,490,886,23.45,8.17,14.77,15
28,2,Tuesday,18,1175.13,1132,510,385,18.87,8.5,6.42,15
28,2,Tuesday,19,482.27,455,192,202,7.58,3.2,3.37,15
28,2,Tuesday,20,372.07,365.5,161,218,6.09,2.68,3.63,14
28,2,Tuesday,21,669.53,577,140,223,9.62,2.33,3.72,15
28,2,Tuesday,22,227.2,166,84,88,2.77,1.4,1.47,15
28,2,Tuesday,23,86.07,65,39,25,1.08,0.65,0.42,15
28,3,Wednesday,0,31.6,28,24,5,0.47,0.4,0.08,15
28,3,Wednesday,1,22.27,22,17,5,0.37,0.28,0.08,15
28,3,Wednesday,2,16.07,15,8,7,0.25,0.13,0.12,15
28,3,Wednesday,3,21.44,21.5,4,18,0.36,0.07,0.3,16
28,3,Wednesday,4,30.38,29,3,25,0.48,0.05,0.42,16
28,3,Wednesday,5,67.44,65.5,34,34,1.09,0.57,0.57,16
28,3,Wednesday,6,275.69,271.5,217.5,55.5,4.53,3.62,0.92,16
28,3,Wednesday,7,460.62,496,331,156,8.27,5.52,2.6,16
28,3,Wednesday,8,879.56,892.5,593.5,301.5,14.88,9.89,5.03,16
28,3,Wednesday,9,800.62,798.5,571.5,261,13.31,9.53,4.35,16
28,3,Wednesday,10,864.12,901.5,690.5,218.5,15.03,11.51,3.64,16
28,3,Wednesday,11,1031.25,976,551,425,16.27,9.18,7.08,16
28,3,Wednesday,12,1372.94,1334,634.5,693,22.23,10.57,11.55,16
28,3,Wednesday,13,1503.12,1564.5,855,623.5,26.08,14.25,10.39,16
28,3,Wednesday,14,1056.19,1016.5,492,551,16.94,8.2,9.18,16
28,3,Wednesday,15,1338.75,1294,445,863.5,21.57,7.42,14.39,16
28,3,Wednesday,16,1350.69,1269,350,900.5,21.15,5.83,15.01,16
28,3,Wednesday,17,1463.81,1433,498.5,918,23.88,8.31,15.3,16
28,3,Wednesday,18,1105.25,1025,570,474,17.08,9.5,7.9,16
28,3,Wednesday,19,694.88,720.5,398.5,237,12.01,6.64,3.95,16
28,3,Wednesday,20,408,398.5,160,225,6.64,2.67,3.75,16
28,3,Wednesday,21,591.25,565.5,167.5,316.5,9.43,2.79,5.28,16
28,3,Wednesday,22,379.38,295.5,109,134.5,4.92,1.82,2.24,16
28,3,Wednesday,23,101.44,84.5,41.5,34,1.41,0.69,0.57,16
28,4,Thursday,0,33.25,31,24,8.5,0.52,0.4,0.14,16
28,4,Thursday,1,17.81,15.5,10,4.5,0.26,0.17,0.07,16
28,4,Thursday,2,18.12,18.5,9.5,8,0.31,0.16,0.13,16
28,4,Thursday,3,23.88,24.5,5,18,0.41,0.08,0.3,16
28,4,Thursday,4,32.75,33,4,28,0.55,0.07,0.47,16
28,4,Thursday,5,69.31,70.5,37,33,1.18,0.62,0.55,16
28,4,Thursday,6,266.56,260,204,61,4.33,3.4,1.02,16
28,4,Thursday,7,482.06,496.5,330,164.5,8.28,5.5,2.74,16
28,4,Thursday,8,885,893.5,596.5,306,14.89,9.94,5.1,16
28,4,Thursday,9,847.69,838.5,585,252,13.97,9.75,4.2,16
28,4,Thursday,10,863.31,863,635.5,244,14.38,10.59,4.07,16
28,4,Thursday,11,973.62,999,582.5,429,16.65,9.71,7.15,16
28,4,Thursday,12,1267.33,1248,594,683,20.8,9.9,11.38,15
28,4,Thursday,13,1235.27,1157,564,595,19.28,9.4,9.92,15
28,4,Thursday,14,1133.13,1052,499,556,17.53,8.32,9.27,15
28,4,Thursday,15,1266.13,1064,431,626,17.73,7.18,10.43,15
28,4,Thursday,16,1243.6,1207,377,807,20.12,6.28,13.45,15
28,4,Thursday,17,1536,1455,550,927,24.25,9.17,15.45,15
28,4,Thursday,18,1337.27,1378,674,688,22.97,11.23,11.47,15
28,4,Thursday,19,938.73,972,419,576,16.2,6.98,9.6,15
28,4,Thursday,20,516.6,458,204,277,7.63,3.4,4.62,15
28,4,Thursday,21,896.93,899,505,337,14.98,8.42,5.62,15
28,4,Thursday,22,501.67,400,185,137,6.67,3.08,2.28,15
28,4,Thursday,23,195.67,115,66,43,1.92,1.1,0.72,15
28,5,Friday,0,42,38.5,28,9,0.64,0.47,0.15,16
28,5,Friday,1,24.25,21.5,18,4,0.36,0.3,0.07,16
28,5,Friday,2,20.44,17.5,13,5.5,0.29,0.22,0.09,16
28,5,Friday,3,23.5,21.5,5,17,0.36,0.08,0.28,16
28,5,Friday,4,28.81,29,4,24.5,0.48,0.07,0.41,16
28,5,Friday,5,59.56,58.5,33,26,0.98,0.55,0.43,16
28,5,Friday,6,212.56,218.5,167,50.5,3.64,2.78,0.84,16
28,5,Friday,7,362.69,380,250.5,131,6.33,4.18,2.18,16
28,5,Friday,8,629.06,654,434,220,10.9,7.23,3.67,16
28,5,Friday,9,739.12,679,478,237,11.32,7.97,3.95,16
28,5,Friday,10,909.25,873.5,659.5,232,14.56,10.99,3.87,16
28,5,Friday,11,1171.75,1054.5,620.5,453.5,17.58,10.34,7.56,16
28,5,Friday,12,1382.88,1292,540,768.5,21.53,9,12.81,16
28,5,Friday,13,1282.62,1220.5,580,588.5,20.34,9.67,9.81,16
28,5,Friday,14,1185.5,1117,513.5,588.5,18.62,8.56,9.81,16
28,5,Friday,15,1201.62,1103.5,466.5,674.5,18.39,7.78,11.24,16
28,5,Friday,16,1135.94,1069.5,357,732,17.82,5.95,12.2,16
28,5,Friday,17,1314,1322.5,492,823,22.04,8.2,13.72,16
28,5,Friday,18,1365.69,1377.5,714,603,22.96,11.9,10.05,16
28,5,Friday,19,1277.12,1173.5,639,584.5,19.56,10.65,9.74,16
28,5,Friday,20,697.88,697,242.5,435,11.62,4.04,7.25,16
28,5,Friday,21,1102.5,1156.5,569.5,556.5,19.27,9.49,9.28,16
28,5,Friday,22,857.69,744.5,251.5,414.5,12.41,4.19,6.91,16
28,5,Friday,23,311.31,187,136,66,3.12,2.27,1.1,16
28,6,Saturday,0,81.31,76.5,53.5,22.5,1.27,0.89,0.38,16
28,6,Saturday,1,37.69,37.5,28,10,0.62,0.47,0.17,16
28,6,Saturday,2,35.25,34,22.5,10,0.57,0.38,0.17,16
28,6,Saturday,3,28.47,29,16,12,0.48,0.27,0.2,15
28,6,Saturday,4,19.47,18,8,10,0.3,0.13,0.17,15
28,6,Saturday,5,26.87,26,12,15,0.43,0.2,0.25,15
28,6,Saturday,6,74.87,72,46,26,1.2,0.77,0.43,15
28,6,Saturday,7,99.13,103,50,50,1.72,0.83,0.83,15
28,6,Saturday,8,201.13,197,121,79,3.28,2.02,1.32,15
28,6,Saturday,9,450.07,478,308,167,7.97,5.13,2.78,15
28,6,Saturday,10,883.53,944,613,285,15.73,10.22,4.75,15
28,6,Saturday,11,1350.47,1341,740,584,22.35,12.33,9.73,15
28,6,Saturday,12,1689.53,1698,761,936,28.3,12.68,15.6,15
28,6,Saturday,13,2243.4,2428,1251,1051,40.47,20.85,17.52,15
28,6,Saturday,14,1713.67,1779,879,859,29.65,14.65,14.32,15
28,6,Saturday,15,1780.67,1762,742,930,29.37,12.37,15.5,15
28,6,Saturday,16,1687.4,1715,536,1054,28.58,8.93,17.57,15
28,6,Saturday,17,1336.2,1391,429,870,23.18,7.15,14.5,15
28,6,Saturday,18,1171.8,1218,560,607,20.3,9.33,10.12,15
28,6,Saturday,19,1153.87,1149,604,591,19.15,10.07,9.85,15
28,6,Saturday,20,582.47,561,217,264,9.35,3.62,4.4,15
28,6,Saturday,21,924.73,966,554,341,16.1,9.23,5.68,15
28,6,Saturday,22,751.53,585,291,317,9.75,4.85,5.28,15
28,6,Saturday,23,211.47,209,120,76,3.48,2,1.27,15
28,7,Sunday,0,88.25,87,56,25,1.45,0.93,0.42,16
28,7,Sunday,1,48.88,49,35.5,13,0.82,0.59,0.22,16
28,7,Sunday,2,43.6,41,29,11,0.68,0.48,0.18,15
28,7,Sunday,3,32.81,32.5,18,13,0.54,0.3,0.22,16
28,7,Sunday,4,20.69,20,10,10,0.33,0.17,0.17,16
28,7,Sunday,5,31.69,26,13,13,0.43,0.22,0.22,16
28,7,Sunday,6,84.38,39,16.5,23.5,0.65,0.28,0.39,16
28,7,Sunday,7,140.06,68.5,34.5,39,1.14,0.58,0.65,16
28,7,Sunday,8,233.19,156,90.5,74,2.6,1.51,1.23,16
28,7,Sunday,9,510.19,422.5,261,159.5,7.04,4.35,2.66,16
28,7,Sunday,10,882.56,898.5,603,246.5,14.97,10.05,4.11,16
28,7,Sunday,11,1248.62,1254,676.5,570,20.9,11.28,9.5,16
28,7,Sunday,12,1840.56,1985,732.5,1182,33.08,12.21,19.7,16
28,7,Sunday,13,2214.44,2341,935.5,1342.5,39.02,15.59,22.38,16
28,7,Sunday,14,2184,2263,944.5,1240.5,37.72,15.74,20.68,16
28,7,Sunday,15,1712.25,1565,748.5,827,26.08,12.47,13.78,16
28,7,Sunday,16,1533.75,1609.5,478.5,946.5,26.82,7.97,15.78,16
28,7,Sunday,17,866,757.5,259.5,491.5,12.62,4.32,8.19,16
28,7,Sunday,18,569.75,540.5,204.5,254,9.01,3.41,4.23,16
28,7,Sunday,19,454.88,373,144,161.5,6.22,2.4,2.69,16
28,7,Sunday,20,298.06,247,121,94,4.12,2.02,1.57,16
28,7,Sunday,21,293.81,188.5,123.5,68.5,3.14,2.06,1.14,16
28,7,Sunday,22,199.5,100.5,60,32,1.68,1,0.53,16
28,7,Sunday,23,85,61,44.5,16.5,1.02,0.74,0.28,16
29,1,Monday,0,27.19,17,6,13,0.28,0.1,0.22,52
29,1,Monday,1,16.87,11,4,8,0.18,0.07,0.13,52
29,1,Monday,2,9.77,7,2,5,0.12,0.03,0.08,52
29,1,Monday,3,6.98,5,2,3,0.08,0.03,0.05,51
29,1,Monday,4,7.73,7,4,2,0.12,0.07,0.03,52
29,1,Monday,5,26.85,24.5,7,17,0.41,0.12,0.28,52
29,1,Monday,6,90.62,84,28.5,51,1.4,0.48,0.85,52
29,1,Monday,7,218,193,101,88.5,3.22,1.68,1.48,52
29,1,Monday,8,296.9,251,148.5,110.5,4.18,2.48,1.84,52
29,1,Monday,9,286.29,217,101,120,3.62,1.68,2,52
29,1,Monday,10,448.96,265,108.5,172.5,4.42,1.81,2.88,52
29,1,Monday,11,539.04,390,159,225,6.5,2.65,3.75,52
29,1,Monday,12,735.92,561.5,254.5,287,9.36,4.24,4.78,52
29,1,Monday,13,694.87,512.5,243.5,275.5,8.54,4.06,4.59,52
29,1,Monday,14,657.92,476,203,269.5,7.93,3.38,4.49,52
29,1,Monday,15,608.04,473,210,257,7.88,3.5,4.28,52
29,1,Monday,16,582.9,475,199.5,266,7.92,3.33,4.43,52
29,1,Monday,17,670.27,532,252,294,8.87,4.2,4.9,51
29,1,Monday,18,583.1,423.5,218.5,196.5,7.06,3.64,3.28,50
29,1,Monday,19,406.02,231,101,138,3.85,1.68,2.3,52
29,1,Monday,20,330.31,130.5,56,73,2.17,0.93,1.22,52
29,1,Monday,21,238.58,98,48,51.5,1.63,0.8,0.86,52
29,1,Monday,22,148.37,67,27,39.5,1.12,0.45,0.66,52
29,1,Monday,23,54.96,32.5,11,23.5,0.54,0.18,0.39,50
29,2,Tuesday,0,25.31,14,5,9,0.23,0.08,0.15,52
29,2,Tuesday,1,11.92,11,3,7,0.18,0.05,0.12,51
29,2,Tuesday,2,7.12,7,1.5,5,0.12,0.03,0.08,50
29,2,Tuesday,3,4.33,4,1,2,0.07,0.02,0.03,48
29,2,Tuesday,4,5.44,4,2.5,2,0.07,0.04,0.03,50
29,2,Tuesday,5,35.77,36.5,10,26,0.61,0.17,0.43,52
29,2,Tuesday,6,126.04,122.5,38,81.5,2.04,0.63,1.36,52
29,2,Tuesday,7,230.77,218.5,110,100.5,3.64,1.83,1.68,52
29,2,Tuesday,8,312.13,285.5,165,109.5,4.76,2.75,1.82,52
29,2,Tuesday,9,265.27,223.5,96.5,127,3.72,1.61,2.12,52
29,2,Tuesday,10,318.62,288,108,173,4.8,1.8,2.88,52
29,2,Tuesday,11,388.57,343,164,191,5.72,2.73,3.18,51
29,2,Tuesday,12,533.84,485,235,251,8.08,3.92,4.18,51
29,2,Tuesday,13,525.61,495,210,281,8.25,3.5,4.68,51
29,2,Tuesday,14,440.55,407,172,215,6.78,2.87,3.58,51
29,2,Tuesday,15,489.98,432,183,247,7.2,3.05,4.12,51
29,2,Tuesday,16,516.59,469,218,253,7.82,3.63,4.22,51
29,2,Tuesday,17,639.76,567,240,330,9.45,4,5.5,51
29,2,Tuesday,18,560.16,409.5,198,223,6.82,3.3,3.72,50
29,2,Tuesday,19,394.86,236.5,110,126.5,3.94,1.83,2.11,50
29,2,Tuesday,20,283.48,170.5,78,97,2.84,1.3,1.62,50
29,2,Tuesday,21,199.44,115,41,75,1.92,0.68,1.25,48
29,2,Tuesday,22,185.26,86,31,49,1.43,0.52,0.82,50
29,2,Tuesday,23,130.63,39,14,27,0.65,0.23,0.45,49
29,3,Wednesday,0,25.78,19,5,12,0.32,0.08,0.2,49
29,3,Wednesday,1,18.59,17,4,12,0.28,0.07,0.2,49
29,3,Wednesday,2,9.84,9,2,7,0.15,0.03,0.12,49
29,3,Wednesday,3,6.55,5,2,3,0.08,0.03,0.05,49
29,3,Wednesday,4,6.42,6,3,2,0.1,0.05,0.03,48
29,3,Wednesday,5,32.34,30,9,22,0.5,0.15,0.37,50
29,3,Wednesday,6,133.2,131,48,85,2.18,0.8,1.42,51
29,3,Wednesday,7,279,262,139,112,4.37,2.32,1.87,51
29,3,Wednesday,8,325.14,301,183,116,5.02,3.05,1.93,51
29,3,Wednesday,9,265.67,246,100,136,4.1,1.67,2.27,51
29,3,Wednesday,10,317.98,294,118,171,4.9,1.97,2.85,51
29,3,Wednesday,11,431.96,385,158,222,6.42,2.63,3.7,51
29,3,Wednesday,12,563.73,531,257,274,8.85,4.28,4.57,51
29,3,Wednesday,13,561.71,532,256,299,8.87,4.27,4.98,51
29,3,Wednesday,14,513.35,471,185,266,7.85,3.08,4.43,51
29,3,Wednesday,15,533.04,497,213,281,8.28,3.55,4.68,51
29,3,Wednesday,16,565,516,246,274,8.6,4.1,4.57,51
29,3,Wednesday,17,694.9,614,296,322,10.23,4.93,5.37,51
29,3,Wednesday,18,650.52,551,230,267.5,9.18,3.83,4.46,50
29,3,Wednesday,19,400.5,318,147.5,174.5,5.3,2.46,2.91,50
29,3,Wednesday,20,270.35,200,97,101,3.33,1.62,1.68,49
29,3,Wednesday,21,214.41,140,62,83,2.33,1.03,1.38,49
29,3,Wednesday,22,184.53,102,33,62,1.7,0.55,1.03,51
29,3,Wednesday,23,109.22,52.5,19,30,0.88,0.32,0.5,50
29,4,Thursday,0,29.34,18,6,14,0.3,0.1,0.23,50
29,4,Thursday,1,21.72,15,3,12,0.25,0.05,0.2,50
29,4,Thursday,2,30.7,9,2,7,0.15,0.03,0.12,47
29,4,Thursday,3,9.62,6,2.5,4,0.1,0.04,0.07,48
29,4,Thursday,4,7.49,6,4,3,0.1,0.07,0.05,49
29,4,Thursday,5,37.4,38,10,26,0.63,0.17,0.43,50
29,4,Thursday,6,131.96,129,45,82,2.15,0.75,1.37,51
29,4,Thursday,7,268.67,262,133,111,4.37,2.22,1.85,51
29,4,Thursday,8,332.71,283,170,115,4.72,2.83,1.92,51
29,4,Thursday,9,271.57,231,106,124,3.85,1.77,2.07,51
29,4,Thursday,10,332.8,282,112,163,4.7,1.87,2.72,51
29,4,Thursday,11,413.87,363.5,166.5,197,6.06,2.78,3.28,52
29,4,Thursday,12,576.62,522.5,242,277.5,8.71,4.03,4.62,52
29,4,Thursday,13,558.5,507.5,232.5,264.5,8.46,3.88,4.41,52
29,4,Thursday,14,526.31,479,188.5,296.5,7.98,3.14,4.94,52
29,4,Thursday,15,551.92,509,215,299,8.48,3.58,4.98,52
29,4,Thursday,16,564.06,482.5,220,266.5,8.04,3.67,4.44,52
29,4,Thursday,17,717.83,604,286,299.5,10.07,4.77,4.99,52
29,4,Thursday,18,704.62,570,276,257.5,9.5,4.6,4.29,52
29,4,Thursday,19,533.58,415.5,174.5,204,6.92,2.91,3.4,52
29,4,Thursday,20,357.65,220.5,102.5,126,3.67,1.71,2.1,52
29,4,Thursday,21,298.75,197.5,76.5,116.5,3.29,1.27,1.94,52
29,4,Thursday,22,306.38,172.5,59.5,98.5,2.88,0.99,1.64,52
29,4,Thursday,23,177.41,80,25,48,1.33,0.42,0.8,51
29,5,Friday,0,34.81,24.5,8,17.5,0.41,0.13,0.29,52
29,5,Friday,1,24.6,23,4,17,0.38,0.07,0.28,53
29,5,Friday,2,12.1,10,2,9,0.17,0.03,0.15,51
29,5,Friday,3,8.82,7.5,2,6.5,0.12,0.03,0.11,50
29,5,Friday,4,7.24,7,3,3,0.12,0.05,0.05,51
29,5,Friday,5,27.47,27,7,18,0.45,0.12,0.3,53
29,5,Friday,6,114.36,116,40,74,1.93,0.67,1.23,53
29,5,Friday,7,221.28,194,102,96,3.23,1.7,1.6,53
29,5,Friday,8,286.92,249,140,107,4.15,2.33,1.78,53
29,5,Friday,9,305.17,250,112,136,4.17,1.87,2.27,53
29,5,Friday,10,374.75,336,129,205,5.6,2.15,3.42,53
29,5,Friday,11,457.6,443,188,233,7.38,3.13,3.88,53
29,5,Friday,12,534.38,494,243,271,8.23,4.05,4.52,53
29,5,Friday,13,567.98,543,219,300,9.05,3.65,5,53
29,5,Friday,14,562.47,500,214,274,8.33,3.57,4.57,53
29,5,Friday,15,563.6,481,211,288,8.02,3.52,4.8,53
29,5,Friday,16,585.11,524,242,288,8.73,4.03,4.8,53
29,5,Friday,17,663.26,584,280,299,9.73,4.67,4.98,53
29,5,Friday,18,752.32,582,271,251,9.7,4.52,4.18,53
29,5,Friday,19,663.77,414,170,247,6.9,2.83,4.12,53
29,5,Friday,20,493.64,265,116,166,4.42,1.93,2.77,53
29,5,Friday,21,404.42,266,117,139,4.43,1.95,2.32,53
29,5,Friday,22,452.04,363,112,193,6.05,1.87,3.22,53
29,5,Friday,23,396.15,150,46,96,2.5,0.77,1.6,53
29,6,Saturday,0,72.63,56.5,20.5,36,0.94,0.34,0.6,52
29,6,Saturday,1,36.27,31.5,9,21.5,0.52,0.15,0.36,52
29,6,Saturday,2,28.04,21,5,14,0.35,0.08,0.23,52
29,6,Saturday,3,22.37,14,3,11,0.23,0.05,0.18,52
29,6,Saturday,4,39.37,10,3,6,0.17,0.05,0.1,51
29,6,Saturday,5,55.42,17.5,7,10.5,0.29,0.12,0.17,52
29,6,Saturday,6,87.44,59,22,37,0.98,0.37,0.62,52
29,6,Saturday,7,200.58,149.5,56.5,91,2.49,0.94,1.52,52
29,6,Saturday,8,300.12,268,116,141,4.47,1.93,2.35,52
29,6,Saturday,9,373.38,354,161,185.5,5.9,2.68,3.09,52
29,6,Saturday,10,490.5,457.5,206,246.5,7.62,3.43,4.11,52
29,6,Saturday,11,653,593.5,278,305,9.89,4.63,5.08,52
29,6,Saturday,12,761.44,711,333,367,11.85,5.55,6.12,52
29,6,Saturday,13,858.71,796,353,459.5,13.27,5.88,7.66,52
29,6,Saturday,14,890.6,865.5,375.5,439.5,14.43,6.26,7.32,52
29,6,Saturday,15,984.79,928,402,501,15.47,6.7,8.35,52
29,6,Saturday,16,956.52,923.5,449,430.5,15.39,7.48,7.18,52
29,6,Saturday,17,911.62,860.5,436,398,14.34,7.27,6.63,52
29,6,Saturday,18,860.71,673,288,334.5,11.22,4.8,5.58,52
29,6,Saturday,19,822.06,558,208,316,9.3,3.47,5.27,52
29,6,Saturday,20,598.65,365.5,135.5,214.5,6.09,2.26,3.58,52
29,6,Saturday,21,463.73,273.5,116.5,154.5,4.56,1.94,2.58,52
29,6,Saturday,22,599.79,314,108.5,167,5.23,1.81,2.78,52
29,6,Saturday,23,365.4,213.5,58.5,113,3.56,0.98,1.88,52
29,7,Sunday,0,80.87,75,29,45.5,1.25,0.48,0.76,52
29,7,Sunday,1,44.5,40,12,26,0.67,0.2,0.43,52
29,7,Sunday,2,31.43,33,8,23,0.55,0.13,0.38,51
29,7,Sunday,3,21.98,22,5.5,15,0.37,0.09,0.25,52
29,7,Sunday,4,13.48,11,3,8,0.18,0.05,0.13,52
29,7,Sunday,5,25.83,17.5,6,12,0.29,0.1,0.2,52
29,7,Sunday,6,81.98,45,16,27,0.75,0.27,0.45,52
29,7,Sunday,7,246,124.5,47.5,76.5,2.08,0.79,1.27,52
29,7,Sunday,8,406.04,271.5,104.5,169.5,4.53,1.74,2.83,52
29,7,Sunday,9,468.15,328,151,184.5,5.47,2.52,3.08,52
29,7,Sunday,10,621.31,487.5,221.5,262,8.12,3.69,4.37,52
29,7,Sunday,11,838.92,649,294.5,314,10.82,4.91,5.23,52
29,7,Sunday,12,881.1,723.5,366,377.5,12.06,6.1,6.29,52
29,7,Sunday,13,988,777.5,361,438,12.96,6.02,7.3,52
29,7,Sunday,14,1050.44,850,349,495,14.17,5.82,8.25,52
29,7,Sunday,15,992.98,854,379.5,431.5,14.23,6.32,7.19,52
29,7,Sunday,16,894.38,772,384,373,12.87,6.4,6.22,52
29,7,Sunday,17,811.08,638.5,327.5,286.5,10.64,5.46,4.78,52
29,7,Sunday,18,696.69,382.5,184.5,197.5,6.38,3.08,3.29,52
29,7,Sunday,19,549.52,244,107,142,4.07,1.78,2.37,52
29,7,Sunday,20,459.62,164.5,74,94.5,2.74,1.23,1.57,52
29,7,Sunday,21,379.23,131.5,50,81,2.19,0.83,1.35,52
29,7,Sunday,22,256.31,88.5,31.5,57,1.48,0.52,0.95,52
29,7,Sunday,23,164.63,48.5,16,38,0.81,0.27,0.63,52
30,1,Monday,0,184.25,177,84.5,92,2.95,1.41,1.53,52
30,1,Monday,1,132.02,120,52,66.5,2,0.87,1.11,52
30,1,Monday,2,87.46,77,33,46.5,1.28,0.55,0.78,52
30,1,Monday,3,66.63,60,17.5,40.5,1,0.29,0.68,52
30,1,Monday,4,44.88,40.5,12,29.5,0.68,0.2,0.49,52
30,1,Monday,5,37.04,33,14,18,0.55,0.23,0.3,52
30,1,Monday,6,35.88,34,14,20,0.57,0.23,0.33,52
30,1,Monday,7,76.58,77,32.5,43,1.28,0.54,0.72,52
30,1,Monday,8,156.73,162.5,78,84,2.71,1.3,1.4,52
30,1,Monday,9,183.65,182,71.5,110.5,3.03,1.19,1.84,52
30,1,Monday,10,272.42,265,97.5,172,4.42,1.62,2.87,52
30,1,Monday,11,396.88,393.5,164,228,6.56,2.73,3.8,52
30,1,Monday,12,662.35,652,252,399,10.87,4.2,6.65,52
30,1,Monday,13,695.73,659,272.5,390,10.98,4.54,6.5,52
30,1,Monday,14,587.52,560.5,212,351,9.34,3.53,5.85,52
30,1,Monday,15,537.58,522.5,186,336,8.71,3.1,5.6,52
30,1,Monday,16,534.48,515.5,202.5,321,8.59,3.38,5.35,52
30,1,Monday,17,628.38,614,265,361,10.23,4.42,6.02,52
30,1,Monday,18,642.96,635.5,279.5,360,10.59,4.66,6,52
30,1,Monday,19,607.19,598.5,233.5,365.5,9.97,3.89,6.09,52
30,1,Monday,20,524.19,506.5,197.5,316,8.44,3.29,5.27,52
30,1,Monday,21,428.62,426,165.5,255,7.1,2.76,4.25,52
30,1,Monday,22,286.23,270.5,117,155,4.51,1.95,2.58,52
30,1,Monday,23,172.31,172.5,76.5,92,2.88,1.27,1.53,52
30,2,Tuesday,0,85.17,81.5,30,50.5,1.36,0.5,0.84,52
30,2,Tuesday,1,51.1,46,17,29.5,0.77,0.28,0.49,52
30,2,Tuesday,2,26.83,23,10,12,0.38,0.17,0.2,52
30,2,Tuesday,3,24.82,23,7,16,0.38,0.12,0.27,51
30,2,Tuesday,4,12.92,12,3,7,0.2,0.05,0.12,51
30,2,Tuesday,5,17.4,15,9,6,0.25,0.15,0.1,52
30,2,Tuesday,6,35.1,36,17,18,0.6,0.28,0.3,52
30,2,Tuesday,7,87.52,88.5,39,49,1.48,0.65,0.82,52
30,2,Tuesday,8,193.38,195.5,103,89,3.26,1.72,1.48,52
30,2,Tuesday,9,201.17,208,88.5,116.5,3.47,1.48,1.94,52
30,2,Tuesday,10,270.37,268,100,165,4.47,1.67,2.75,52
30,2,Tuesday,11,394.9,391.5,160.5,237,6.53,2.67,3.95,52
30,2,Tuesday,12,762.52,772.5,296.5,465,12.88,4.94,7.75,52
30,2,Tuesday,13,754.56,737.5,314,426,12.29,5.23,7.1,52
30,2,Tuesday,14,570.54,569.5,214.5,346,9.49,3.58,5.77,52
30,2,Tuesday,15,545.87,545,195.5,344,9.08,3.26,5.73,52
30,2,Tuesday,16,573.12,561,214,350,9.35,3.57,5.83,52
30,2,Tuesday,17,730.6,725.5,285.5,434.5,12.09,4.76,7.24,52
30,2,Tuesday,18,701.06,698.5,320,382,11.64,5.33,6.37,52
30,2,Tuesday,19,648.48,635,253.5,389,10.58,4.22,6.48,52
30,2,Tuesday,20,572.06,571,206,363,9.52,3.43,6.05,52
30,2,Tuesday,21,486.83,489.5,175,307.5,8.16,2.92,5.12,52
30,2,Tuesday,22,335.92,331.5,128.5,197,5.53,2.14,3.28,52
30,2,Tuesday,23,237.4,242.5,97,136.5,4.04,1.62,2.28,52
30,3,Wednesday,0,120.33,118.5,46,71.5,1.98,0.77,1.19,52
30,3,Wednesday,1,71.19,72.5,32.5,35,1.21,0.54,0.58,52
30,3,Wednesday,2,32.65,32.5,16.5,14.5,0.54,0.28,0.24,52
30,3,Wednesday,3,32.5,32,13.5,18,0.53,0.22,0.3,52
30,3,Wednesday,4,17.15,16.5,8,9,0.28,0.13,0.15,52
30,3,Wednesday,5,18.27,18.5,9.5,8,0.31,0.16,0.13,52
30,3,Wednesday,6,35.27,38,17,19.5,0.63,0.28,0.32,52
30,3,Wednesday,7,83.77,83,38,46,1.38,0.63,0.77,52
30,3,Wednesday,8,186.25,184.5,95,90,3.08,1.58,1.5,52
30,3,Wednesday,9,205.81,205,90.5,114,3.42,1.51,1.9,52
30,3,Wednesday,10,280.02,272.5,106,169.5,4.54,1.77,2.83,52
30,3,Wednesday,11,420.12,428.5,178,245,7.14,2.97,4.08,52
30,3,Wednesday,12,782.6,773.5,299,474.5,12.89,4.98,7.91,52
30,3,Wednesday,13,762.92,754.5,319.5,434,12.57,5.32,7.23,52
30,3,Wednesday,14,597.25,598.5,220,368.5,9.97,3.67,6.14,52
30,3,Wednesday,15,578.5,571,197,372.5,9.52,3.28,6.21,52
30,3,Wednesday,16,639.63,633,232.5,393.5,10.55,3.88,6.56,52
30,3,Wednesday,17,771.38,785.5,340,451,13.09,5.67,7.52,52
30,3,Wednesday,18,786.52,772,366,409,12.87,6.1,6.82,52
30,3,Wednesday,19,713.17,703,293.5,402.5,11.72,4.89,6.71,52
30,3,Wednesday,20,648.58,637,245.5,405.5,10.62,4.09,6.76,52
30,3,Wednesday,21,579.81,583.5,227.5,347.5,9.72,3.79,5.79,52
30,3,Wednesday,22,430.83,423.5,176.5,243,7.06,2.94,4.05,52
30,3,Wednesday,23,289.83,280,123,147.5,4.67,2.05,2.46,52
30,4,Thursday,0,169.23,153.5,72,81,2.56,1.2,1.35,52
30,4,Thursday,1,119.54,94.5,40,51.5,1.57,0.67,0.86,52
30,4,Thursday,2,73.1,60,24.5,34.5,1,0.41,0.58,52
30,4,Thursday,3,62.65,53,16.5,34.5,0.88,0.28,0.58,52
30,4,Thursday,4,37.79,29,8.5,22,0.48,0.14,0.37,52
30,4,Thursday,5,30.62,19.5,10,9.5,0.32,0.17,0.16,52
30,4,Thursday,6,37.35,38,16,22,0.63,0.27,0.37,52
30,4,Thursday,7,86.06,90,39,48.5,1.5,0.65,0.81,52
30,4,Thursday,8,180.67,187.5,94.5,88.5,3.12,1.57,1.48,52
30,4,Thursday,9,205.73,206,85,121,3.43,1.42,2.02,52
30,4,Thursday,10,281.71,276,108,168,4.6,1.8,2.8,52
30,4,Thursday,11,417.08,403,170,240,6.72,2.83,4,52
30,4,Thursday,12,789.44,791,296.5,487,13.18,4.94,8.12,52
30,4,Thursday,13,759.96,770,325,443.5,12.83,5.42,7.39,52
30,4,Thursday,14,607.65,595,234,360,9.92,3.9,6,52
30,4,Thursday,15,599.54,604,231.5,363.5,10.07,3.86,6.06,52
30,4,Thursday,16,660.9,678,265.5,401,11.3,4.42,6.68,52
30,4,Thursday,17,867.62,874,368.5,505.5,14.57,6.14,8.43,52
30,4,Thursday,18,888.58,903.5,425.5,475.5,15.06,7.09,7.92,52
30,4,Thursday,19,819.69,799.5,334.5,480.5,13.32,5.58,8.01,52
30,4,Thursday,20,749.54,744,304,453.5,12.4,5.07,7.56,52
30,4,Thursday,21,712.67,690.5,287.5,416.5,11.51,4.79,6.94,52
30,4,Thursday,22,543.81,526,225,313.5,8.77,3.75,5.22,52
30,4,Thursday,23,373.83,368,165.5,206,6.13,2.76,3.43,52
30,5,Friday,0,253.55,256,121,119,4.27,2.02,1.98,53
30,5,Friday,1,180.51,172,89,87,2.87,1.48,1.45,53
30,5,Friday,2,97.28,96,39,53,1.6,0.65,0.88,53
30,5,Friday,3,82.49,79,27,52,1.32,0.45,0.87,53
30,5,Friday,4,58.17,55,18,36,0.92,0.3,0.6,53
30,5,Friday,5,45.21,44,16,28,0.73,0.27,0.47,53
30,5,Friday,6,45.92,45,16,28,0.75,0.27,0.47,53
30,5,Friday,7,70.15,71,29,42,1.18,0.48,0.7,53
30,5,Friday,8,140.52,144.5,63.5,82,2.41,1.06,1.37,52
30,5,Friday,9,191.69,195.5,70,121,3.26,1.17,2.02,52
30,5,Friday,10,288.87,295,111,182,4.92,1.85,3.03,53
30,5,Friday,11,416.92,418,175,240,6.97,2.92,4,53
30,5,Friday,12,656.13,656,265,393,10.93,4.42,6.55,53
30,5,Friday,13,686.94,682,273,412,11.37,4.55,6.87,53
30,5,Friday,14,630.57,607,235,388,10.12,3.92,6.47,53
30,5,Friday,15,638.19,633,250,374,10.55,4.17,6.23,53
30,5,Friday,16,703.43,703,308,400,11.72,5.13,6.67,53
30,5,Friday,17,887.53,886,412,470,14.77,6.87,7.83,53
30,5,Friday,18,1021.79,1008.5,494.5,534.5,16.81,8.24,8.91,52
30,5,Friday,19,1082.29,1046.5,473.5,598,17.44,7.89,9.97,52
30,5,Friday,20,1042.5,1034,432.5,596.5,17.23,7.21,9.94,52
30,5,Friday,21,1039.32,1043,443,606,17.38,7.38,10.1,53
30,5,Friday,22,964.66,1007,416,570,16.78,6.93,9.5,53
30,5,Friday,23,798.57,796,349,428,13.27,5.82,7.13,53
30,6,Saturday,0,582.73,612,280,319.5,10.2,4.67,5.32,52
30,6,Saturday,1,427.92,438,208,224,7.3,3.47,3.73,52
30,6,Saturday,2,274.58,277,108.5,166.5,4.62,1.81,2.78,52
30,6,Saturday,3,202.94,201,92.5,114,3.35,1.54,1.9,52
30,6,Saturday,4,129.69,133.5,53.5,74,2.22,0.89,1.23,52
30,6,Saturday,5,84.23,84,29,53.5,1.4,0.48,0.89,52
30,6,Saturday,6,64.31,66,20,43.5,1.1,0.33,0.72,52
30,6,Saturday,7,74.56,71.5,22,52,1.19,0.37,0.87,52
30,6,Saturday,8,90.17,87,29,57.5,1.45,0.48,0.96,52
30,6,Saturday,9,170.6,170,46.5,124,2.83,0.78,2.07,52
30,6,Saturday,10,302.73,302.5,98.5,202.5,5.04,1.64,3.38,52
30,6,Saturday,11,468.63,458,189.5,278.5,7.63,3.16,4.64,52
30,6,Saturday,12,654.13,645,272.5,368.5,10.75,4.54,6.14,52
30,6,Saturday,13,832.42,819.5,326,494,13.66,5.43,8.23,52
30,6,Saturday,14,846.35,829,330,507.5,13.82,5.5,8.46,52
30,6,Saturday,15,886.52,880.5,361,515.5,14.68,6.02,8.59,52
30,6,Saturday,16,948.06,936.5,409.5,538.5,15.61,6.82,8.97,52
30,6,Saturday,17,1007.94,1006.5,494,514,16.77,8.23,8.57,52
30,6,Saturday,18,1156.33,1160,570.5,571,19.33,9.51,9.52,52
30,6,Saturday,19,1201.12,1194.5,526.5,680.5,19.91,8.78,11.34,52
30,6,Saturday,20,1084.35,1086,450,631,18.1,7.5,10.52,52
30,6,Saturday,21,1104.71,1080.5,464.5,624.5,18.01,7.74,10.41,52
30,6,Saturday,22,1071.4,1043.5,510.5,593,17.39,8.51,9.88,52
30,6,Saturday,23,873.94,934,425.5,472,15.57,7.09,7.87,52
30,7,Sunday,0,707.94,731.5,351.5,377.5,12.19,5.86,6.29,52
30,7,Sunday,1,550.83,570,279.5,292.5,9.5,4.66,4.88,52
30,7,Sunday,2,364.29,374,150,225,6.23,2.5,3.75,51
30,7,Sunday,3,277.85,294.5,125,169,4.91,2.08,2.82,52
30,7,Sunday,4,186.02,191,80.5,112.5,3.18,1.34,1.88,52
30,7,Sunday,5,135.33,126.5,55,72,2.11,0.92,1.2,52
30,7,Sunday,6,92.31,94.5,34.5,58,1.57,0.58,0.97,52
30,7,Sunday,7,77.94,75,24,51.5,1.25,0.4,0.86,52
30,7,Sunday,8,102.06,101,29,71.5,1.68,0.48,1.19,52
30,7,Sunday,9,180.06,177.5,56.5,123.5,2.96,0.94,2.06,52
30,7,Sunday,10,317.52,307.5,99.5,206,5.12,1.66,3.43,52
30,7,Sunday,11,475.27,455.5,180,266,7.59,3,4.43,52
30,7,Sunday,12,693.5,687.5,294.5,368,11.46,4.91,6.13,52
30,7,Sunday,13,781.33,743,290,453.5,12.38,4.83,7.56,52
30,7,Sunday,14,783.31,766.5,277,487,12.78,4.62,8.12,52
30,7,Sunday,15,784.6,757,269,488.5,12.62,4.48,8.14,52
30,7,Sunday,16,785.63,766,328.5,440.5,12.77,5.47,7.34,52
30,7,Sunday,17,818.33,837.5,407.5,425,13.96,6.79,7.08,52
30,7,Sunday,18,807.31,786,380,418,13.1,6.33,6.97,52
30,7,Sunday,19,799.65,775,345.5,436.5,12.92,5.76,7.28,52
30,7,Sunday,20,690.25,657,262.5,404,10.95,4.38,6.73,52
30,7,Sunday,21,593.52,562,225.5,343.5,9.37,3.76,5.72,52
30,7,Sunday,22,429.23,418,180,233,6.97,3,3.88,52
30,7,Sunday,23,311.9,292.5,146,145.5,4.88,2.43,2.42,52
31,1,Monday,0,33.75,23,7,15,0.38,0.12,0.25,52
31,1,Monday,1,11.69,9,5,4,0.15,0.08,0.07,52
31,1,Monday,2,7.12,6,3,3,0.1,0.05,0.05,50
31,1,Monday,3,5.82,5,2,2,0.08,0.03,0.03,49
31,1,Monday,4,7.19,5,3,2,0.08,0.05,0.03,52
31,1,Monday,5,6.19,5,2,3,0.08,0.03,0.05,52
31,1,Monday,6,12.06,12,5,6,0.2,0.08,0.1,52
31,1,Monday,7,43.23,41.5,19,23,0.69,0.32,0.38,52
31,1,Monday,8,88.02,85,40,47,1.42,0.67,0.78,52
31,1,Monday,9,125.63,124,59,63,2.07,0.98,1.05,52
31,1,Monday,10,179.4,179.5,93.5,83.5,2.99,1.56,1.39,52
31,1,Monday,11,231.23,232,117.5,113,3.87,1.96,1.88,52
31,1,Monday,12,312.27,305,160,145,5.08,2.67,2.42,52
31,1,Monday,13,336.98,332.5,167.5,162.5,5.54,2.79,2.71,52
31,1,Monday,14,293.13,274,137.5,139.5,4.57,2.29,2.33,52
31,1,Monday,15,276.81,261.5,128,135,4.36,2.13,2.25,52
31,1,Monday,16,246.67,240,123,112,4,2.05,1.87,52
31,1,Monday,17,265.71,268,155.5,113.5,4.47,2.59,1.89,52
31,1,Monday,18,274.9,300.5,169.5,119,5.01,2.83,1.98,52
31,1,Monday,19,339.08,331.5,184,147,5.53,3.07,2.45,52
31,1,Monday,20,347,326.5,157,161,5.44,2.62,2.68,52
31,1,Monday,21,277.02,243,107,135,4.05,1.78,2.25,52
31,1,Monday,22,155.38,134,47,87,2.23,0.78,1.45,52
31,1,Monday,23,59.67,45.5,14,30,0.76,0.23,0.5,52
31,2,Tuesday,0,20.65,15,8,8,0.25,0.13,0.13,52
31,2,Tuesday,1,11.86,9,5,5,0.15,0.08,0.08,51
31,2,Tuesday,2,6.04,5,3,2,0.08,0.05,0.03,49
31,2,Tuesday,3,6.78,4,2,2,0.07,0.03,0.03,45
31,2,Tuesday,4,7.81,5,3,2,0.08,0.05,0.03,48
31,2,Tuesday,5,6.21,6,2,3,0.1,0.03,0.05,52
31,2,Tuesday,6,16.35,15,7,8,0.25,0.12,0.13,52
31,2,Tuesday,7,47.19,47,18.5,27,0.78,0.31,0.45,52
31,2,Tuesday,8,94.77,94,39,53.5,1.57,0.65,0.89,52
31,2,Tuesday,9,125.17,120.5,60.5,62.5,2.01,1.01,1.04,52
31,2,Tuesday,10,167.19,158,81.5,77,2.63,1.36,1.28,52
31,2,Tuesday,11,215.23,213.5,110,106,3.56,1.83,1.77,52
31,2,Tuesday,12,314.02,309,161.5,147,5.15,2.69,2.45,52
31,2,Tuesday,13,322.71,321,160,163,5.35,2.67,2.72,52
31,2,Tuesday,14,267.08,264.5,129,136.5,4.41,2.15,2.28,52
31,2,Tuesday,15,243.5,242,122.5,122,4.03,2.04,2.03,52
31,2,Tuesday,16,232.29,236.5,120.5,112,3.94,2.01,1.87,52
31,2,Tuesday,17,263.56,274,164.5,110.5,4.57,2.74,1.84,52
31,2,Tuesday,18,277.46,305.5,180.5,125,5.09,3.01,2.08,52
31,2,Tuesday,19,330.83,324.5,173,155.5,5.41,2.88,2.59,52
31,2,Tuesday,20,337.17,321.5,155,159,5.36,2.58,2.65,52
31,2,Tuesday,21,248.92,231.5,101.5,133,3.86,1.69,2.22,52
31,2,Tuesday,22,140.63,121.5,49.5,79,2.02,0.82,1.32,52
31,2,Tuesday,23,52.58,45,16,29,0.75,0.27,0.48,52
31,3,Wednesday,0,16.52,15,7,9,0.25,0.12,0.15,52
31,3,Wednesday,1,9.67,9,5,3.5,0.15,0.08,0.06,52
31,3,Wednesday,2,7.94,8,4,3,0.13,0.07,0.05,51
31,3,Wednesday,3,6.6,6,3,2,0.1,0.05,0.03,50
31,3,Wednesday,4,6.16,4,2,2,0.07,0.03,0.03,49
31,3,Wednesday,5,8.08,7,4,3,0.12,0.07,0.05,52
31,3,Wednesday,6,15.31,14,7,7,0.23,0.12,0.12,52
31,3,Wednesday,7,50.08,49,21,27.5,0.82,0.35,0.46,52
31,3,Wednesday,8,98.75,101,42.5,57,1.68,0.71,0.95,52
31,3,Wednesday,9,124.77,128,62,67,2.13,1.03,1.12,52
31,3,Wednesday,10,165,164.5,83,79.5,2.74,1.38,1.32,52
31,3,Wednesday,11,216.88,214,112,101.5,3.57,1.87,1.69,52
31,3,Wednesday,12,315.35,317.5,169.5,148.5,5.29,2.83,2.48,52
31,3,Wednesday,13,332.85,331,164.5,166,5.52,2.74,2.77,52
31,3,Wednesday,14,261.29,257,122,139.5,4.28,2.03,2.33,52
31,3,Wednesday,15,249.12,250,126.5,127,4.17,2.11,2.12,52
31,3,Wednesday,16,242.81,238.5,124.5,116,3.98,2.08,1.93,52
31,3,Wednesday,17,286.02,287,166,118.5,4.78,2.77,1.98,52
31,3,Wednesday,18,306.06,321,188.5,127.5,5.35,3.14,2.12,52
31,3,Wednesday,19,370.65,368.5,210,158,6.14,3.5,2.63,52
31,3,Wednesday,20,377.29,367,178.5,189,6.12,2.98,3.15,52
31,3,Wednesday,21,305.77,286.5,125.5,167.5,4.78,2.09,2.79,52
31,3,Wednesday,22,187.06,171,67.5,97,2.85,1.12,1.62,52
31,3,Wednesday,23,75.46,62.5,23,40.5,1.04,0.38,0.68,52
31,4,Thursday,0,25.48,20.5,8,11.5,0.34,0.13,0.19,52
31,4,Thursday,1,11.83,9.5,5,4.5,0.16,0.08,0.07,52
31,4,Thursday,2,7.77,7,4,3,0.12,0.07,0.05,52
31,4,Thursday,3,7.2,6,4,2,0.1,0.07,0.03,49
31,4,Thursday,4,7.67,6,3,2,0.1,0.05,0.03,49
31,4,Thursday,5,7.63,6,3,3,0.1,0.05,0.05,51
31,4,Thursday,6,17.31,16,7,8,0.27,0.12,0.13,52
31,4,Thursday,7,48.46,48.5,21,26,0.81,0.35,0.43,52
31,4,Thursday,8,90.94,95,42,53,1.58,0.7,0.88,52
31,4,Thursday,9,124.92,126,62,64,2.1,1.03,1.07,52
31,4,Thursday,10,163.77,170.5,86.5,83,2.84,1.44,1.38,52
31,4,Thursday,11,231.69,230.5,118,114,3.84,1.97,1.9,52
31,4,Thursday,12,311.62,326.5,172.5,147.5,5.44,2.88,2.46,52
31,4,Thursday,13,327.27,330.5,165.5,161.5,5.51,2.76,2.69,52
31,4,Thursday,14,269.75,271.5,128.5,142,4.53,2.14,2.37,52
31,4,Thursday,15,251.27,258.5,127.5,127,4.31,2.12,2.12,52
31,4,Thursday,16,251.17,259.5,132.5,120,4.32,2.21,2,52
31,4,Thursday,17,302.06,309,179.5,127,5.15,2.99,2.12,52
31,4,Thursday,18,343.65,348,208,143.5,5.8,3.47,2.39,52
31,4,Thursday,19,388.46,391,220,171.5,6.52,3.67,2.86,52
31,4,Thursday,20,412.1,391.5,190.5,202.5,6.53,3.17,3.38,52
31,4,Thursday,21,339.33,330.5,142,185.5,5.51,2.37,3.09,52
31,4,Thursday,22,225.04,208,78.5,123,3.47,1.31,2.05,52
31,4,Thursday,23,88.94,84,30,54,1.4,0.5,0.9,52
31,5,Friday,0,27.57,25,10,14,0.42,0.17,0.23,53
31,5,Friday,1,13.92,12,6,6,0.2,0.1,0.1,53
31,5,Friday,2,8.06,7,4,3,0.12,0.07,0.05,53
31,5,Friday,3,7.62,7,3,2,0.12,0.05,0.03,52
31,5,Friday,4,7.38,5,3,2,0.08,0.05,0.03,52
31,5,Friday,5,7.69,6,3,3,0.1,0.05,0.05,51
31,5,Friday,6,15.79,14.5,7,7,0.24,0.12,0.12,52
31,5,Friday,7,45.36,45,24,21,0.75,0.4,0.35,53
31,5,Friday,8,89.34,93,42,48,1.55,0.7,0.8,53
31,5,Friday,9,130.19,133,66,65,2.22,1.1,1.08,53
31,5,Friday,10,182.81,183,95,86,3.05,1.58,1.43,53
31,5,Friday,11,241.25,239,121,123,3.98,2.02,2.05,53
31,5,Friday,12,321.58,322,164,151,5.37,2.73,2.52,53
31,5,Friday,13,350.79,351,176,173,5.85,2.93,2.88,53
31,5,Friday,14,308.62,306,149,155,5.1,2.48,2.58,53
31,5,Friday,15,290.96,292,147,144,4.87,2.45,2.4,53
31,5,Friday,16,292.23,278,144,135,4.63,2.4,2.25,53
31,5,Friday,17,346.83,345,202,137,5.75,3.37,2.28,53
31,5,Friday,18,421.72,427,251,163,7.12,4.18,2.72,53
31,5,Friday,19,539.02,539,296,245,8.98,4.93,4.08,53
31,5,Friday,20,639.6,657,324,333,10.95,5.4,5.55,53
31,5,Friday,21,657.85,661,321,348,11.02,5.35,5.8,53
31,5,Friday,22,510.23,511,225,274,8.52,3.75,4.57,53
31,5,Friday,23,301.13,293,117,176,4.88,1.95,2.93,53
31,6,Saturday,0,124.5,112,36.5,78.5,1.87,0.61,1.31,52
31,6,Saturday,1,34.48,32,12.5,18.5,0.53,0.21,0.31,52
31,6,Saturday,2,14.83,14,7,5.5,0.23,0.12,0.09,52
31,6,Saturday,3,8.38,7.5,4,3,0.12,0.07,0.05,52
31,6,Saturday,4,8.56,6.5,4,2,0.11,0.07,0.03,50
31,6,Saturday,5,6.54,6,3,2,0.1,0.05,0.03,52
31,6,Saturday,6,7.25,6,3,3,0.1,0.05,0.05,52
31,6,Saturday,7,27.73,27.5,15,11,0.46,0.25,0.18,52
31,6,Saturday,8,66.63,63.5,37.5,27,1.06,0.62,0.45,52
31,6,Saturday,9,136.81,138,77,60.5,2.3,1.28,1.01,52
31,6,Saturday,10,218.77,218,116,100,3.63,1.93,1.67,52
31,6,Saturday,11,303.44,298,159.5,139.5,4.97,2.66,2.33,52
31,6,Saturday,12,359.52,361.5,195.5,169,6.03,3.26,2.82,52
31,6,Saturday,13,413.38,417,206.5,209.5,6.95,3.44,3.49,52
31,6,Saturday,14,443.81,452,216.5,239,7.53,3.61,3.98,52
31,6,Saturday,15,437.4,439,214.5,229.5,7.32,3.58,3.83,52
31,6,Saturday,16,420,427.5,212,213.5,7.12,3.53,3.56,52
31,6,Saturday,17,462.94,477,272,205,7.95,4.53,3.42,52
31,6,Saturday,18,561.96,552,321,239,9.2,5.35,3.98,52
31,6,Saturday,19,706.31,721.5,386.5,337.5,12.03,6.44,5.62,52
31,6,Saturday,20,818.85,784,376.5,405.5,13.07,6.28,6.76,52
31,6,Saturday,21,811.9,794,374.5,405.5,13.23,6.24,6.76,52
31,6,Saturday,22,660.48,639.5,298.5,337,10.66,4.97,5.62,52
31,6,Saturday,23,395.54,360,153,211.5,6,2.55,3.52,52
31,7,Sunday,0,167.06,158.5,45,117,2.64,0.75,1.95,52
31,7,Sunday,1,48.69,42.5,14,29,0.71,0.23,0.48,52
31,7,Sunday,2,17.02,16,7,8,0.27,0.12,0.13,51
31,7,Sunday,3,10.75,10,5,4,0.17,0.08,0.07,51
31,7,Sunday,4,5.68,5,3,2,0.08,0.05,0.03,50
31,7,Sunday,5,7.35,5,3,1,0.08,0.05,0.02,52
31,7,Sunday,6,8.67,7.5,4,3,0.12,0.07,0.05,52
31,7,Sunday,7,21.42,19.5,12.5,7,0.32,0.21,0.12,52
31,7,Sunday,8,61.44,56,33.5,22.5,0.93,0.56,0.38,52
31,7,Sunday,9,137.6,131.5,72.5,61,2.19,1.21,1.02,52
31,7,Sunday,10,222.17,196.5,105,96,3.28,1.75,1.6,52
31,7,Sunday,11,322.58,287.5,157,138.5,4.79,2.62,2.31,52
31,7,Sunday,12,421.17,397,217,183,6.62,3.62,3.05,52
31,7,Sunday,13,497.83,497.5,255.5,235.5,8.29,4.26,3.92,52
31,7,Sunday,14,527.23,534,270.5,262,8.9,4.51,4.37,52
31,7,Sunday,15,499.87,496,245.5,250.5,8.27,4.09,4.18,52
31,7,Sunday,16,441.65,454,232,212,7.57,3.87,3.53,52
31,7,Sunday,17,439.65,459,255.5,200.5,7.65,4.26,3.34,52
31,7,Sunday,18,474.5,482,279.5,200,8.03,4.66,3.33,52
31,7,Sunday,19,534.12,527,272,255,8.78,4.53,4.25,52
31,7,Sunday,20,523.52,490.5,231,259.5,8.18,3.85,4.32,52
31,7,Sunday,21,405.77,356,161,196,5.93,2.68,3.27,52
31,7,Sunday,22,255.92,223.5,88,133.5,3.72,1.47,2.22,52
31,7,Sunday,23,103.19,79.5,23.5,58,1.32,0.39,0.97,52
35,1,Monday,0,104.23,67,25.5,40,1.12,0.42,0.67,52
35,1,Monday,1,42.77,29.5,10,20,0.49,0.17,0.33,52
35,1,Monday,2,18.98,14,6,7,0.23,0.1,0.12,52
35,1,Monday,3,11.87,9,5,5,0.15,0.08,0.08,52
35,1,Monday,4,13.96,12.5,8,5,0.21,0.13,0.08,52
35,1,Monday,5,59.77,59,31,26,0.98,0.52,0.43,52
35,1,Monday,6,319.56,310.5,143,162.5,5.18,2.38,2.71,52
35,1,Monday,7,950.42,1029,394,626,17.15,6.57,10.43,52
35,1,Monday,8,2123.62,2323.5,568,1760,38.73,9.47,29.33,52
35,1,Monday,9,1360.75,1382,552.5,845.5,23.03,9.21,14.09,52
35,1,Monday,10,1140.69,1071,601.5,489,17.85,10.03,8.15,52
35,1,Monday,11,1324.38,1275.5,654.5,618,21.26,10.91,10.3,52
35,1,Monday,12,2295.62,2350.5,1200,1145,39.17,20,19.08,52
35,1,Monday,13,2158.81,2184.5,1003.5,1121.5,36.41,16.73,18.69,52
35,1,Monday,14,1720.46,1596,741,846,26.6,12.35,14.1,52
35,1,Monday,15,1739.6,1662,821.5,824,27.7,13.69,13.73,52
35,1,Monday,16,2100.92,2076,1116,970.5,34.6,18.6,16.18,52
35,1,Monday,17,2814.85,2917.5,1647.5,1256,48.62,27.46,20.93,52
35,1,Monday,18,1868.87,1954.5,946,1007,32.58,15.77,16.78,52
35,1,Monday,19,1356.62,1148,561.5,605.5,19.13,9.36,10.09,52
35,1,Monday,20,1105.1,821,351,470.5,13.68,5.85,7.84,52
35,1,Monday,21,791.87,567.5,223.5,359,9.46,3.72,5.98,52
35,1,Monday,22,462.31,339.5,142,187.5,5.66,2.37,3.12,52
35,1,Monday,23,224.13,154.5,68,85.5,2.58,1.13,1.43,52
35,2,Tuesday,0,84.63,54,19,32.5,0.9,0.32,0.54,52
35,2,Tuesday,1,31.27,25,10,15.5,0.42,0.17,0.26,52
35,2,Tuesday,2,16.27,14,7,8,0.23,0.12,0.13,52
35,2,Tuesday,3,10.67,9,4,4,0.15,0.07,0.07,52
35,2,Tuesday,4,12.15,11.5,8,3,0.19,0.13,0.05,52
35,2,Tuesday,5,74.88,70,38,32,1.17,0.63,0.53,52
35,2,Tuesday,6,450.69,438.5,205,239.5,7.31,3.42,3.99,52
35,2,Tuesday,7,1221.77,1321.5,490.5,834,22.02,8.18,13.9,52
35,2,Tuesday,8,2622.02,2783,657,2103,46.38,10.95,35.05,52
35,2,Tuesday,9,1552.15,1591,542,1048,26.52,9.03,17.47,52
35,2,Tuesday,10,1115.6,1070.5,561,507.5,17.84,9.35,8.46,52
35,2,Tuesday,11,1302.73,1272.5,648.5,613,21.21,10.81,10.22,52
35,2,Tuesday,12,2384.15,2409.5,1255.5,1161.5,40.16,20.92,19.36,52
35,2,Tuesday,13,2205.1,2288,1051,1218.5,38.13,17.52,20.31,52
35,2,Tuesday,14,1678.96,1682,791.5,886.5,28.03,13.19,14.78,52
35,2,Tuesday,15,1762.35,1736,876,856,28.93,14.6,14.27,52
35,2,Tuesday,16,2236.81,2331,1296,1010.5,38.85,21.6,16.84,52
35,2,Tuesday,17,3151.63,3407.5,2045,1369.5,56.79,34.08,22.82,52
35,2,Tuesday,18,1963.65,1831,910.5,887,30.52,15.18,14.78,52
35,2,Tuesday,19,1410.1,1123.5,520,640.5,18.73,8.67,10.68,52
35,2,Tuesday,20,1136.21,888.5,374.5,514,14.81,6.24,8.57,52
35,2,Tuesday,21,795.56,613,241.5,374.5,10.22,4.03,6.24,52
35,2,Tuesday,22,519.94,412.5,158.5,249.5,6.88,2.64,4.16,52
35,2,Tuesday,23,277.27,179,81,108,2.98,1.35,1.8,52
35,3,Wednesday,0,93.6,70.5,30,42.5,1.18,0.5,0.71,52
35,3,Wednesday,1,35.79,30.5,11.5,18,0.51,0.19,0.3,52
35,3,Wednesday,2,20.6,18,7,10,0.3,0.12,0.17,52
35,3,Wednesday,3,10.52,10,4,5.5,0.17,0.07,0.09,52
35,3,Wednesday,4,12.85,13.5,8.5,4,0.22,0.14,0.07,52
35,3,Wednesday,5,83.85,78,42,39.5,1.3,0.7,0.66,52
35,3,Wednesday,6,489.12,495,225,267,8.25,3.75,4.45,52
35,3,Wednesday,7,1264.71,1333,525,801,22.22,8.75,13.35,52
35,3,Wednesday,8,2545.19,2679,664.5,2008,44.65,11.07,33.47,52
35,3,Wednesday,9,1483.48,1498,549.5,944.5,24.97,9.16,15.74,52
35,3,Wednesday,10,1128.06,1144.5,581.5,534.5,19.08,9.69,8.91,52
35,3,Wednesday,11,1370.19,1332,699.5,645,22.2,11.66,10.75,52
35,3,Wednesday,12,2376.98,2439.5,1237.5,1166,40.66,20.62,19.43,52
35,3,Wednesday,13,2249.71,2286,1086,1194,38.1,18.1,19.9,52
35,3,Wednesday,14,1750.21,1738,827,880,28.97,13.78,14.67,52
35,3,Wednesday,15,1813.44,1756,914.5,850,29.27,15.24,14.17,52
35,3,Wednesday,16,2299.42,2336,1269,1008,38.93,21.15,16.8,52
35,3,Wednesday,17,3181.08,3262,1960.5,1299,54.37,32.67,21.65,52
35,3,Wednesday,18,2117.92,1922.5,1066.5,922,32.04,17.77,15.37,52
35,3,Wednesday,19,1542.06,1213,572,657.5,20.22,9.53,10.96,52
35,3,Wednesday,20,1290.31,869,386.5,504.5,14.48,6.44,8.41,52
35,3,Wednesday,21,943.77,692,283.5,428,11.53,4.72,7.13,52
35,3,Wednesday,22,746.77,487,160.5,313.5,8.12,2.67,5.22,52
35,3,Wednesday,23,431.98,223.5,84.5,141,3.72,1.41,2.35,52
35,4,Thursday,0,175.5,64,26.5,42,1.07,0.44,0.7,52
35,4,Thursday,1,90.17,32,11,20,0.53,0.18,0.33,52
35,4,Thursday,2,39.02,16,7,10,0.27,0.12,0.17,52
35,4,Thursday,3,17.62,9,4,5,0.15,0.07,0.08,52
35,4,Thursday,4,14.56,12,8,3.5,0.2,0.13,0.06,52
35,4,Thursday,5,79.4,73,39,35,1.22,0.65,0.58,52
35,4,Thursday,6,459.48,496.5,238.5,259,8.28,3.98,4.32,52
35,4,Thursday,7,1273.73,1389.5,530,835.5,23.16,8.83,13.93,52
35,4,Thursday,8,2630.02,2809.5,664.5,2132.5,46.83,11.07,35.54,52
35,4,Thursday,9,1603.65,1672,571.5,1085,27.87,9.53,18.08,52
35,4,Thursday,10,1216.69,1192.5,632.5,559.5,19.88,10.54,9.32,52
35,4,Thursday,11,1442.15,1435.5,715,687,23.92,11.92,11.45,52
35,4,Thursday,12,2528.73,2536,1303,1236.5,42.27,21.72,20.61,52
35,4,Thursday,13,2360.56,2312.5,1078.5,1247.5,38.54,17.98,20.79,52
35,4,Thursday,14,1877.88,1812,883,966.5,30.2,14.72,16.11,52
35,4,Thursday,15,1913.94,1918,954.5,963,31.97,15.91,16.05,52
35,4,Thursday,16,2403.92,2492,1370,1107,41.53,22.83,18.45,52
35,4,Thursday,17,3407.46,3632,2057.5,1501.5,60.53,34.29,25.02,52
35,4,Thursday,18,2353.38,2439,1416,1078,40.65,23.6,17.97,52
35,4,Thursday,19,1678.54,1521,825.5,679.5,25.35,13.76,11.32,52
35,4,Thursday,20,1340.63,1002.5,446.5,548.5,16.71,7.44,9.14,52
35,4,Thursday,21,1025.19,899,355.5,530.5,14.98,5.92,8.84,52
35,4,Thursday,22,828.23,714.5,241,429.5,11.91,4.02,7.16,52
35,4,Thursday,23,417.42,360,122,242,6,2.03,4.03,52
35,5,Friday,0,141.66,110,40,66,1.83,0.67,1.1,53
35,5,Friday,1,53.96,44,17,29,0.73,0.28,0.48,53
35,5,Friday,2,26.11,22,9,13,0.37,0.15,0.22,53
35,5,Friday,3,15.89,12,5,8,0.2,0.08,0.13,53
35,5,Friday,4,14.72,13,8,5,0.22,0.13,0.08,53
35,5,Friday,5,70.3,63,32,31,1.05,0.53,0.52,53
35,5,Friday,6,375.72,395,179,208,6.58,2.98,3.47,53
35,5,Friday,7,926.64,986,435,544,16.43,7.25,9.07,53
35,5,Friday,8,1768.53,1862,570,1279,31.03,9.5,21.32,53
35,5,Friday,9,1362.57,1351,567,768,22.52,9.45,12.8,53
35,5,Friday,10,1247.79,1227,664,552,20.45,11.07,9.2,53
35,5,Friday,11,1513.58,1483,754,709,24.72,12.57,11.82,53
35,5,Friday,12,2163.91,2180,1077,1062,36.33,17.95,17.7,53
35,5,Friday,13,2110.38,2112,978,1143,35.2,16.3,19.05,53
35,5,Friday,14,1962.19,1917,919,1008,31.95,15.32,16.8,53
35,5,Friday,15,2095.13,2096,1026,1063,34.93,17.1,17.72,53
35,5,Friday,16,2447.68,2434,1215,1230,40.57,20.25,20.5,53
35,5,Friday,17,3134.43,3183,1702,1496,53.05,28.37,24.93,53
35,5,Friday,18,2631.62,2532,1317,1132,42.2,21.95,18.87,53
35,5,Friday,19,2159.4,1908,998,893,31.8,16.63,14.88,53
35,5,Friday,20,1738.92,1364,601,783,22.73,10.02,13.05,53
35,5,Friday,21,1451.42,1249,480,766,20.82,8,12.77,53
35,5,Friday,22,1348.26,1273,431,831,21.22,7.18,13.85,53
35,5,Friday,23,865.87,722,276,435,12.03,4.6,7.25,53
35,6,Saturday,0,396.29,357,150,207.5,5.95,2.5,3.46,52
35,6,Saturday,1,178.5,160.5,66,95.5,2.67,1.1,1.59,52
35,6,Saturday,2,87.15,71,31,38,1.18,0.52,0.63,52
35,6,Saturday,3,45.1,41.5,16,22,0.69,0.27,0.37,52
35,6,Saturday,4,24.13,21.5,10,10.5,0.36,0.17,0.17,52
35,6,Saturday,5,39.6,35,18,18,0.58,0.3,0.3,52
35,6,Saturday,6,162.25,154,89,70,2.57,1.48,1.17,52
35,6,Saturday,7,478.46,478,260,204.5,7.97,4.33,3.41,52
35,6,Saturday,8,914.31,939.5,462,438.5,15.66,7.7,7.31,52
35,6,Saturday,9,1303.98,1300,772.5,539,21.67,12.88,8.98,52
35,6,Saturday,10,1582.62,1559,884.5,674,25.98,14.74,11.23,52
35,6,Saturday,11,1973.81,1947,1001,961,32.45,16.68,16.02,52
35,6,Saturday,12,2278.9,2336,1077.5,1212.5,38.93,17.96,20.21,52
35,6,Saturday,13,2471.58,2491,1128.5,1356.5,41.52,18.81,22.61,52
35,6,Saturday,14,2651.13,2745.5,1210,1477,45.76,20.17,24.62,52
35,6,Saturday,15,2811.56,2897,1310.5,1559.5,48.28,21.84,25.99,52
35,6,Saturday,16,3064.71,3179,1380.5,1809,52.98,23.01,30.15,52
35,6,Saturday,17,3192.29,3366.5,1518.5,1827,56.11,25.31,30.45,52
35,6,Saturday,18,3044.62,2827,1375,1492.5,47.12,22.92,24.88,52
35,6,Saturday,19,2682.92,2593,1143,1463.5,43.22,19.05,24.39,52
35,6,Saturday,20,2252.06,1920.5,785,1132.5,32.01,13.08,18.88,52
35,6,Saturday,21,1756.23,1658.5,668.5,975.5,27.64,11.14,16.26,52
35,6,Saturday,22,1649.35,1487.5,545.5,930.5,24.79,9.09,15.51,52
35,6,Saturday,23,1030.88,1003,374.5,625,16.72,6.24,10.42,52
35,7,Sunday,0,542.75,515,215,297.5,8.58,3.58,4.96,52
35,7,Sunday,1,260.21,249,109,144,4.15,1.82,2.4,52
35,7,Sunday,2,118.53,110,49,65,1.83,0.82,1.08,51
35,7,Sunday,3,64.62,59,23.5,34.5,0.98,0.39,0.58,52
35,7,Sunday,4,31.25,29,12,17,0.48,0.2,0.28,52
35,7,Sunday,5,43.13,35.5,16.5,18.5,0.59,0.28,0.31,52
35,7,Sunday,6,140.35,135.5,72,61.5,2.26,1.2,1.02,52
35,7,Sunday,7,494.75,412.5,234.5,157.5,6.88,3.91,2.62,52
35,7,Sunday,8,1038.75,821.5,425.5,393.5,13.69,7.09,6.56,52
35,7,Sunday,9,1389.44,1199.5,690.5,523,19.99,11.51,8.72,52
35,7,Sunday,10,1745.08,1645,942,679.5,27.42,15.7,11.32,52
35,7,Sunday,11,2089.08,2086,1067.5,998.5,34.77,17.79,16.64,52
35,7,Sunday,12,2314.06,2358,1110.5,1238,39.3,18.51,20.63,52
35,7,Sunday,13,2393.79,2437,1133,1319,40.62,18.88,21.98,52
35,7,Sunday,14,2562.35,2585.5,1161,1411,43.09,19.35,23.52,52
35,7,Sunday,15,2605.87,2581.5,1149,1428,43.02,19.15,23.8,52
35,7,Sunday,16,2578.37,2585,1088.5,1440,43.08,18.14,24,52
35,7,Sunday,17,2443.19,2328,1059.5,1315.5,38.8,17.66,21.92,52
35,7,Sunday,18,1973.02,1739,797,920,28.98,13.28,15.33,52
35,7,Sunday,19,1611.56,1147.5,533.5,656,19.12,8.89,10.93,52
35,7,Sunday,20,1296.31,862.5,354.5,509,14.38,5.91,8.48,52
35,7,Sunday,21,916.81,618.5,253,360.5,10.31,4.22,6.01,52
35,7,Sunday,22,618.79,362.5,139.5,230.5,6.04,2.33,3.84,52
35,7,Sunday,23,349.83,226,81.5,136,3.77,1.36,2.27,52
36,1,Monday,0,26.71,19,9,8,0.32,0.15,0.13,52
36,1,Monday,1,19.88,12,6,5,0.2,0.1,0.08,52
36,1,Monday,2,16.92,8,5,3,0.13,0.08,0.05,52
36,1,Monday,3,18.25,9,6,2,0.15,0.1,0.03,51
36,1,Monday,4,10.69,6,3,3,0.1,0.05,0.05,51
36,1,Monday,5,22.52,19,13,6,0.32,0.22,0.1,52
36,1,Monday,6,47.9,47,31,14,0.78,0.52,0.23,52
36,1,Monday,7,118.13,124,74,48.5,2.07,1.23,0.81,52
36,1,Monday,8,330.79,350.5,215,135.5,5.84,3.58,2.26,52
36,1,Monday,9,274.5,286.5,155,129,4.78,2.58,2.15,52
36,1,Monday,10,271.9,268.5,141,126,4.47,2.35,2.1,52
36,1,Monday,11,309.58,319.5,166,144.5,5.32,2.77,2.41,52
36,1,Monday,12,544.13,573,313,274,9.55,5.22,4.57,52
36,1,Monday,13,522.92,553.5,280,268.5,9.22,4.67,4.47,52
36,1,Monday,14,354.15,370.5,177.5,185,6.18,2.96,3.08,52
36,1,Monday,15,298.44,311.5,152,160.5,5.19,2.53,2.67,52
36,1,Monday,16,319.75,335,161.5,169.5,5.58,2.69,2.83,52
36,1,Monday,17,407.35,431.5,204.5,220.5,7.19,3.41,3.67,52
36,1,Monday,18,275.37,272.5,147,127,4.54,2.45,2.12,52
36,1,Monday,19,186.6,178.5,88.5,86,2.98,1.48,1.43,52
36,1,Monday,20,155.46,151,68,79.5,2.52,1.13,1.32,52
36,1,Monday,21,114.5,108,51,56,1.8,0.85,0.93,52
36,1,Monday,22,70.62,62,31,31,1.03,0.52,0.52,52
36,1,Monday,23,42.12,37.5,21.5,17,0.62,0.36,0.28,52
36,2,Tuesday,0,18.25,14,6,8.5,0.23,0.1,0.14,52
36,2,Tuesday,1,10.75,9,5,4,0.15,0.08,0.07,52
36,2,Tuesday,2,6.31,5,2,2,0.08,0.03,0.03,52
36,2,Tuesday,3,8.92,8,6,1,0.13,0.1,0.02,51
36,2,Tuesday,4,4.92,4,2,2,0.07,0.03,0.03,48
36,2,Tuesday,5,16.37,14,8.5,5,0.23,0.14,0.08,52
36,2,Tuesday,6,56.27,56.5,39.5,17,0.94,0.66,0.28,52
36,2,Tuesday,7,142.04,147,87,58.5,2.45,1.45,0.98,52
36,2,Tuesday,8,392.65,410.5,242.5,162,6.84,4.04,2.7,52
36,2,Tuesday,9,315.88,324,178,146,5.4,2.97,2.43,52
36,2,Tuesday,10,291.04,295,159,137,4.92,2.65,2.28,52
36,2,Tuesday,11,341.63,343,181,159,5.72,3.02,2.65,52
36,2,Tuesday,12,715.69,747.5,404,328.5,12.46,6.73,5.47,52
36,2,Tuesday,13,637.23,672,316,346,11.2,5.27,5.77,52
36,2,Tuesday,14,402.96,411,195,213,6.85,3.25,3.55,52
36,2,Tuesday,15,345.33,353,169,180.5,5.88,2.82,3.01,52
36,2,Tuesday,16,379.33,381,180.5,198.5,6.35,3.01,3.31,52
36,2,Tuesday,17,536.58,555,277.5,271,9.25,4.62,4.52,52
36,2,Tuesday,18,347.35,356,193.5,154.5,5.93,3.22,2.58,52
36,2,Tuesday,19,224.12,218.5,109,110.5,3.64,1.82,1.84,52
36,2,Tuesday,20,199.29,188.5,84.5,110.5,3.14,1.41,1.84,52
36,2,Tuesday,21,159.94,154.5,63.5,87,2.58,1.06,1.45,52
36,2,Tuesday,22,87.65,80,38.5,42.5,1.33,0.64,0.71,52
36,2,Tuesday,23,54.44,50,24,21.5,0.83,0.4,0.36,52
36,3,Wednesday,0,21.88,17,7,10,0.28,0.12,0.17,52
36,3,Wednesday,1,10.73,9.5,4,5,0.16,0.07,0.08,52
36,3,Wednesday,2,5.2,5,3,2,0.08,0.05,0.03,51
36,3,Wednesday,3,7.27,7,5,2,0.12,0.08,0.03,51
36,3,Wednesday,4,5.2,4,2,2,0.07,0.03,0.03,51
36,3,Wednesday,5,15.48,15,9,6.5,0.25,0.15,0.11,52
36,3,Wednesday,6,60.17,60,39.5,20,1,0.66,0.33,52
36,3,Wednesday,7,146.02,146,85.5,62,2.43,1.43,1.03,52
36,3,Wednesday,8,386.12,397.5,238,164,6.62,3.97,2.73,52
36,3,Wednesday,9,319.08,326,174,151,5.43,2.9,2.52,52
36,3,Wednesday,10,286.67,289,149.5,136,4.82,2.49,2.27,52
36,3,Wednesday,11,352.44,358,191.5,163,5.97,3.19,2.72,52
36,3,Wednesday,12,693.42,712.5,387.5,322.5,11.88,6.46,5.38,52
36,3,Wednesday,13,651.38,674.5,327.5,350.5,11.24,5.46,5.84,52
36,3,Wednesday,14,415.23,423,195,217,7.05,3.25,3.62,52
36,3,Wednesday,15,351.04,345.5,172,179,5.76,2.87,2.98,52
36,3,Wednesday,16,381.96,392,185,201,6.53,3.08,3.35,52
36,3,Wednesday,17,547.63,555.5,282.5,274,9.26,4.71,4.57,52
36,3,Wednesday,18,370.04,369,202.5,164.5,6.15,3.38,2.74,52
36,3,Wednesday,19,237.96,232.5,117.5,119,3.88,1.96,1.98,52
36,3,Wednesday,20,207.56,203,86.5,115,3.38,1.44,1.92,52
36,3,Wednesday,21,175.46,165,67,96.5,2.75,1.12,1.61,52
36,3,Wednesday,22,113.13,99,42,54.5,1.65,0.7,0.91,52
36,3,Wednesday,23,62.42,47.5,25,23,0.79,0.42,0.38,52
36,4,Thursday,0,39.48,20,9,11,0.33,0.15,0.18,52
36,4,Thursday,1,22.79,10,4.5,5,0.17,0.07,0.08,52
36,4,Thursday,2,16.1,6,3,3,0.1,0.05,0.05,52
36,4,Thursday,3,14,8,5,2,0.13,0.08,0.03,52
36,4,Thursday,4,12.52,4,2,2,0.07,0.03,0.03,50
36,4,Thursday,5,20.46,19,12,6,0.32,0.2,0.1,52
36,4,Thursday,6,63.13,60,39,21,1,0.65,0.35,52
36,4,Thursday,7,149.83,144.5,80.5,61.5,2.41,1.34,1.02,52
36,4,Thursday,8,396.67,411.5,236.5,170.5,6.86,3.94,2.84,52
36,4,Thursday,9,339.73,347.5,196,150.5,5.79,3.27,2.51,52
36,4,Thursday,10,309.08,315,165,150,5.25,2.75,2.5,52
36,4,Thursday,11,371.67,371,211.5,167.5,6.18,3.52,2.79,52
36,4,Thursday,12,748.06,780.5,439.5,340,13.01,7.32,5.67,52
36,4,Thursday,13,666.62,683,329,360,11.38,5.48,6,52
36,4,Thursday,14,438.5,450,199,244.5,7.5,3.32,4.08,52
36,4,Thursday,15,376.15,399.5,188,202,6.66,3.13,3.37,52
36,4,Thursday,16,422.12,442,212.5,218.5,7.37,3.54,3.64,52
36,4,Thursday,17,593.71,612,314,288,10.2,5.23,4.8,52
36,4,Thursday,18,427.27,438,233,204.5,7.3,3.88,3.41,52
36,4,Thursday,19,276.27,271.5,126,141.5,4.53,2.1,2.36,52
36,4,Thursday,20,244.38,238.5,104,137,3.98,1.73,2.28,52
36,4,Thursday,21,200.9,185.5,80,111,3.09,1.33,1.85,52
36,4,Thursday,22,153.67,145,61,76.5,2.42,1.02,1.27,52
36,4,Thursday,23,105.94,96,47.5,48,1.6,0.79,0.8,52
36,5,Friday,0,48.26,43,20,23,0.72,0.33,0.38,53
36,5,Friday,1,30.96,26,11,12,0.43,0.18,0.2,53
36,5,Friday,2,19.7,14,10,4,0.23,0.17,0.07,53
36,5,Friday,3,17.43,13,10,3,0.22,0.17,0.05,53
36,5,Friday,4,8.75,6,3,3,0.1,0.05,0.05,53
36,5,Friday,5,17.57,17,12,6,0.28,0.2,0.1,53
36,5,Friday,6,53.75,56,36,18,0.93,0.6,0.3,53
36,5,Friday,7,114.45,118,70,49,1.97,1.17,0.82,53
36,5,Friday,8,286.62,302,175,121,5.03,2.92,2.02,53
36,5,Friday,9,276.64,283,153,128,4.72,2.55,2.13,53
36,5,Friday,10,274.49,276,144,129,4.6,2.4,2.15,53
36,5,Friday,11,323.83,335,181,150,5.58,3.02,2.5,53
36,5,Friday,12,566.6,596,333,257,9.93,5.55,4.28,53
36,5,Friday,13,655.75,689,332,353,11.48,5.53,5.88,53
36,5,Friday,14,386.28,392,185,213,6.53,3.08,3.55,53
36,5,Friday,15,349.38,360,173,190,6,2.88,3.17,53
36,5,Friday,16,386.53,394,197,197,6.57,3.28,3.28,53
36,5,Friday,17,515.38,533,279,247,8.88,4.65,4.12,53
36,5,Friday,18,428.57,434,227,195,7.23,3.78,3.25,53
36,5,Friday,19,331.13,332,171,159,5.53,2.85,2.65,53
36,5,Friday,20,307.32,305,139,152,5.08,2.32,2.53,53
36,5,Friday,21,295.6,292,132,159,4.87,2.2,2.65,53
36,5,Friday,22,325.4,323,154,162,5.38,2.57,2.7,53
36,5,Friday,23,346.51,340,162,170,5.67,2.7,2.83,53
36,6,Saturday,0,308.6,308.5,135,171,5.14,2.25,2.85,52
36,6,Saturday,1,279.73,280.5,120,156.5,4.68,2,2.61,52
36,6,Saturday,2,236.94,234.5,104,126,3.91,1.73,2.1,52
36,6,Saturday,3,290.44,287,164,125.5,4.78,2.73,2.09,52
36,6,Saturday,4,34.21,28,16.5,14,0.47,0.28,0.23,52
36,6,Saturday,5,17.27,17,12,5,0.28,0.2,0.08,52
36,6,Saturday,6,26,25,15,10,0.42,0.25,0.17,52
36,6,Saturday,7,51.1,47,26,20,0.78,0.43,0.33,52
36,6,Saturday,8,97.9,98,56.5,41,1.63,0.94,0.68,52
36,6,Saturday,9,171.85,162,92.5,74.5,2.7,1.54,1.24,52
36,6,Saturday,10,225.19,226,125.5,95,3.77,2.09,1.58,52
36,6,Saturday,11,261.48,254,137.5,112.5,4.23,2.29,1.88,52
36,6,Saturday,12,272.37,265.5,139,129,4.42,2.32,2.15,52
36,6,Saturday,13,285.5,291.5,138.5,145,4.86,2.31,2.42,52
36,6,Saturday,14,278.56,276.5,134.5,139,4.61,2.24,2.32,52
36,6,Saturday,15,256.77,256,127.5,135.5,4.27,2.12,2.26,52
36,6,Saturday,16,261.75,268,137.5,128.5,4.47,2.29,2.14,52
36,6,Saturday,17,276.85,275.5,149.5,126,4.59,2.49,2.1,52
36,6,Saturday,18,284.12,286,161,124,4.77,2.68,2.07,52
36,6,Saturday,19,297.65,294,162.5,133.5,4.9,2.71,2.22,52
36,6,Saturday,20,291.25,287.5,148.5,148,4.79,2.48,2.47,52
36,6,Saturday,21,272.06,270.5,122,143.5,4.51,2.03,2.39,52
36,6,Saturday,22,326.9,325,157.5,169.5,5.42,2.62,2.83,52
36,6,Saturday,23,377.5,374,192,193,6.23,3.2,3.22,52
36,7,Sunday,0,325.58,326,157,172.5,5.43,2.62,2.88,52
36,7,Sunday,1,282.85,276,137.5,143.5,4.6,2.29,2.39,52
36,7,Sunday,2,244.88,237,120,124,3.95,2,2.07,51
36,7,Sunday,3,192.9,189,101,91,3.15,1.68,1.52,52
36,7,Sunday,4,70.77,70.5,28,33.5,1.18,0.47,0.56,52
36,7,Sunday,5,40.19,35.5,16,21,0.59,0.27,0.35,52
36,7,Sunday,6,33.75,28,16,10.5,0.47,0.27,0.17,52
36,7,Sunday,7,42.19,39.5,22,17.5,0.66,0.37,0.29,52
36,7,Sunday,8,75.6,73.5,43,31,1.23,0.72,0.52,52
36,7,Sunday,9,139.29,129,74.5,59.5,2.15,1.24,0.99,52
36,7,Sunday,10,189.71,179.5,100.5,77,2.99,1.68,1.28,52
36,7,Sunday,11,197.08,193,103.5,90,3.22,1.73,1.5,52
36,7,Sunday,12,198.75,194.5,105,90.5,3.24,1.75,1.51,52
36,7,Sunday,13,191.75,189.5,98,88.5,3.16,1.63,1.48,52
36,7,Sunday,14,187.75,185.5,88.5,93.5,3.09,1.48,1.56,52
36,7,Sunday,15,186.5,182,86,91.5,3.03,1.43,1.52,52
36,7,Sunday,16,175.54,176.5,89,82.5,2.94,1.48,1.38,52
36,7,Sunday,17,166.37,161.5,84,71.5,2.69,1.4,1.19,52
36,7,Sunday,18,165,161.5,82.5,72,2.69,1.38,1.2,52
36,7,Sunday,19,141.9,136,74,63.5,2.27,1.23,1.06,52
36,7,Sunday,20,128.46,124.5,60.5,62.5,2.08,1.01,1.04,52
36,7,Sunday,21,100.85,89,46,47.5,1.48,0.77,0.79,52
36,7,Sunday,22,74.27,60.5,31.5,29.5,1.01,0.52,0.49,52
36,7,Sunday,23,50.92,37,16,19,0.62,0.27,0.32,52
37,1,Monday,0,29.37,23.5,11.5,10,0.39,0.19,0.17,52
37,1,Monday,1,11.02,9,4,5,0.15,0.07,0.08,51
37,1,Monday,2,5.08,4,2,2,0.07,0.03,0.03,48
37,1,Monday,3,3.81,3,2,1,0.05,0.03,0.02,43
37,1,Monday,4,3.5,3,1,1,0.05,0.02,0.02,40
37,1,Monday,5,3.14,3,1,1,0.05,0.02,0.02,50
37,1,Monday,6,8.13,8,4,3,0.13,0.07,0.05,52
37,1,Monday,7,25.37,25,11,13.5,0.42,0.18,0.22,52
37,1,Monday,8,57.13,57.5,20.5,35,0.96,0.34,0.58,52
37,1,Monday,9,73.79,76,38,38,1.27,0.63,0.63,52
37,1,Monday,10,100.44,99.5,52,47,1.66,0.87,0.78,52
37,1,Monday,11,151.44,147.5,67.5,72.5,2.46,1.12,1.21,52
37,1,Monday,12,243.38,250,120,125.5,4.17,2,2.09,52
37,1,Monday,13,181.26,167.5,82.5,81,2.79,1.38,1.35,42
37,1,Monday,14,188.81,198,88.5,105,3.3,1.48,1.75,16
37,1,Monday,15,169.4,176,77,90,2.93,1.28,1.5,15
37,1,Monday,16,176.07,169,81,91,2.82,1.35,1.52,15
37,1,Monday,17,227.56,235.5,107,121.5,3.92,1.78,2.02,16
37,1,Monday,18,265.6,284,138,126,4.73,2.3,2.1,15
37,1,Monday,19,87,52.5,22.5,27.5,0.88,0.38,0.46,8
37,1,Monday,20,411,411,197,214,6.85,3.28,3.57,1
37,1,Monday,21,211,211,81,130,3.52,1.35,2.17,1
37,1,Monday,22,63.81,62.5,22.5,36.5,1.04,0.38,0.61,26
37,1,Monday,23,50.67,46.5,20.5,25.5,0.78,0.34,0.42,52
37,2,Tuesday,0,25.62,22,11,10.5,0.37,0.18,0.17,52
37,2,Tuesday,1,10.02,8.5,4,3.5,0.14,0.07,0.06,52
37,2,Tuesday,2,4.54,3,1,2,0.05,0.02,0.03,48
37,2,Tuesday,3,3.84,3,2,1,0.05,0.03,0.02,44
37,2,Tuesday,4,3.21,2,1,1,0.03,0.02,0.02,38
37,2,Tuesday,5,3.35,3,1,1,0.05,0.02,0.02,48
37,2,Tuesday,6,9.52,9,5,4,0.15,0.08,0.07,52
37,2,Tuesday,7,27.85,27,12,15,0.45,0.2,0.25,52
37,2,Tuesday,8,64.6,67,21.5,43,1.12,0.36,0.72,52
37,2,Tuesday,9,71,67.5,31,37,1.12,0.52,0.62,52
37,2,Tuesday,10,98.19,90,43,47,1.5,0.72,0.78,52
37,2,Tuesday,11,143.17,139,65.5,70.5,2.32,1.09,1.18,52
37,2,Tuesday,12,234.5,250,120,125,4.17,2,2.08,52
37,2,Tuesday,13,181.49,166,85,82,2.77,1.42,1.37,43
37,2,Tuesday,14,169.89,159,78.5,89,2.65,1.31,1.48,18
37,2,Tuesday,15,164.06,169.5,76.5,84,2.83,1.27,1.4,18
37,2,Tuesday,16,153.89,151,72.5,80,2.52,1.21,1.33,18
37,2,Tuesday,17,214.56,209,110,101.5,3.48,1.83,1.69,18
37,2,Tuesday,18,188.89,204,108.5,98,3.4,1.81,1.63,18
37,2,Tuesday,19,196.75,188,95.5,92.5,3.13,1.59,1.54,4
37,2,Tuesday,20,314,314,143.5,170.5,5.23,2.39,2.84,2
37,2,Tuesday,21,198,198,83.5,114.5,3.3,1.39,1.91,2
37,2,Tuesday,22,51.96,50.5,18,29.5,0.84,0.3,0.49,26
37,2,Tuesday,23,33.5,31,13,18.5,0.52,0.22,0.31,52
37,3,Wednesday,0,18.1,16.5,7,10,0.28,0.12,0.17,52
37,3,Wednesday,1,8.51,8,4,3,0.13,0.07,0.05,51
37,3,Wednesday,2,5.28,4,2,2,0.07,0.03,0.03,50
37,3,Wednesday,3,3.91,3,2,1,0.05,0.03,0.02,46
37,3,Wednesday,4,3.63,2,1,1,0.03,0.02,0.02,41
37,3,Wednesday,5,5.08,4.5,2,2,0.07,0.03,0.03,48
37,3,Wednesday,6,11.67,11.5,7.5,4,0.19,0.12,0.07,52
37,3,Wednesday,7,30.83,31.5,12.5,18.5,0.52,0.21,0.31,52
37,3,Wednesday,8,69.42,68.5,25,43,1.14,0.42,0.72,52
37,3,Wednesday,9,71.63,67,34.5,35.5,1.12,0.58,0.59,52
37,3,Wednesday,10,96.23,96,48,47,1.6,0.8,0.78,52
37,3,Wednesday,11,151.63,140.5,65.5,74,2.34,1.09,1.23,52
37,3,Wednesday,12,243.1,244.5,129.5,116.5,4.08,2.16,1.94,52
37,3,Wednesday,13,180.24,160,80,86.5,2.67,1.33,1.44,42
37,3,Wednesday,14,179.38,176,82,94.5,2.93,1.37,1.57,16
37,3,Wednesday,15,159.69,146,71.5,82.5,2.43,1.19,1.38,16
37,3,Wednesday,16,169.38,171.5,78,93,2.86,1.3,1.55,16
37,3,Wednesday,17,201.38,211.5,103.5,103,3.52,1.73,1.72,16
37,3,Wednesday,18,167.86,224.5,96.5,113,3.74,1.61,1.88,14
37,3,Wednesday,19,115.6,61,26,35,1.02,0.43,0.58,5
37,3,Wednesday,20,334,334,167,167,5.57,2.78,2.78,1
37,3,Wednesday,21,230,230,88,142,3.83,1.47,2.37,1
37,3,Wednesday,22,64.62,57,27,36,0.95,0.45,0.6,26
37,3,Wednesday,23,47.06,41,19,20,0.68,0.32,0.33,52
37,4,Thursday,0,23.21,19,8.5,10,0.32,0.14,0.17,52
37,4,Thursday,1,12.08,8,4,4,0.13,0.07,0.07,51
37,4,Thursday,2,5.88,5,2,2,0.08,0.03,0.03,49
37,4,Thursday,3,4.12,3,2,1,0.05,0.03,0.02,49
37,4,Thursday,4,3.98,2.5,1,1,0.04,0.02,0.02,42
37,4,Thursday,5,3.78,3,2,1,0.05,0.03,0.02,50
37,4,Thursday,6,9.73,10,5,5,0.17,0.08,0.08,51
37,4,Thursday,7,28.04,29,11,16.5,0.48,0.18,0.28,52
37,4,Thursday,8,66.13,68.5,24,43,1.14,0.4,0.72,52
37,4,Thursday,9,76.96,74,35,40,1.23,0.58,0.67,52
37,4,Thursday,10,95.38,96,47.5,47.5,1.6,0.79,0.79,52
37,4,Thursday,11,150.35,145,68,73,2.42,1.13,1.22,52
37,4,Thursday,12,233.73,239,114,109.5,3.98,1.9,1.82,52
37,4,Thursday,13,189.49,158,73,87,2.63,1.22,1.45,43
37,4,Thursday,14,189.76,191,89,100,3.18,1.48,1.67,17
37,4,Thursday,15,168.94,166,85,90,2.77,1.42,1.5,17
37,4,Thursday,16,151.5,164,76,85,2.73,1.27,1.42,18
37,4,Thursday,17,219.17,221,105,116,3.68,1.75,1.93,18
37,4,Thursday,18,231.2,263,129,132,4.38,2.15,2.2,15
37,4,Thursday,19,81.89,102,38,51,1.7,0.63,0.85,9
37,4,Thursday,22,75.85,75.5,32,42.5,1.26,0.53,0.71,26
37,4,Thursday,23,57.9,54,26.5,26,0.9,0.44,0.43,52
37,5,Friday,0,29.25,27,14,11,0.45,0.23,0.18,53
37,5,Friday,1,12.34,12,5,5,0.2,0.08,0.08,53
37,5,Friday,2,7.35,6.5,4,2,0.11,0.07,0.03,52
37,5,Friday,3,4.56,4,3,1,0.07,0.05,0.02,50
37,5,Friday,4,4.91,4,2,1,0.07,0.03,0.02,46
37,5,Friday,5,3.63,3,1,2,0.05,0.02,0.03,51
37,5,Friday,6,8.67,8.5,4,4,0.14,0.07,0.07,52
37,5,Friday,7,26.6,26,11,14,0.43,0.18,0.23,53
37,5,Friday,8,57.75,59,24,33,0.98,0.4,0.55,53
37,5,Friday,9,69.89,69,36,34,1.15,0.6,0.57,53
37,5,Friday,10,101.38,100,51,51,1.67,0.85,0.85,53
37,5,Friday,11,149.51,149,73,72,2.48,1.22,1.2,53
37,5,Friday,12,210.32,220,101,107,3.67,1.68,1.78,53
37,5,Friday,13,164.58,149,65,83,2.48,1.08,1.38,43
37,5,Friday,14,206.71,208,89,119,3.47,1.48,1.98,17
37,5,Friday,15,191.59,185,87,97,3.08,1.45,1.62,17
37,5,Friday,16,188.47,188,88,102,3.13,1.47,1.7,17
37,5,Friday,17,247.53,257,121,133,4.28,2.02,2.22,17
37,5,Friday,18,263.2,286,137,149,4.77,2.28,2.48,15
37,5,Friday,19,175,72,29.5,42.5,1.2,0.49,0.71,6
37,5,Friday,20,398,398,193,205,6.63,3.22,3.42,1
37,5,Friday,22,220.74,212,91,130,3.53,1.52,2.17,27
37,5,Friday,23,169.3,167,72,95,2.78,1.2,1.58,53
37,6,Saturday,0,87.17,84,46.5,38,1.4,0.78,0.63,52
37,6,Saturday,1,29.42,26.5,14,12,0.44,0.23,0.2,52
37,6,Saturday,2,12.44,12,5,6,0.2,0.08,0.1,52
37,6,Saturday,3,6.74,7,3,2,0.12,0.05,0.03,50
37,6,Saturday,4,3.07,3,1,1,0.05,0.02,0.02,46
37,6,Saturday,5,4.9,4,1,2,0.07,0.02,0.03,50
37,6,Saturday,6,7.43,7,4,3,0.12,0.07,0.05,51
37,6,Saturday,7,18.69,17,9,8,0.28,0.15,0.13,52
37,6,Saturday,8,39.02,37,20,16,0.62,0.33,0.27,52
37,6,Saturday,9,71.69,70.5,37,34.5,1.18,0.62,0.58,52
37,6,Saturday,10,120.63,117.5,59.5,61,1.96,0.99,1.02,52
37,6,Saturday,11,177.17,171.5,86.5,87.5,2.86,1.44,1.46,52
37,6,Saturday,12,207.25,210,103.5,100,3.5,1.73,1.67,52
37,6,Saturday,13,180,160,78.5,76.5,2.67,1.31,1.27,40
37,6,Saturday,14,297.43,295.5,147.5,155.5,4.92,2.46,2.59,14
37,6,Saturday,15,263.43,262.5,121,142.5,4.38,2.02,2.38,14
37,6,Saturday,16,267.29,269.5,123.5,142,4.49,2.06,2.37,14
37,6,Saturday,17,311,319,159.5,166,5.32,2.66,2.77,14
37,6,Saturday,18,346,365,178,187,6.08,2.97,3.12,13
37,6,Saturday,19,267.6,162,68,94,2.7,1.13,1.57,5
37,6,Saturday,20,885,885,340,545,14.75,5.67,9.08,1
37,6,Saturday,21,813,813,369,444,13.55,6.15,7.4,1
37,6,Saturday,22,298.5,294.5,119,167,4.91,1.98,2.78,26
37,6,Saturday,23,222.13,221,95,119,3.68,1.58,1.98,52
37,7,Sunday,0,111.27,105.5,57,47.5,1.76,0.95,0.79,52
37,7,Sunday,1,35.52,35,15,18,0.58,0.25,0.3,52
37,7,Sunday,2,13.47,12,7,7,0.2,0.12,0.12,51
37,7,Sunday,3,8.16,7.5,4,3,0.12,0.07,0.05,50
37,7,Sunday,4,3.88,2.5,2,1,0.04,0.03,0.02,42
37,7,Sunday,5,3.96,3,1,1,0.05,0.02,0.02,46
37,7,Sunday,6,5.35,5,2,2,0.08,0.03,0.03,51
37,7,Sunday,7,13.75,13,6,6.5,0.22,0.1,0.11,52
37,7,Sunday,8,36.48,33.5,19,15.5,0.56,0.32,0.26,52
37,7,Sunday,9,63.54,62.5,33.5,30,1.04,0.56,0.5,52
37,7,Sunday,10,103.19,102.5,50,53,1.71,0.83,0.88,52
37,7,Sunday,11,168.56,167,77,92.5,2.78,1.28,1.54,52
37,7,Sunday,12,193.77,193.5,92.5,97,3.22,1.54,1.62,52
37,7,Sunday,13,156.36,144,77,66,2.4,1.28,1.1,28
37,7,Sunday,14,345,345,181,164,5.75,3.02,2.73,1
37,7,Sunday,15,310,310,118,192,5.17,1.97,3.2,1
37,7,Sunday,16,262,262,116,146,4.37,1.93,2.43,1
37,7,Sunday,17,331,331,132,199,5.52,2.2,3.32,1
37,7,Sunday,18,454,454,212,242,7.57,3.53,4.03,1
37,7,Sunday,19,507,507,229,278,8.45,3.82,4.63,1
37,7,Sunday,20,403,403,206,197,6.72,3.43,3.28,1
37,7,Sunday,21,290,290,112,178,4.83,1.87,2.97,1
37,7,Sunday,22,90.23,75,38,39,1.25,0.63,0.65,26
37,7,Sunday,23,69.88,61,28.5,28,1.02,0.48,0.47,52
39,1,Monday,0,2.71,2,1,1,0.03,0.02,0.02,41
39,1,Monday,1,1.87,2,1,1,0.03,0.02,0.02,23
39,1,Monday,2,1.62,1,1,1,0.02,0.02,0.02,16
39,1,Monday,3,1.88,1,1,1,0.02,0.02,0.02,17
39,1,Monday,4,2,1,1,0,0.02,0.02,0,18
39,1,Monday,5,5.29,4,3,1,0.07,0.05,0.02,49
39,1,Monday,6,18.88,17,10.5,5,0.28,0.17,0.08,52
39,1,Monday,7,54.38,58,31,27,0.97,0.52,0.45,52
39,1,Monday,8,162.17,176,81,94,2.93,1.35,1.57,52
39,1,Monday,9,179.12,190.5,99.5,89,3.17,1.66,1.48,52
39,1,Monday,10,160.62,167,86,78,2.78,1.43,1.3,52
39,1,Monday,11,166.4,173.5,102.5,71.5,2.89,1.71,1.19,52
39,1,Monday,12,422.48,457.5,284.5,178,7.62,4.74,2.97,52
39,1,Monday,13,334.6,368,177.5,188,6.13,2.96,3.13,52
39,1,Monday,14,183.85,190.5,88,106.5,3.17,1.47,1.77,52
39,1,Monday,15,142.4,145.5,72.5,72.5,2.42,1.21,1.21,52
39,1,Monday,16,119.44,125,63,60,2.08,1.05,1,52
39,1,Monday,17,142.31,149.5,99.5,51.5,2.49,1.66,0.86,52
39,1,Monday,18,76.77,84,54,29.5,1.4,0.9,0.49,52
39,1,Monday,19,43.83,43.5,24,15.5,0.72,0.4,0.26,52
39,1,Monday,20,21.5,16,10,7,0.27,0.17,0.12,52
39,1,Monday,21,14.33,13.5,8.5,4,0.22,0.14,0.07,52
39,1,Monday,22,9.98,9.5,6,3,0.16,0.1,0.05,52
39,1,Monday,23,5.24,3,2,1,0.05,0.03,0.02,41
39,2,Tuesday,0,3.29,2,1.5,1,0.03,0.03,0.02,38
39,2,Tuesday,1,1.91,1,0.5,1,0.02,0.01,0.02,22
39,2,Tuesday,2,1.31,1,1,0,0.02,0.02,0,13
39,2,Tuesday,3,1.47,1,1,0,0.02,0.02,0,15
39,2,Tuesday,4,1.8,1,1,0,0.02,0.02,0,15
39,2,Tuesday,5,6.66,4,4,1,0.07,0.07,0.02,50
39,2,Tuesday,6,22.16,22,16,6,0.37,0.27,0.1,51
39,2,Tuesday,7,62.4,68.5,37,31.5,1.14,0.62,0.52,52
39,2,Tuesday,8,203.31,208.5,99,111.5,3.48,1.65,1.86,52
39,2,Tuesday,9,208.81,212.5,110,102,3.54,1.83,1.7,52
39,2,Tuesday,10,180.6,180,94.5,82.5,3,1.57,1.38,52
39,2,Tuesday,11,199.65,202,118,85.5,3.37,1.97,1.43,52
39,2,Tuesday,12,521.21,536,332.5,206,8.93,5.54,3.43,52
39,2,Tuesday,13,402.92,425.5,204.5,221,7.09,3.41,3.68,52
39,2,Tuesday,14,215.85,222.5,98,125,3.71,1.63,2.08,52
39,2,Tuesday,15,165.37,161.5,83,78,2.69,1.38,1.3,52
39,2,Tuesday,16,151.08,160,78,72,2.67,1.3,1.2,52
39,2,Tuesday,17,172.12,179,122.5,58.5,2.98,2.04,0.98,52
39,2,Tuesday,18,100.52,102.5,62,37.5,1.71,1.03,0.62,52
39,2,Tuesday,19,49.9,51.5,29.5,20.5,0.86,0.49,0.34,52
39,2,Tuesday,20,22.58,21.5,14,6,0.36,0.23,0.1,52
39,2,Tuesday,21,16.87,14,10,6,0.23,0.17,0.1,52
39,2,Tuesday,22,11.38,8.5,5,4,0.14,0.08,0.07,52
39,2,Tuesday,23,5.73,5,3,2,0.08,0.05,0.03,49
39,3,Wednesday,0,3.08,3,1.5,1,0.05,0.03,0.02,40
39,3,Wednesday,1,1.74,1,1,1,0.02,0.02,0.02,23
39,3,Wednesday,2,1.25,1,0,1,0.02,0,0.02,20
39,3,Wednesday,3,1.24,1,0,1,0.02,0,0.02,17
39,3,Wednesday,4,1.44,1,1,0,0.02,0.02,0,16
39,3,Wednesday,5,7.1,5.5,5,1,0.09,0.08,0.02,50
39,3,Wednesday,6,24.79,23.5,18,6,0.39,0.3,0.1,52
39,3,Wednesday,7,75.77,81,43,36.5,1.35,0.72,0.61,52
39,3,Wednesday,8,206.48,220.5,106,113.5,3.67,1.77,1.89,52
39,3,Wednesday,9,205.5,206,110.5,99,3.43,1.84,1.65,52
39,3,Wednesday,10,172.52,174.5,98.5,80,2.91,1.64,1.33,52
39,3,Wednesday,11,205.62,208.5,121,86.5,3.48,2.02,1.44,52
39,3,Wednesday,12,509.44,517.5,326.5,191.5,8.62,5.44,3.19,52
39,3,Wednesday,13,391.98,409.5,199,209,6.82,3.32,3.48,52
39,3,Wednesday,14,228.5,237.5,103,130.5,3.96,1.72,2.17,52
39,3,Wednesday,15,172.75,168,90.5,82,2.8,1.51,1.37,52
39,3,Wednesday,16,161.67,160.5,86,70.5,2.67,1.43,1.18,52
39,3,Wednesday,17,191.35,204,141,64,3.4,2.35,1.07,52
39,3,Wednesday,18,112.17,106.5,70,36.5,1.77,1.17,0.61,52
39,3,Wednesday,19,55.44,58,30,24.5,0.97,0.5,0.41,52
39,3,Wednesday,20,26.44,18,12,7,0.3,0.2,0.12,52
39,3,Wednesday,21,19.44,17,10,7,0.28,0.17,0.12,52
39,3,Wednesday,22,13.82,11,8,3,0.18,0.13,0.05,51
39,3,Wednesday,23,7.92,7,4,3,0.12,0.07,0.05,49
39,4,Thursday,0,4.16,3,2,1,0.05,0.03,0.02,43
39,4,Thursday,1,2.48,1,1,1,0.02,0.02,0.02,27
39,4,Thursday,2,1.83,1,1,1,0.02,0.02,0.02,24
39,4,Thursday,3,1.73,1,1,0,0.02,0.02,0,15
39,4,Thursday,4,1.9,2,1,0,0.03,0.02,0,21
39,4,Thursday,5,6.45,5,4,1,0.08,0.07,0.02,51
39,4,Thursday,6,24.02,24.5,15,7,0.41,0.25,0.12,52
39,4,Thursday,7,65.62,74.5,39,34,1.24,0.65,0.57,52
39,4,Thursday,8,194.12,200.5,100.5,103.5,3.34,1.68,1.73,52
39,4,Thursday,9,208.98,214.5,114.5,98.5,3.58,1.91,1.64,52
39,4,Thursday,10,180.02,189,99,85,3.15,1.65,1.42,52
39,4,Thursday,11,201.04,208.5,120,85.5,3.48,2,1.43,52
39,4,Thursday,12,502.29,530.5,327,190.5,8.84,5.45,3.17,52
39,4,Thursday,13,372.96,394.5,190.5,202.5,6.58,3.17,3.38,52
39,4,Thursday,14,226.75,235,104,130,3.92,1.73,2.17,52
39,4,Thursday,15,167.4,176.5,91,83,2.94,1.52,1.38,52
39,4,Thursday,16,158.79,167,88.5,74.5,2.78,1.48,1.24,52
39,4,Thursday,17,192.37,211,143,71,3.52,2.38,1.18,52
39,4,Thursday,18,125.83,124,79.5,49,2.07,1.32,0.82,52
39,4,Thursday,19,59.75,65.5,36,24.5,1.09,0.6,0.41,52
39,4,Thursday,20,30.42,25.5,17.5,8.5,0.42,0.29,0.14,52
39,4,Thursday,21,22.61,19,11,8,0.32,0.18,0.13,51
39,4,Thursday,22,17.98,15,9,5,0.25,0.15,0.08,51
39,4,Thursday,23,10.42,9,5,3,0.15,0.08,0.05,50
39,5,Friday,0,5.35,4,2,1,0.07,0.03,0.02,48
39,5,Friday,1,3.2,2,1,1,0.03,0.02,0.02,35
39,5,Friday,2,2.5,1,1,1,0.02,0.02,0.02,24
39,5,Friday,3,1.71,1,1,1,0.02,0.02,0.02,17
39,5,Friday,4,1.88,1,1,0,0.02,0.02,0,26
39,5,Friday,5,6.28,5.5,4,1,0.09,0.07,0.02,50
39,5,Friday,6,21.15,19,14,5,0.32,0.23,0.08,52
39,5,Friday,7,52.23,61,28.5,27,1.02,0.48,0.45,52
39,5,Friday,8,161.33,172.5,78.5,92,2.88,1.31,1.53,52
39,5,Friday,9,179.88,183,94,89.5,3.05,1.57,1.49,52
39,5,Friday,10,168.44,171.5,93,79,2.86,1.55,1.32,52
39,5,Friday,11,185.25,190,111,78.5,3.17,1.85,1.31,52
39,5,Friday,12,416.87,446.5,288,161,7.44,4.8,2.68,52
39,5,Friday,13,328.38,351.5,164,184,5.86,2.73,3.07,52
39,5,Friday,14,215.87,225.5,101.5,124.5,3.76,1.69,2.08,52
39,5,Friday,15,174.46,174,93,86,2.9,1.55,1.43,52
39,5,Friday,16,163.02,166.5,97.5,68.5,2.78,1.62,1.14,52
39,5,Friday,17,175.65,187,126.5,66,3.12,2.11,1.1,52
39,5,Friday,18,130.12,144,86.5,56.5,2.4,1.44,0.94,52
39,5,Friday,19,82.4,83,45.5,32,1.38,0.76,0.53,52
39,5,Friday,20,37.49,33,20,12,0.55,0.33,0.2,53
39,5,Friday,21,35.4,34,23,9,0.57,0.38,0.15,53
39,5,Friday,22,29.32,24,15,9,0.4,0.25,0.15,53
39,5,Friday,23,18.53,14,8,5,0.23,0.13,0.08,53
39,6,Saturday,0,8.04,6.5,4,2,0.11,0.07,0.03,50
39,6,Saturday,1,4.96,3,2,1,0.05,0.03,0.02,47
39,6,Saturday,2,3.51,2,1,1,0.03,0.02,0.02,35
39,6,Saturday,3,2.48,2,1,0,0.03,0.02,0,25
39,6,Saturday,4,2.16,1,1,1,0.02,0.02,0.02,31
39,6,Saturday,5,3.6,3,2,0,0.05,0.03,0,47
39,6,Saturday,6,12.73,10,8,2,0.17,0.13,0.03,51
39,6,Saturday,7,23.4,23,13.5,10,0.38,0.22,0.17,52
39,6,Saturday,8,57.27,56.5,31,23,0.94,0.52,0.38,52
39,6,Saturday,9,106.98,109.5,62.5,43.5,1.82,1.04,0.72,52
39,6,Saturday,10,105.15,105,61,42,1.75,1.02,0.7,52
39,6,Saturday,11,102.4,102,57,46,1.7,0.95,0.77,52
39,6,Saturday,12,111.23,107,59.5,50,1.78,0.99,0.83,52
39,6,Saturday,13,112.62,119,62.5,52.5,1.98,1.04,0.88,52
39,6,Saturday,14,115.52,113.5,62,56.5,1.89,1.03,0.94,52
39,6,Saturday,15,117.98,119.5,64,55.5,1.99,1.07,0.92,52
39,6,Saturday,16,115.73,121,66,54,2.02,1.1,0.9,52
39,6,Saturday,17,117.27,119,73.5,51,1.98,1.23,0.85,52
39,6,Saturday,18,102.71,116,63,46.5,1.93,1.05,0.78,52
39,6,Saturday,19,72.4,66,36,27,1.1,0.6,0.45,52
39,6,Saturday,20,36.33,32,18,11.5,0.53,0.3,0.19,52
39,6,Saturday,21,33.62,29.5,23,8.5,0.49,0.38,0.14,52
39,6,Saturday,22,29.94,25.5,16,8.5,0.42,0.27,0.14,52
39,6,Saturday,23,17.29,14,10,5,0.23,0.17,0.08,52
39,7,Sunday,0,8.88,7,4.5,3,0.12,0.07,0.05,52
39,7,Sunday,1,6.21,5,2,2,0.08,0.03,0.03,48
39,7,Sunday,2,3.95,3,1,1,0.05,0.02,0.02,37
39,7,Sunday,3,2.59,2,1,1,0.03,0.02,0.02,29
39,7,Sunday,4,2.43,1.5,1,1,0.03,0.02,0.02,28
39,7,Sunday,5,3.81,3,2,1,0.05,0.03,0.02,36
39,7,Sunday,6,6.02,4.5,3,2,0.07,0.05,0.03,46
39,7,Sunday,7,18.1,17,10.5,8,0.28,0.17,0.13,52
39,7,Sunday,8,48.25,50.5,29.5,19,0.84,0.49,0.32,52
39,7,Sunday,9,92.02,94,55,36.5,1.57,0.92,0.61,52
39,7,Sunday,10,96.77,96.5,55,44,1.61,0.92,0.73,52
39,7,Sunday,11,89.65,86.5,50.5,37.5,1.44,0.84,0.62,52
39,7,Sunday,12,79.67,76,40.5,35.5,1.27,0.68,0.59,52
39,7,Sunday,13,74.62,74.5,39,32.5,1.24,0.65,0.54,52
39,7,Sunday,14,77.04,72,37,34.5,1.2,0.62,0.58,52
39,7,Sunday,15,81.56,80,39,39,1.33,0.65,0.65,52
39,7,Sunday,16,69.9,68.5,34,30,1.14,0.57,0.5,52
39,7,Sunday,17,68.19,65.5,39.5,27,1.09,0.66,0.45,52
39,7,Sunday,18,52.96,48.5,26,23,0.81,0.43,0.38,52
39,7,Sunday,19,35.69,27.5,15.5,12,0.46,0.26,0.2,52
39,7,Sunday,20,19.04,16,9,6,0.27,0.15,0.1,52
39,7,Sunday,21,14.22,12,6,5,0.2,0.1,0.08,51
39,7,Sunday,22,10.35,7.5,4.5,3,0.12,0.07,0.05,52
39,7,Sunday,23,6.95,5,2,3,0.08,0.03,0.05,43
40,1,Monday,0,13.29,11,7,4,0.18,0.12,0.07,52
40,1,Monday,1,6.78,5,3,2,0.08,0.05,0.03,50
40,1,Monday,2,3.8,3,2,1,0.05,0.03,0.02,45
40,1,Monday,3,4.34,3,2,1,0.05,0.03,0.02,44
40,1,Monday,4,6.11,2.5,1,1,0.04,0.02,0.02,46
40,1,Monday,5,15.6,16,8,6,0.27,0.13,0.1,52
40,1,Monday,6,54.17,53,23,31.5,0.88,0.38,0.52,52
40,1,Monday,7,164.1,169.5,82,85.5,2.83,1.37,1.43,52
40,1,Monday,8,429.62,484,191.5,285,8.07,3.19,4.75,52
40,1,Monday,9,344.92,353.5,157.5,193,5.89,2.62,3.22,50
40,1,Monday,10,365.76,369.5,178,191.5,6.16,2.97,3.19,50
40,1,Monday,11,362.14,352,158.5,198,5.87,2.64,3.3,50
40,1,Monday,12,600.56,605,296,322.5,10.08,4.93,5.38,50
40,1,Monday,13,502.32,503.5,285.5,220.5,8.39,4.76,3.67,50
40,1,Monday,14,334.14,337,188.5,151,5.62,3.14,2.52,50
40,1,Monday,15,273.92,272,142.5,128,4.53,2.38,2.13,50
40,1,Monday,16,280.72,292,143,140.5,4.87,2.38,2.34,50
40,1,Monday,17,298.29,310,126,177,5.17,2.1,2.95,51
40,1,Monday,18,190.96,188,83,101,3.13,1.38,1.68,51
40,1,Monday,19,126.88,119,61,56,1.98,1.02,0.93,51
40,1,Monday,20,109.31,101,62,39,1.68,1.03,0.65,51
40,1,Monday,21,82.53,80,54,25,1.33,0.9,0.42,51
40,1,Monday,22,50.55,48,36,13,0.8,0.6,0.22,51
40,1,Monday,23,24.96,24,17,6,0.4,0.28,0.1,51
40,2,Tuesday,0,11.9,12,8,3,0.2,0.13,0.05,51
40,2,Tuesday,1,7.52,7,4,3,0.12,0.07,0.05,50
40,2,Tuesday,2,4.13,3,2,1,0.05,0.03,0.02,47
40,2,Tuesday,3,4.04,3,2,1,0.05,0.03,0.02,50
40,2,Tuesday,4,4.49,4,1,2,0.07,0.02,0.03,45
40,2,Tuesday,5,15,16,8,6,0.27,0.13,0.1,51
40,2,Tuesday,6,71.24,72,35,38,1.2,0.58,0.63,51
40,2,Tuesday,7,211.12,218,115,102,3.63,1.92,1.7,51
40,2,Tuesday,8,563.22,595,257,336,9.92,4.28,5.6,51
40,2,Tuesday,9,448.84,471,218,245,7.85,3.63,4.08,51
40,2,Tuesday,10,429.29,430,212,210,7.17,3.53,3.5,51
40,2,Tuesday,11,421.31,411,185,228,6.85,3.08,3.8,51
40,2,Tuesday,12,795.43,827,375,443,13.78,6.25,7.38,51
40,2,Tuesday,13,667.98,674,394,286,11.23,6.57,4.77,51
40,2,Tuesday,14,408.94,419,241,179,6.98,4.02,2.98,51
40,2,Tuesday,15,323.94,322,173,149,5.37,2.88,2.48,51
40,2,Tuesday,16,358.88,363,165,195,6.05,2.75,3.25,51
40,2,Tuesday,17,444.35,452,155,299,7.53,2.58,4.98,51
40,2,Tuesday,18,334.73,351,117,239,5.85,1.95,3.98,51
40,2,Tuesday,19,159.76,160,86,72,2.67,1.43,1.2,51
40,2,Tuesday,20,144.98,130,85,49,2.17,1.42,0.82,51
40,2,Tuesday,21,197.63,209,174,33,3.48,2.9,0.55,51
40,2,Tuesday,22,65.8,62,44,19,1.03,0.73,0.32,51
40,2,Tuesday,23,32.94,30,19,9,0.5,0.32,0.15,51
40,3,Wednesday,0,13.78,12,9,4,0.2,0.15,0.07,51
40,3,Wednesday,1,8.35,7,4,2,0.12,0.07,0.03,51
40,3,Wednesday,2,5.06,5,3,1.5,0.08,0.05,0.03,50
40,3,Wednesday,3,4.29,3.5,2,1,0.06,0.03,0.02,48
40,3,Wednesday,4,5.52,3.5,1,2,0.06,0.02,0.03,46
40,3,Wednesday,5,14.69,14,7,7,0.23,0.12,0.12,51
40,3,Wednesday,6,67.12,67,30,36,1.12,0.5,0.6,51
40,3,Wednesday,7,205.53,203,106,100,3.38,1.77,1.67,51
40,3,Wednesday,8,561.21,589.5,255.5,325,9.82,4.26,5.42,52
40,3,Wednesday,9,435.85,449,208,238,7.48,3.47,3.97,52
40,3,Wednesday,10,434.33,442,220.5,229,7.37,3.67,3.82,52
40,3,Wednesday,11,443.59,433,192,236,7.22,3.2,3.93,51
40,3,Wednesday,12,811.67,828,356,448.5,13.8,5.93,7.47,52
40,3,Wednesday,13,637.46,649.5,374,272.5,10.82,6.23,4.54,52
40,3,Wednesday,14,420.38,430,248.5,178,7.17,4.14,2.97,52
40,3,Wednesday,15,377.23,360,192.5,152.5,6,3.21,2.54,52
40,3,Wednesday,16,386.35,397,183.5,208,6.62,3.06,3.47,52
40,3,Wednesday,17,463.48,475.5,164,310,7.92,2.73,5.17,52
40,3,Wednesday,18,354.94,352,116,233,5.87,1.93,3.88,52
40,3,Wednesday,19,175.79,168.5,90,79.5,2.81,1.5,1.32,52
40,3,Wednesday,20,164.92,162.5,104,54,2.71,1.73,0.9,52
40,3,Wednesday,21,232.44,234.5,201,38,3.91,3.35,0.63,52
40,3,Wednesday,22,86.9,80,58.5,22.5,1.33,0.98,0.38,52
40,3,Wednesday,23,44.31,34,25,10,0.57,0.42,0.17,52
40,4,Thursday,0,25.9,15.5,9,5.5,0.26,0.15,0.09,52
40,4,Thursday,1,12.04,9,6,3,0.15,0.1,0.05,51
40,4,Thursday,2,6.82,5,4,1,0.08,0.07,0.02,50
40,4,Thursday,3,4.41,4,2,1,0.07,0.03,0.02,51
40,4,Thursday,4,6.26,5,2,3,0.08,0.03,0.05,47
40,4,Thursday,5,15.21,14,7,7,0.23,0.12,0.12,52
40,4,Thursday,6,65.37,65,29,35,1.08,0.48,0.58,52
40,4,Thursday,7,202.02,204.5,107,98,3.41,1.78,1.63,52
40,4,Thursday,8,534.25,565,243.5,312,9.42,4.06,5.2,52
40,4,Thursday,9,450.87,477,219.5,247.5,7.95,3.66,4.12,52
40,4,Thursday,10,414.02,419,211,211.5,6.98,3.52,3.52,52
40,4,Thursday,11,450.48,447.5,187.5,251,7.46,3.12,4.18,52
40,4,Thursday,12,792.71,817,359,463,13.62,5.98,7.72,52
40,4,Thursday,13,667.08,692,397,287,11.53,6.62,4.78,52
40,4,Thursday,14,411.15,421.5,243.5,177,7.03,4.06,2.95,52
40,4,Thursday,15,353.88,347,185,167.5,5.78,3.08,2.79,52
40,4,Thursday,16,388.75,394,156,228.5,6.57,2.6,3.81,52
40,4,Thursday,17,516.35,518.5,166.5,354,8.64,2.78,5.9,52
40,4,Thursday,18,379.79,368,127,250,6.13,2.12,4.17,52
40,4,Thursday,19,198.29,194,101,91,3.23,1.68,1.52,52
40,4,Thursday,20,178.35,173,109.5,63,2.88,1.82,1.05,52
40,4,Thursday,21,237.27,219,172,44,3.65,2.87,0.73,52
40,4,Thursday,22,109.46,106.5,77.5,30,1.77,1.29,0.5,52
40,4,Thursday,23,52.02,45,34.5,11.5,0.75,0.58,0.19,52
40,5,Friday,0,24.13,22,14,7,0.37,0.23,0.12,53
40,5,Friday,1,12.3,11,6,5,0.18,0.1,0.08,53
40,5,Friday,2,7.7,7,5,2,0.12,0.08,0.03,53
40,5,Friday,3,5.73,5,3,2,0.08,0.05,0.03,52
40,5,Friday,4,5.33,4,2,2,0.07,0.03,0.03,52
40,5,Friday,5,13.62,13,7,6,0.22,0.12,0.1,53
40,5,Friday,6,57.87,60,27,31,1,0.45,0.52,53
40,5,Friday,7,134.43,137,67,71,2.28,1.12,1.18,53
40,5,Friday,8,350.3,366,149,226,6.1,2.48,3.77,53
40,5,Friday,9,302.6,310,141,168,5.17,2.35,2.8,53
40,5,Friday,10,309.79,309,148,158,5.15,2.47,2.63,53
40,5,Friday,11,328.04,343,145,188,5.72,2.42,3.13,53
40,5,Friday,12,512.49,535,226,301,8.92,3.77,5.02,53
40,5,Friday,13,438.21,455,244,213,7.58,4.07,3.55,53
40,5,Friday,14,334.72,331,183,151,5.52,3.05,2.52,53
40,5,Friday,15,286.77,282,147,137,4.7,2.45,2.28,53
40,5,Friday,16,311,305,127,180,5.08,2.12,3,53
40,5,Friday,17,408.91,414,140,279,6.9,2.33,4.65,53
40,5,Friday,18,383.62,403,124,273,6.72,2.07,4.55,53
40,5,Friday,19,289.83,288,110,165,4.8,1.83,2.75,53
40,5,Friday,20,214.58,208,120,92,3.47,2,1.53,53
40,5,Friday,21,234.64,204,135,68,3.4,2.25,1.13,53
40,5,Friday,22,258.23,217,159,50,3.62,2.65,0.83,53
40,5,Friday,23,108.7,112,73,30,1.87,1.22,0.5,53
40,6,Saturday,0,52.96,53.5,38,14,0.89,0.63,0.23,52
40,6,Saturday,1,30.12,28,19,9.5,0.47,0.32,0.16,52
40,6,Saturday,2,17.46,16,11,4,0.27,0.18,0.07,52
40,6,Saturday,3,15.43,15,10,4,0.25,0.17,0.07,51
40,6,Saturday,4,10.57,8,5,2,0.13,0.08,0.03,51
40,6,Saturday,5,10.42,10,6,3,0.17,0.1,0.05,52
40,6,Saturday,6,21.67,21,9,12,0.35,0.15,0.2,52
40,6,Saturday,7,47.23,43.5,23,20,0.72,0.38,0.33,52
40,6,Saturday,8,85.81,84.5,37,45,1.41,0.62,0.75,52
40,6,Saturday,9,150.21,147,74.5,73.5,2.45,1.24,1.23,52
40,6,Saturday,10,197.87,178.5,87.5,90,2.98,1.46,1.5,52
40,6,Saturday,11,257.65,244.5,106,141,4.08,1.77,2.35,52
40,6,Saturday,12,330.71,330,131,200.5,5.5,2.18,3.34,52
40,6,Saturday,13,489.42,505.5,165,354.5,8.43,2.75,5.91,52
40,6,Saturday,14,273.37,249.5,119.5,131.5,4.16,1.99,2.19,52
40,6,Saturday,15,267.29,258,128,133,4.3,2.13,2.22,52
40,6,Saturday,16,380.08,410,264.5,136.5,6.83,4.41,2.28,52
40,6,Saturday,17,319.77,302,113,189,5.03,1.88,3.15,52
40,6,Saturday,18,363.92,358,122,231.5,5.97,2.03,3.86,52
40,6,Saturday,19,306.15,283.5,112,167.5,4.72,1.87,2.79,52
40,6,Saturday,20,224.85,222,121,100,3.7,2.02,1.67,52
40,6,Saturday,21,238.83,209.5,123,76.5,3.49,2.05,1.27,52
40,6,Saturday,22,288.81,244,178,57,4.07,2.97,0.95,52
40,6,Saturday,23,128.17,127,89,36,2.12,1.48,0.6,52
40,7,Sunday,0,68.98,70.5,48,21.5,1.18,0.8,0.36,52
40,7,Sunday,1,41.9,41,27,11,0.68,0.45,0.18,52
40,7,Sunday,2,21.22,21,15,6,0.35,0.25,0.1,51
40,7,Sunday,3,15.27,15,10.5,4,0.25,0.17,0.07,52
40,7,Sunday,4,11.13,10.5,7,2.5,0.17,0.12,0.04,52
40,7,Sunday,5,12.5,10,7,2.5,0.17,0.12,0.04,52
40,7,Sunday,6,16.21,14,6,7.5,0.23,0.1,0.12,52
40,7,Sunday,7,34.75,34.5,16,17.5,0.58,0.27,0.29,52
40,7,Sunday,8,78.42,75.5,36.5,39.5,1.26,0.61,0.66,52
40,7,Sunday,9,154.75,126,64.5,60.5,2.1,1.07,1.01,52
40,7,Sunday,10,196.71,180,85,98,3,1.42,1.63,52
40,7,Sunday,11,292.08,282,115,166.5,4.7,1.92,2.78,52
40,7,Sunday,12,475.52,489.5,139,353,8.16,2.32,5.88,52
40,7,Sunday,13,277.44,255.5,113.5,139.5,4.26,1.89,2.33,52
40,7,Sunday,14,264.96,252.5,122,130,4.21,2.03,2.17,52
40,7,Sunday,15,352.81,349,245.5,103,5.82,4.09,1.72,52
40,7,Sunday,16,261.27,233,104,122,3.88,1.73,2.03,52
40,7,Sunday,17,316.13,281,92.5,181,4.68,1.54,3.02,52
40,7,Sunday,18,295.08,229,82,126.5,3.82,1.37,2.11,52
40,7,Sunday,19,156.77,140,73.5,64.5,2.33,1.23,1.07,52
40,7,Sunday,20,166.27,142,90,42,2.37,1.5,0.7,52
40,7,Sunday,21,170.6,114.5,89,28,1.91,1.48,0.47,52
40,7,Sunday,22,54.37,47.5,34,15,0.79,0.57,0.25,52
40,7,Sunday,23,31.94,23,17,6,0.38,0.28,0.1,52
41,1,Monday,0,241.98,196,101.5,98.5,3.27,1.69,1.64,52
41,1,Monday,1,121.21,106.5,47.5,58.5,1.77,0.79,0.98,52
41,1,Monday,2,78.96,70,34,34,1.17,0.57,0.57,52
41,1,Monday,3,67.15,60,28,32,1,0.47,0.53,52
41,1,Monday,4,90.38,74.5,32.5,44.5,1.24,0.54,0.74,52
41,1,Monday,5,169.1,167,95,74.5,2.78,1.58,1.24,52
41,1,Monday,6,388.44,394,263,130,6.57,4.38,2.17,52
41,1,Monday,7,815.12,842,609.5,230.5,14.03,10.16,3.84,52
41,1,Monday,8,1709.12,1764.5,1350,400,29.41,22.5,6.67,52
41,1,Monday,9,1696.58,1665,1181.5,478.5,27.75,19.69,7.97,52
41,1,Monday,10,1897.17,1895,1127,732,31.58,18.78,12.2,52
41,1,Monday,11,2258.56,2210.5,1252,939,36.84,20.87,15.65,52
41,1,Monday,12,2857.35,2870,1560,1252.5,47.83,26,20.88,52
41,1,Monday,13,2933.33,2874.5,1498.5,1313.5,47.91,24.98,21.89,52
41,1,Monday,14,2761.27,2672.5,1338.5,1315.5,44.54,22.31,21.92,52
41,1,Monday,15,2677.65,2651.5,1235.5,1409,44.19,20.59,23.48,52
41,1,Monday,16,2806.31,2797,1203,1544.5,46.62,20.05,25.74,52
41,1,Monday,17,3068.5,2940.5,1310.5,1705.5,49.01,21.84,28.42,52
41,1,Monday,18,2206.5,2165.5,974.5,1140.5,36.09,16.24,19.01,52
41,1,Monday,19,1522.17,1508,633,877.5,25.13,10.55,14.62,52
41,1,Monday,20,1255.71,1235.5,502.5,705.5,20.59,8.38,11.76,52
41,1,Monday,21,1080.75,993,420,551,16.55,7,9.18,52
41,1,Monday,22,727.15,666.5,285,373.5,11.11,4.75,6.22,52
41,1,Monday,23,399.15,361,157,202.5,6.02,2.62,3.38,52
41,2,Tuesday,0,194.27,162,80,79,2.7,1.33,1.32,52
41,2,Tuesday,1,93.62,92,44,48.5,1.53,0.73,0.81,52
41,2,Tuesday,2,64.6,62,26.5,36,1.03,0.44,0.6,52
41,2,Tuesday,3,58.73,55.5,25,30.5,0.92,0.42,0.51,52
41,2,Tuesday,4,76.27,79,32,44,1.32,0.53,0.73,52
41,2,Tuesday,5,171.83,177.5,100.5,72,2.96,1.68,1.2,52
41,2,Tuesday,6,458.15,467.5,317.5,151,7.79,5.29,2.52,52
41,2,Tuesday,7,974.21,989,723,257,16.48,12.05,4.28,52
41,2,Tuesday,8,1983.52,2038,1587,441.5,33.97,26.45,7.36,52
41,2,Tuesday,9,1811.54,1806.5,1292.5,518,30.11,21.54,8.63,52
41,2,Tuesday,10,1850.88,1841.5,1163,677,30.69,19.38,11.28,52
41,2,Tuesday,11,2183.81,2204.5,1237,894.5,36.74,20.62,14.91,52
41,2,Tuesday,12,2831.1,2819,1569,1264,46.98,26.15,21.07,52
41,2,Tuesday,13,2862.04,2878,1474,1345,47.97,24.57,22.42,51
41,2,Tuesday,14,2674.52,2647.5,1267.5,1388.5,44.12,21.12,23.14,52
41,2,Tuesday,15,2664.17,2743,1211.5,1467,45.72,20.19,24.45,52
41,2,Tuesday,16,2921.49,2929,1269,1680,48.82,21.15,28,51
41,2,Tuesday,17,3454.31,3491,1463,1997,58.18,24.38,33.28,51
41,2,Tuesday,18,2496.8,2481,1130,1361,41.35,18.83,22.68,51
41,2,Tuesday,19,1768.28,1729.5,743,1011,28.82,12.38,16.85,50
41,2,Tuesday,20,1470.96,1445.5,574,828.5,24.09,9.57,13.81,50
41,2,Tuesday,21,1319.98,1241,495,724,20.68,8.25,12.07,51
41,2,Tuesday,22,945.33,806,337,474,13.43,5.62,7.9,51
41,2,Tuesday,23,537.76,483,210,255,8.05,3.5,4.25,51
41,3,Wednesday,0,217.96,212,100,101,3.53,1.67,1.68,51
41,3,Wednesday,1,112.55,108,50,60,1.8,0.83,1,51
41,3,Wednesday,2,66.88,67,29,38,1.12,0.48,0.63,51
41,3,Wednesday,3,62.04,59,25,35,0.98,0.42,0.58,51
41,3,Wednesday,4,77.04,76.5,30,47,1.27,0.5,0.78,50
41,3,Wednesday,5,183.86,187,107.5,78,3.12,1.79,1.3,50
41,3,Wednesday,6,459.58,467,294,166.5,7.78,4.9,2.78,50
41,3,Wednesday,7,982.78,986,735,267,16.43,12.25,4.45,51
41,3,Wednesday,8,2005.53,2036,1606,461,33.93,26.77,7.68,51
41,3,Wednesday,9,1861.39,1896,1309,560,31.6,21.82,9.33,51
41,3,Wednesday,10,1935.49,2024,1216,737,33.73,20.27,12.28,51
41,3,Wednesday,11,2385.22,2424,1414,1000,40.4,23.57,16.67,50
41,3,Wednesday,12,3006.48,3013.5,1682.5,1297.5,50.23,28.04,21.62,50
41,3,Wednesday,13,2954.24,3029,1586,1383,50.48,26.43,23.05,51
41,3,Wednesday,14,2815.69,2945,1361,1475,49.08,22.68,24.58,51
41,3,Wednesday,15,2873.96,2861,1325,1536,47.68,22.08,25.6,51
41,3,Wednesday,16,3083.39,3168,1352,1747,52.8,22.53,29.12,51
41,3,Wednesday,17,3520.61,3560,1574,1961,59.33,26.23,32.68,51
41,3,Wednesday,18,2655.22,2721,1248,1416,45.35,20.8,23.6,51
41,3,Wednesday,19,1888.47,1883,792,1037,31.38,13.2,17.28,51
41,3,Wednesday,20,1545.69,1483,579,840,24.72,9.65,14,51
41,3,Wednesday,21,1502.31,1418,496,818,23.63,8.27,13.63,51
41,3,Wednesday,22,1153.43,989,430,557,16.48,7.17,9.28,51
41,3,Wednesday,23,620.31,528,213,280,8.8,3.55,4.67,51
41,4,Thursday,0,266.82,209,110,106,3.48,1.83,1.77,51
41,4,Thursday,1,150.65,111,53,59,1.85,0.88,0.98,51
41,4,Thursday,2,108.33,65,29,35,1.08,0.48,0.58,51
41,4,Thursday,3,79.2,60,27,33,1,0.45,0.55,51
41,4,Thursday,4,85.31,76,30,46,1.27,0.5,0.77,51
41,4,Thursday,5,192.47,196,109,85,3.27,1.82,1.42,51
41,4,Thursday,6,461.71,469,304,168,7.82,5.07,2.8,51
41,4,Thursday,7,923.88,943,692,251.5,15.72,11.53,4.19,50
41,4,Thursday,8,1967.63,2096,1573,458,34.93,26.22,7.63,51
41,4,Thursday,9,1885.06,1934,1375,556,32.23,22.92,9.27,51
41,4,Thursday,10,1970.31,1939,1185,713,32.32,19.75,11.88,51
41,4,Thursday,11,2304.88,2285,1352,940,38.08,22.53,15.67,51
41,4,Thursday,12,2948.22,3006,1660,1287,50.1,27.67,21.45,51
41,4,Thursday,13,2908.67,3024,1587,1411,50.4,26.45,23.52,51
41,4,Thursday,14,2837.75,2862,1363,1437,47.7,22.72,23.95,51
41,4,Thursday,15,2877.45,2883,1331,1529,48.05,22.18,25.48,51
41,4,Thursday,16,3106.59,3244,1467,1741,54.07,24.45,29.02,51
41,4,Thursday,17,3770.28,3913,1788.5,2029,65.22,29.81,33.82,50
41,4,Thursday,18,2961.43,3048,1463,1555,50.8,24.38,25.92,51
41,4,Thursday,19,2092.67,2130,919,1130,35.5,15.32,18.83,51
41,4,Thursday,20,1752.92,1769,697,1000,29.48,11.62,16.67,51
41,4,Thursday,21,1733.63,1684,679,964,28.07,11.32,16.07,51
41,4,Thursday,22,1396.76,1266,550,705,21.1,9.17,11.75,51
41,4,Thursday,23,784.16,748,363,364,12.47,6.05,6.07,51
41,5,Friday,0,318.87,283.5,135,153.5,4.72,2.25,2.56,52
41,5,Friday,1,150.54,143,60.5,80,2.38,1.01,1.33,52
41,5,Friday,2,90.77,83.5,37.5,47.5,1.39,0.62,0.79,52
41,5,Friday,3,75.42,73,32,41,1.22,0.53,0.68,52
41,5,Friday,4,89.12,91,35.5,56,1.52,0.59,0.93,52
41,5,Friday,5,189.81,195,110.5,86.5,3.25,1.84,1.44,52
41,5,Friday,6,431.4,449.5,280,160.5,7.49,4.67,2.67,52
41,5,Friday,7,782.02,778,545,241,12.97,9.08,4.02,52
41,5,Friday,8,1662.94,1696,1261.5,437,28.27,21.02,7.28,52
41,5,Friday,9,1814.37,1769.5,1222,573.5,29.49,20.37,9.56,52
41,5,Friday,10,2041.54,2075,1244.5,802.5,34.58,20.74,13.38,52
41,5,Friday,11,2466.59,2495,1437,1016,41.58,23.95,16.93,51
41,5,Friday,12,2936.5,2969,1662,1274,49.48,27.7,21.23,52
41,5,Friday,13,3032.77,3054.5,1606,1453.5,50.91,26.77,24.23,52
41,5,Friday,14,3068.55,3023,1490,1484,50.38,24.83,24.73,51
41,5,Friday,15,3104.2,3073,1507,1560,51.22,25.12,26,51
41,5,Friday,16,3198.29,3245.5,1590,1655,54.09,26.5,27.58,52
41,5,Friday,17,3745.67,3769,1968.5,1749.5,62.82,32.81,29.16,52
41,5,Friday,18,3335.47,3346,1848,1482,55.77,30.8,24.7,51
41,5,Friday,19,2649.77,2670,1406,1221,44.5,23.43,20.35,53
41,5,Friday,20,2257.98,2174.5,1011,1162.5,36.24,16.85,19.38,52
41,5,Friday,21,2167.21,2065,945.5,1137.5,34.42,15.76,18.96,52
41,5,Friday,22,2066.08,1984.5,902.5,1061,33.08,15.04,17.68,52
41,5,Friday,23,1453.48,1344.5,647,714,22.41,10.78,11.9,52
41,6,Saturday,0,804.2,790,306,445,13.17,5.1,7.42,51
41,6,Saturday,1,462.59,447,168,279,7.45,2.8,4.65,51
41,6,Saturday,2,324.57,308,103,209,5.13,1.72,3.48,51
41,6,Saturday,3,229.02,205,72,133,3.42,1.2,2.22,51
41,6,Saturday,4,166.71,143,60,81,2.38,1,1.35,51
41,6,Saturday,5,160.31,145,71,72,2.42,1.18,1.2,51
41,6,Saturday,6,267.78,251,139,104,4.18,2.32,1.73,51
41,6,Saturday,7,421.37,359,199,160,5.98,3.32,2.67,51
41,6,Saturday,8,764.19,731.5,457,272.5,12.19,7.62,4.54,52
41,6,Saturday,9,1365.94,1326.5,851.5,468,22.11,14.19,7.8,52
41,6,Saturday,10,2095.52,2054,1320,747.5,34.23,22,12.46,52
41,6,Saturday,11,2818.31,2839.5,1796.5,1032.5,47.33,29.94,17.21,52
41,6,Saturday,12,3369.44,3333.5,2086.5,1251,55.56,34.77,20.85,52
41,6,Saturday,13,3532.42,3524,2100.5,1458,58.73,35.01,24.3,52
41,6,Saturday,14,3482.52,3521,1913.5,1616,58.68,31.89,26.93,52
41,6,Saturday,15,3606.5,3604.5,1871.5,1733,60.08,31.19,28.88,52
41,6,Saturday,16,3599.88,3633,1887,1733,60.55,31.45,28.88,52
41,6,Saturday,17,3482.04,3446,1882.5,1581,57.43,31.38,26.35,52
41,6,Saturday,18,3179.67,3220.5,1658.5,1508,53.67,27.64,25.13,52
41,6,Saturday,19,2839.04,2852,1463,1362.5,47.53,24.38,22.71,52
41,6,Saturday,20,2292.17,2236,1088.5,1171,37.27,18.14,19.52,52
41,6,Saturday,21,2171.92,2171,1004,1082,36.18,16.73,18.03,52
41,6,Saturday,22,2154.37,2169,1047.5,1043,36.15,17.46,17.38,52
41,6,Saturday,23,1500.87,1479.5,710,751,24.66,11.83,12.52,52
41,7,Sunday,0,882.08,894.5,362.5,493,14.91,6.04,8.22,52
41,7,Sunday,1,609.45,627,236,370,10.45,3.93,6.17,51
41,7,Sunday,2,414.82,407.5,143.5,268,6.79,2.39,4.47,50
41,7,Sunday,3,291.06,292,92.5,191.5,4.87,1.54,3.19,52
41,7,Sunday,4,187.29,183.5,73.5,112.5,3.06,1.23,1.88,52
41,7,Sunday,5,212.44,207.5,114,94,3.46,1.9,1.57,52
41,7,Sunday,6,263.65,249.5,142,110.5,4.16,2.37,1.84,52
41,7,Sunday,7,318.48,313.5,164,141.5,5.22,2.73,2.36,52
41,7,Sunday,8,544.4,520,293.5,220.5,8.67,4.89,3.67,52
41,7,Sunday,9,1079.37,1020.5,644.5,388.5,17.01,10.74,6.47,52
41,7,Sunday,10,1835.35,1793.5,1174,625.5,29.89,19.57,10.43,52
41,7,Sunday,11,2473.56,2529.5,1603,861,42.16,26.72,14.35,52
41,7,Sunday,12,3007.33,3090,1978,1163.5,51.5,32.97,19.39,52
41,7,Sunday,13,3291.69,3368,1931,1392,56.13,32.18,23.2,52
41,7,Sunday,14,3280.46,3321,1764.5,1513,55.35,29.41,25.22,52
41,7,Sunday,15,3113.44,3149.5,1564,1576,52.49,26.07,26.27,52
41,7,Sunday,16,2989.73,2986.5,1493.5,1418,49.77,24.89,23.63,52
41,7,Sunday,17,2624.9,2559,1287.5,1269.5,42.65,21.46,21.16,52
41,7,Sunday,18,2179.42,2089,980,1054.5,34.82,16.33,17.58,52
41,7,Sunday,19,1774.46,1644,736,899,27.4,12.27,14.98,52
41,7,Sunday,20,1429.81,1305.5,586,715,21.76,9.77,11.92,52
41,7,Sunday,21,1297.35,1105,435.5,662,18.42,7.26,11.03,52
41,7,Sunday,22,918.6,750.5,333.5,402.5,12.51,5.56,6.71,52
41,7,Sunday,23,619.48,486.5,208.5,261.5,8.11,3.48,4.36,52
42,1,Monday,0,13.98,12,5,6,0.2,0.08,0.1,52
42,1,Monday,1,10.28,9,4,3,0.15,0.07,0.05,50
42,1,Monday,2,4.66,5,2,1,0.08,0.03,0.02,47
42,1,Monday,3,3,2,2,1,0.03,0.03,0.02,42
42,1,Monday,4,2.78,2,1,1,0.03,0.02,0.02,45
42,1,Monday,5,5.32,4.5,2,3,0.07,0.03,0.05,50
42,1,Monday,6,24.75,25.5,8,17,0.42,0.13,0.28,52
42,1,Monday,7,70.5,76.5,31.5,41,1.27,0.52,0.68,52
42,1,Monday,8,214.79,192,105.5,82.5,3.2,1.76,1.38,52
42,1,Monday,9,272.42,256.5,162,90.5,4.28,2.7,1.51,52
42,1,Monday,10,297.87,250,124.5,116.5,4.17,2.08,1.94,52
42,1,Monday,11,354.92,299,133,154,4.98,2.22,2.57,51
42,1,Monday,12,536.92,440,211,264,7.33,3.52,4.4,51
42,1,Monday,13,519.51,457,211,225,7.62,3.52,3.75,51
42,1,Monday,14,419.08,339,177,173,5.65,2.95,2.88,51
42,1,Monday,15,451.98,355,159,216,5.92,2.65,3.6,51
42,1,Monday,16,423.57,356,148,211,5.93,2.47,3.52,51
42,1,Monday,17,430.41,344,162,216,5.73,2.7,3.6,51
42,1,Monday,18,277.47,242,110,137,4.03,1.83,2.28,51
42,1,Monday,19,176.06,155,67,90,2.58,1.12,1.5,51
42,1,Monday,20,111.82,110,43,63,1.83,0.72,1.05,51
42,1,Monday,21,73.75,67,29,38,1.12,0.48,0.63,51
42,1,Monday,22,46.18,44,17,25,0.73,0.28,0.42,51
42,1,Monday,23,31.8,30,13,16,0.5,0.22,0.27,51
42,2,Tuesday,0,12.76,11,5,6,0.18,0.08,0.1,51
42,2,Tuesday,1,8.04,6,4,2,0.1,0.07,0.03,48
42,2,Tuesday,2,4.23,3,2,1,0.05,0.03,0.02,47
42,2,Tuesday,3,3.9,4,1,1,0.07,0.02,0.02,41
42,2,Tuesday,4,4.07,3,1,2,0.05,0.02,0.03,45
42,2,Tuesday,5,6.24,6,2,3,0.1,0.03,0.05,49
42,2,Tuesday,6,28.59,29,10,18,0.48,0.17,0.3,51
42,2,Tuesday,7,80.04,82,33,48,1.37,0.55,0.8,51
42,2,Tuesday,8,278.2,251,144,93,4.18,2.4,1.55,51
42,2,Tuesday,9,304.63,288,168.5,109,4.8,2.81,1.82,52
42,2,Tuesday,10,356.62,315,178,171.5,5.25,2.97,2.86,52
42,2,Tuesday,11,419.21,388,180.5,202.5,6.47,3.01,3.38,52
42,2,Tuesday,12,631.19,556.5,233,348.5,9.28,3.88,5.81,52
42,2,Tuesday,13,640.31,628.5,266,336,10.47,4.43,5.6,52
42,2,Tuesday,14,477.75,371,178,207,6.18,2.97,3.45,52
42,2,Tuesday,15,469.9,419.5,191.5,236.5,6.99,3.19,3.94,52
42,2,Tuesday,16,492.6,393,171,230.5,6.55,2.85,3.84,52
42,2,Tuesday,17,496.65,408,162,259.5,6.8,2.7,4.32,52
42,2,Tuesday,18,324.81,250.5,114,140,4.18,1.9,2.33,52
42,2,Tuesday,19,211.6,194.5,74.5,119,3.24,1.24,1.98,52
42,2,Tuesday,20,135.38,116,50,64,1.93,0.83,1.07,52
42,2,Tuesday,21,86.65,76,38,40.5,1.27,0.63,0.68,52
42,2,Tuesday,22,52.9,54,23,26.5,0.9,0.38,0.44,52
42,2,Tuesday,23,29.63,30.5,13,15.5,0.51,0.22,0.26,52
42,3,Wednesday,0,14.33,13.5,6,6.5,0.22,0.1,0.11,52
42,3,Wednesday,1,9.14,8,4,3,0.13,0.07,0.05,51
42,3,Wednesday,2,5.23,4.5,3,1,0.07,0.05,0.02,48
42,3,Wednesday,3,2.84,2,1,1,0.03,0.02,0.02,44
42,3,Wednesday,4,3.65,4,1,1.5,0.07,0.02,0.03,48
42,3,Wednesday,5,6.88,7,3,3,0.12,0.05,0.05,52
42,3,Wednesday,6,31.73,31.5,12,19,0.52,0.2,0.32,52
42,3,Wednesday,7,85.44,87.5,37,48.5,1.46,0.62,0.81,52
42,3,Wednesday,8,269.06,240,139.5,93,4,2.33,1.55,52
42,3,Wednesday,9,299.81,275.5,164,108.5,4.59,2.73,1.81,52
42,3,Wednesday,10,322.75,264,150,137,4.4,2.5,2.28,52
42,3,Wednesday,11,422.85,421.5,199.5,233.5,7.03,3.33,3.89,52
42,3,Wednesday,12,610.98,538.5,256,307.5,8.97,4.27,5.12,52
42,3,Wednesday,13,610.17,531.5,261,270.5,8.86,4.35,4.51,52
42,3,Wednesday,14,494.58,396,219.5,231,6.6,3.66,3.85,52
42,3,Wednesday,15,505.79,499.5,193.5,290.5,8.32,3.22,4.84,52
42,3,Wednesday,16,490.75,401,157,272.5,6.68,2.62,4.54,52
42,3,Wednesday,17,517.44,447,189,277,7.45,3.15,4.62,52
42,3,Wednesday,18,323.78,282,127,163,4.7,2.12,2.72,51
42,3,Wednesday,19,196.78,180,73,102,3,1.22,1.7,51
42,3,Wednesday,20,125.98,133,49,77,2.22,0.82,1.28,51
42,3,Wednesday,21,98.75,100,42,54,1.67,0.7,0.9,51
42,3,Wednesday,22,60.78,67,27,35,1.12,0.45,0.58,51
42,3,Wednesday,23,38.76,40,18,20,0.67,0.3,0.33,51
42,4,Thursday,0,18.92,15.5,7.5,7.5,0.26,0.12,0.12,52
42,4,Thursday,1,12.08,10,5,5,0.17,0.08,0.08,51
42,4,Thursday,2,5.18,3.5,2,1,0.06,0.03,0.02,50
42,4,Thursday,3,4.09,3,1,1,0.05,0.02,0.02,43
42,4,Thursday,4,3.69,3,1,2,0.05,0.02,0.03,49
42,4,Thursday,5,6.37,6,3,3,0.1,0.05,0.05,52
42,4,Thursday,6,28.63,28,11,17,0.47,0.18,0.28,52
42,4,Thursday,7,81.1,83,33,47.5,1.38,0.55,0.79,52
42,4,Thursday,8,235.22,220.5,130,86.5,3.67,2.17,1.44,50
42,4,Thursday,9,276.94,223,135,90,3.72,2.25,1.5,49
42,4,Thursday,10,332.83,266,144,120,4.43,2.4,2,47
42,4,Thursday,11,406.36,377,176,201,6.28,2.93,3.35,47
42,4,Thursday,12,607.43,577,228,336,9.62,3.8,5.6,47
42,4,Thursday,13,619.72,518,253.5,257,8.63,4.22,4.28,46
42,4,Thursday,14,468.98,414,183,215,6.9,3.05,3.58,46
42,4,Thursday,15,474.44,462,200.5,256.5,7.7,3.34,4.28,48
42,4,Thursday,16,489.71,427.5,189,238.5,7.12,3.15,3.98,48
42,4,Thursday,17,521.15,439.5,183,257.5,7.32,3.05,4.29,48
42,4,Thursday,18,348.41,304,129,155,5.07,2.15,2.58,49
42,4,Thursday,19,202.84,204,87,115,3.4,1.45,1.92,49
42,4,Thursday,20,128.39,127,50,74,2.12,0.83,1.23,51
42,4,Thursday,21,100.65,99,37,56,1.65,0.62,0.93,51
42,4,Thursday,22,57.81,58.5,24.5,29.5,0.98,0.41,0.49,52
42,4,Thursday,23,35.88,31.5,16,14,0.52,0.27,0.23,52
42,5,Friday,0,15.04,13,6,7,0.22,0.1,0.12,53
42,5,Friday,1,10.6,9,4,4,0.15,0.07,0.07,53
42,5,Friday,2,6.37,5,3,2,0.08,0.05,0.03,52
42,5,Friday,3,3.91,3,2,1,0.05,0.03,0.02,46
42,5,Friday,4,4.68,4,2,2,0.07,0.03,0.03,47
42,5,Friday,5,7.06,6.5,3,4,0.11,0.05,0.07,52
42,5,Friday,6,26.75,26,9,18,0.43,0.15,0.3,53
42,5,Friday,7,70.89,74,31,41,1.23,0.52,0.68,53
42,5,Friday,8,204.91,178,114,75,2.97,1.9,1.25,53
42,5,Friday,9,241.1,227.5,129,84,3.79,2.15,1.4,52
42,5,Friday,10,291.21,258.5,133,137.5,4.31,2.22,2.29,52
42,5,Friday,11,360.52,308,135.5,170,5.13,2.26,2.83,52
42,5,Friday,12,506.37,489.5,218.5,268.5,8.16,3.64,4.47,52
42,5,Friday,13,509.57,468,208,270,7.8,3.47,4.5,51
42,5,Friday,14,418.1,413,168,245,6.88,2.8,4.08,51
42,5,Friday,15,424.41,383,170,224,6.38,2.83,3.73,51
42,5,Friday,16,410.1,364,144,222,6.07,2.4,3.7,51
42,5,Friday,17,409.7,378,168,218,6.3,2.8,3.63,50
42,5,Friday,18,260.12,239.5,109.5,128,3.99,1.82,2.13,50
42,5,Friday,19,171.7,163,69,88.5,2.72,1.15,1.48,50
42,5,Friday,20,120.24,112,45,63,1.87,0.75,1.05,51
42,5,Friday,21,96.06,92,36,54,1.53,0.6,0.9,51
42,5,Friday,22,63.06,58,27.5,32.5,0.97,0.46,0.54,52
42,5,Friday,23,35.96,36,17,16,0.6,0.28,0.27,53
42,6,Saturday,0,20.58,19,10,9,0.32,0.17,0.15,52
42,6,Saturday,1,10.21,10,5,5,0.17,0.08,0.08,52
42,6,Saturday,2,8.23,7,4,2,0.12,0.07,0.03,52
42,6,Saturday,3,6.41,5,4,1,0.08,0.07,0.02,49
42,6,Saturday,4,4.52,3,2,1,0.05,0.03,0.02,44
42,6,Saturday,5,3.54,3,1,2,0.05,0.02,0.03,48
42,6,Saturday,6,10.98,11,5,5.5,0.18,0.08,0.09,52
42,6,Saturday,7,22.9,23,12,10,0.38,0.2,0.17,52
42,6,Saturday,8,36.15,34.5,17,18,0.58,0.28,0.3,52
42,6,Saturday,9,60.73,63,31,28,1.05,0.52,0.47,52
42,6,Saturday,10,79.77,83,44,42,1.38,0.73,0.7,52
42,6,Saturday,11,104.94,110,54.5,54,1.83,0.91,0.9,52
42,6,Saturday,12,140.58,145,70,72,2.42,1.17,1.2,52
42,6,Saturday,13,161.38,155,80,75.5,2.58,1.33,1.26,52
42,6,Saturday,14,160.08,165,85,77,2.75,1.42,1.28,52
42,6,Saturday,15,158.33,162,80.5,78,2.7,1.34,1.3,52
42,6,Saturday,16,157.88,149,73,81,2.48,1.22,1.35,52
42,6,Saturday,17,151.15,151.5,62,89,2.52,1.03,1.48,52
42,6,Saturday,18,119.83,118,57,58,1.97,0.95,0.97,52
42,6,Saturday,19,99.81,94,45,47.5,1.57,0.75,0.79,52
42,6,Saturday,20,73.9,69,33,36.5,1.15,0.55,0.61,52
42,6,Saturday,21,61.52,59,26.5,32,0.98,0.44,0.53,52
42,6,Saturday,22,47.12,43,17.5,24.5,0.72,0.29,0.41,52
42,6,Saturday,23,32.81,32,14.5,15.5,0.53,0.24,0.26,52
42,7,Sunday,0,18.15,16.5,7.5,8,0.28,0.12,0.13,52
42,7,Sunday,1,9.9,9,4.5,4,0.15,0.07,0.07,52
42,7,Sunday,2,8.02,6,4,2,0.1,0.07,0.03,50
42,7,Sunday,3,5.4,4,3,1,0.07,0.05,0.02,52
42,7,Sunday,4,4.34,3.5,2,1,0.06,0.03,0.02,44
42,7,Sunday,5,3.21,3,1,2,0.05,0.02,0.03,47
42,7,Sunday,6,8.08,7.5,3,5,0.12,0.05,0.08,52
42,7,Sunday,7,17.94,18,8,9,0.3,0.13,0.15,52
42,7,Sunday,8,37.23,33,18,16,0.55,0.3,0.27,52
42,7,Sunday,9,60.06,53,26,24,0.88,0.43,0.4,52
42,7,Sunday,10,85.47,69,35,33,1.15,0.58,0.55,51
42,7,Sunday,11,114.16,93,46,50,1.55,0.77,0.83,51
42,7,Sunday,12,149.63,126,58,61,2.1,0.97,1.02,51
42,7,Sunday,13,178.18,144,68,73,2.4,1.13,1.22,51
42,7,Sunday,14,174.31,142,77,72,2.37,1.28,1.2,51
42,7,Sunday,15,159.51,136,73,66,2.27,1.22,1.1,51
42,7,Sunday,16,144.22,140,67,74,2.33,1.12,1.23,51
42,7,Sunday,17,139.41,151,62,84,2.52,1.03,1.4,51
42,7,Sunday,18,109.22,99,44,57,1.65,0.73,0.95,51
42,7,Sunday,19,84.71,76,38,39,1.27,0.63,0.65,51
42,7,Sunday,20,69.17,65.5,30,36.5,1.09,0.5,0.61,52
42,7,Sunday,21,51.29,50,21,28,0.83,0.35,0.47,52
42,7,Sunday,22,40.15,36,16,22,0.6,0.27,0.37,52
42,7,Sunday,23,24.56,22,11.5,11,0.37,0.19,0.18,52
43,1,Monday,0,12.28,11,5,5,0.18,0.08,0.08,47
43,1,Monday,1,6.83,5,3,2,0.08,0.05,0.03,46
43,1,Monday,2,3.24,3,1,1,0.05,0.02,0.02,38
43,1,Monday,3,2.14,2,1,1,0.03,0.02,0.02,36
43,1,Monday,4,2.29,2,1,1,0.03,0.02,0.02,28
43,1,Monday,5,6.53,4,2,2,0.07,0.03,0.03,49
43,1,Monday,6,18.16,17,11,5,0.28,0.18,0.08,49
43,1,Monday,7,59.08,63,41,21,1.05,0.68,0.35,49
43,1,Monday,8,197.82,194.5,128.5,58.5,3.24,2.14,0.98,50
43,1,Monday,9,249.22,226.5,137.5,74,3.78,2.29,1.23,50
43,1,Monday,10,240.4,220.5,131.5,95.5,3.67,2.19,1.59,50
43,1,Monday,11,281,296.5,128,140,4.94,2.13,2.33,50
43,1,Monday,12,387.82,402.5,153.5,237.5,6.71,2.56,3.96,50
43,1,Monday,13,395.22,406.5,163.5,222.5,6.78,2.72,3.71,50
43,1,Monday,14,336.3,309,127,181,5.15,2.12,3.02,50
43,1,Monday,15,379.82,353,141,222,5.88,2.35,3.7,49
43,1,Monday,16,436.96,399,153,209.5,6.65,2.55,3.49,48
43,1,Monday,17,498.92,508.5,217,239.5,8.47,3.62,3.99,48
43,1,Monday,18,296,294,113.5,150.5,4.9,1.89,2.51,48
43,1,Monday,19,234.94,237,62.5,162.5,3.95,1.04,2.71,48
43,1,Monday,20,122.38,97,37,66,1.62,0.62,1.1,48
43,1,Monday,21,72.92,73.5,29.5,39,1.23,0.49,0.65,48
43,1,Monday,22,51.46,47.5,16,30,0.79,0.27,0.5,48
43,1,Monday,23,23.77,21,11,9,0.35,0.18,0.15,48
43,2,Tuesday,0,10.57,9,5,4,0.15,0.08,0.07,49
43,2,Tuesday,1,5.87,5,2,2,0.08,0.03,0.03,45
43,2,Tuesday,2,3,3,2,1,0.05,0.03,0.02,39
43,2,Tuesday,3,1.76,1,1,1,0.02,0.02,0.02,33
43,2,Tuesday,4,1.75,2,1,1,0.03,0.02,0.02,36
43,2,Tuesday,5,7.1,5,3,3,0.08,0.05,0.05,49
43,2,Tuesday,6,19.67,20,13,6,0.33,0.22,0.1,49
43,2,Tuesday,7,68.53,66,42,25,1.1,0.7,0.42,49
43,2,Tuesday,8,237.02,217,155,68,3.62,2.58,1.13,49
43,2,Tuesday,9,287.73,271,175,97,4.52,2.92,1.62,49
43,2,Tuesday,10,306,321,160.5,133.5,5.35,2.67,2.22,50
43,2,Tuesday,11,345.58,364.5,175,173.5,6.08,2.92,2.89,50
43,2,Tuesday,12,484.94,478.5,216,308.5,7.97,3.6,5.14,50
43,2,Tuesday,13,480.26,504,215.5,292,8.4,3.59,4.87,50
43,2,Tuesday,14,399.48,341,144.5,209.5,5.68,2.41,3.49,50
43,2,Tuesday,15,432.66,390,175.5,229,6.5,2.92,3.82,50
43,2,Tuesday,16,509.98,407.5,174,222.5,6.79,2.9,3.71,50
43,2,Tuesday,17,566.76,512.5,236,278.5,8.54,3.93,4.64,50
43,2,Tuesday,18,334.96,317.5,121.5,169.5,5.29,2.02,2.83,50
43,2,Tuesday,19,235.36,257.5,71,180.5,4.29,1.18,3.01,50
43,2,Tuesday,20,142.72,117,47,69,1.95,0.78,1.15,50
43,2,Tuesday,21,88.88,84.5,37.5,45.5,1.41,0.62,0.76,50
43,2,Tuesday,22,67.7,65.5,23.5,38.5,1.09,0.39,0.64,50
43,2,Tuesday,23,28.74,25,12,13,0.42,0.2,0.22,50
43,3,Wednesday,0,14.44,12,5.5,5,0.2,0.09,0.08,50
43,3,Wednesday,1,7.04,5.5,2,3,0.09,0.03,0.05,50
43,3,Wednesday,2,3.91,3,1,1,0.05,0.02,0.02,43
43,3,Wednesday,3,2.37,2,1,0.5,0.03,0.02,0.01,30
43,3,Wednesday,4,2.68,2,1,1,0.03,0.02,0.02,38
43,3,Wednesday,5,6.66,5,2,2,0.08,0.03,0.03,50
43,3,Wednesday,6,23.88,21.5,15.5,7,0.36,0.26,0.12,50
43,3,Wednesday,7,70.38,71,42,29,1.18,0.7,0.48,50
43,3,Wednesday,8,244.44,222.5,142,74,3.71,2.37,1.23,50
43,3,Wednesday,9,293.16,251.5,157,85,4.19,2.62,1.42,50
43,3,Wednesday,10,302.48,237,149,101,3.95,2.48,1.68,50
43,3,Wednesday,11,346.66,356.5,184,166.5,5.94,3.07,2.78,50
43,3,Wednesday,12,486.12,520.5,212.5,277.5,8.68,3.54,4.62,50
43,3,Wednesday,13,488.96,476,241,262,7.93,4.02,4.37,49
43,3,Wednesday,14,423.1,440,186,244,7.33,3.1,4.07,49
43,3,Wednesday,15,471.78,510,197,287,8.5,3.28,4.78,49
43,3,Wednesday,16,515.92,467,187,332,7.78,3.12,5.53,49
43,3,Wednesday,17,595.08,580,256,344,9.67,4.27,5.73,49
43,3,Wednesday,18,358.76,389,135,206,6.48,2.25,3.43,49
43,3,Wednesday,19,213.14,200,70,129,3.33,1.17,2.15,49
43,3,Wednesday,20,133.24,133,45,88,2.22,0.75,1.47,49
43,3,Wednesday,21,104.31,103,40,62,1.72,0.67,1.03,49
43,3,Wednesday,22,61.82,64,24,33,1.07,0.4,0.55,49
43,3,Wednesday,23,30.1,30,17,14,0.5,0.28,0.23,49
43,4,Thursday,0,17.86,18,9,5,0.3,0.15,0.08,49
43,4,Thursday,1,8.83,8,3,3,0.13,0.05,0.05,47
43,4,Thursday,2,3.81,3,2,1,0.05,0.03,0.02,47
43,4,Thursday,3,2.57,2,1,1,0.03,0.02,0.02,37
43,4,Thursday,4,2.5,2,1,1,0.03,0.02,0.02,34
43,4,Thursday,5,5.4,5,2,2,0.08,0.03,0.03,47
43,4,Thursday,6,22.18,23,15,7,0.38,0.25,0.12,49
43,4,Thursday,7,72.43,74,44,27,1.23,0.73,0.45,49
43,4,Thursday,8,242.08,236,139,80,3.93,2.32,1.33,49
43,4,Thursday,9,280.53,257,194,79,4.28,3.23,1.32,49
43,4,Thursday,10,293.39,299,171,120,4.98,2.85,2,49
43,4,Thursday,11,357.08,377,186,194,6.28,3.1,3.23,49
43,4,Thursday,12,499.2,487.5,208,301,8.12,3.47,5.02,50
43,4,Thursday,13,497.16,494.5,223,260.5,8.24,3.72,4.34,50
43,4,Thursday,14,406,356,167,219,5.93,2.78,3.65,50
43,4,Thursday,15,454.42,445.5,173.5,282.5,7.42,2.89,4.71,50
43,4,Thursday,16,492.86,408.5,191.5,226,6.81,3.19,3.77,50
43,4,Thursday,17,570.04,601,256,271,10.02,4.27,4.52,50
43,4,Thursday,18,379.06,391.5,144.5,209,6.53,2.41,3.48,50
43,4,Thursday,19,251.1,243.5,88.5,168,4.06,1.48,2.8,50
43,4,Thursday,20,165.4,152.5,49,103.5,2.54,0.82,1.73,50
43,4,Thursday,21,115.42,113,45,58.5,1.88,0.75,0.98,50
43,4,Thursday,22,72.84,77,22.5,45.5,1.28,0.38,0.76,50
43,4,Thursday,23,35.38,31.5,17,13.5,0.52,0.28,0.22,50
43,5,Friday,0,12.98,11,6,5,0.18,0.1,0.08,51
43,5,Friday,1,7.18,6,3,2,0.1,0.05,0.03,51
43,5,Friday,2,4.46,4,2.5,1,0.07,0.04,0.02,46
43,5,Friday,3,3,2,1,1,0.03,0.02,0.02,42
43,5,Friday,4,3.05,2,2,1,0.03,0.03,0.02,38
43,5,Friday,5,6.22,5,2,3,0.08,0.03,0.05,50
43,5,Friday,6,22.67,23,14,7,0.38,0.23,0.12,51
43,5,Friday,7,60.86,62,37,23,1.03,0.62,0.38,51
43,5,Friday,8,188.94,178,117,53,2.97,1.95,0.88,51
43,5,Friday,9,221.98,198,123,71,3.3,2.05,1.18,51
43,5,Friday,10,261.39,200,121,93,3.33,2.02,1.55,51
43,5,Friday,11,312.47,287,153,136,4.78,2.55,2.27,51
43,5,Friday,12,417.84,391,167,242,6.52,2.78,4.03,51
43,5,Friday,13,409.1,397,168,194,6.62,2.8,3.23,51
43,5,Friday,14,356.75,350,148,184,5.83,2.47,3.07,51
43,5,Friday,15,378.96,337,154,184,5.62,2.57,3.07,51
43,5,Friday,16,370.53,339,145,188,5.65,2.42,3.13,51
43,5,Friday,17,410.24,352,154,223,5.87,2.57,3.72,51
43,5,Friday,18,261.31,242,103,156,4.03,1.72,2.6,51
43,5,Friday,19,174.37,163,63,98,2.72,1.05,1.63,51
43,5,Friday,20,125.73,121,39,81,2.02,0.65,1.35,51
43,5,Friday,21,93.55,88,31,55,1.47,0.52,0.92,51
43,5,Friday,22,59.06,56,29,24,0.93,0.48,0.4,51
43,5,Friday,23,39,41,22,14,0.68,0.37,0.23,51
43,6,Saturday,0,21.38,20.5,12,6.5,0.34,0.2,0.11,50
43,6,Saturday,1,11.4,8.5,5,2.5,0.14,0.08,0.04,50
43,6,Saturday,2,7.37,6,4,2,0.1,0.07,0.03,46
43,6,Saturday,3,5.04,4,3,1,0.07,0.05,0.02,46
43,6,Saturday,4,3.58,3,1,1,0.05,0.02,0.02,45
43,6,Saturday,5,3.56,2,1,1,0.03,0.02,0.02,48
43,6,Saturday,6,10.06,8,4,3,0.13,0.07,0.05,49
43,6,Saturday,7,34.34,24,15,8,0.4,0.25,0.13,50
43,6,Saturday,8,46.38,43,27.5,18,0.72,0.46,0.3,50
43,6,Saturday,9,73.72,74,39.5,33.5,1.23,0.66,0.56,50
43,6,Saturday,10,103.14,106.5,58.5,46,1.77,0.98,0.77,50
43,6,Saturday,11,144.46,141,74.5,63.5,2.35,1.24,1.06,50
43,6,Saturday,12,173.14,180.5,87.5,92.5,3.01,1.46,1.54,50
43,6,Saturday,13,189.58,193,93.5,98.5,3.22,1.56,1.64,50
43,6,Saturday,14,189.84,209,102,100,3.48,1.7,1.67,49
43,6,Saturday,15,197,209,100,106,3.48,1.67,1.77,49
43,6,Saturday,16,186.29,189,89,108,3.15,1.48,1.8,49
43,6,Saturday,17,165.61,171,70,104,2.85,1.17,1.73,49
43,6,Saturday,18,118.47,114,51,63,1.9,0.85,1.05,49
43,6,Saturday,19,86.39,89,34,41,1.48,0.57,0.68,49
43,6,Saturday,20,59.8,54,26,29,0.9,0.43,0.48,49
43,6,Saturday,21,54.22,55,31,23,0.92,0.52,0.38,49
43,6,Saturday,22,48.61,47,25,20,0.78,0.42,0.33,49
43,6,Saturday,23,34.98,34,20,12,0.57,0.33,0.2,49
43,7,Sunday,0,22.12,22,13,7,0.37,0.22,0.12,49
43,7,Sunday,1,13.55,13,8,3,0.22,0.13,0.05,49
43,7,Sunday,2,7.81,7,4.5,1,0.12,0.07,0.02,48
43,7,Sunday,3,5.34,4,3,1,0.07,0.05,0.02,47
43,7,Sunday,4,3.11,3,2,1,0.05,0.03,0.02,37
43,7,Sunday,5,3.36,2,1,1,0.03,0.02,0.02,39
43,7,Sunday,6,6.33,5,3,3,0.08,0.05,0.05,49
43,7,Sunday,7,17.67,18,9,8,0.3,0.15,0.13,49
43,7,Sunday,8,43.06,42,25,15,0.7,0.42,0.25,49
43,7,Sunday,9,73.86,69,39,27,1.15,0.65,0.45,49
43,7,Sunday,10,93.35,84,48,37,1.4,0.8,0.62,49
43,7,Sunday,11,128.88,119,51,66,1.98,0.85,1.1,49
43,7,Sunday,12,152.94,132,59,70,2.2,0.98,1.17,49
43,7,Sunday,13,153.51,128,59,68,2.13,0.98,1.13,49
43,7,Sunday,14,155.1,131,76,60,2.18,1.27,1,49
43,7,Sunday,15,161.08,148,79,60,2.47,1.32,1,49
43,7,Sunday,16,155.8,146,76,74,2.43,1.27,1.23,49
43,7,Sunday,17,150.37,156,69,83,2.6,1.15,1.38,49
43,7,Sunday,18,98.84,95,48,51,1.58,0.8,0.85,49
43,7,Sunday,19,72.76,70,32,35,1.17,0.53,0.58,49
43,7,Sunday,20,59.88,58,27,30,0.97,0.45,0.5,49
43,7,Sunday,21,45.04,41,23,20,0.68,0.38,0.33,49
43,7,Sunday,22,37.55,34,16,14,0.57,0.27,0.23,49
43,7,Sunday,23,26,19,10,9,0.32,0.17,0.15,49
44,1,Monday,0,7.83,6,4,1,0.1,0.07,0.02,52
44,1,Monday,1,4.6,4,3,1,0.07,0.05,0.02,43
44,1,Monday,2,2.46,2,1,1,0.03,0.02,0.02,37
44,1,Monday,3,1.57,1,1,0,0.02,0.02,0,28
44,1,Monday,4,2.04,2,1,0,0.03,0.02,0,23
44,1,Monday,5,3.51,2,0,2,0.03,0,0.03,49
44,1,Monday,6,12.54,12,7,5,0.2,0.12,0.08,52
44,1,Monday,7,39.6,39,18,22,0.65,0.3,0.37,52
44,1,Monday,8,97.62,100,37.5,58.5,1.67,0.62,0.98,52
44,1,Monday,9,113.58,111.5,40,71,1.86,0.67,1.18,52
44,1,Monday,10,115.31,112,52,66.5,1.87,0.87,1.11,52
44,1,Monday,11,128.29,122,59,62.5,2.03,0.98,1.04,52
44,1,Monday,12,170.58,174.5,93,84.5,2.91,1.55,1.41,52
44,1,Monday,13,181.63,157.5,89.5,86.5,2.62,1.49,1.44,52
44,1,Monday,14,142.21,142.5,76,71,2.38,1.27,1.18,52
44,1,Monday,15,152.27,152,84,68,2.53,1.4,1.13,52
44,1,Monday,16,158.04,139.5,85.5,58,2.33,1.43,0.97,52
44,1,Monday,17,194.46,184,121.5,64.5,3.07,2.02,1.07,52
44,1,Monday,18,125.94,123,73.5,51.5,2.05,1.23,0.86,52
44,1,Monday,19,118.15,105.5,43.5,51,1.76,0.72,0.85,52
44,1,Monday,20,73.62,63.5,28,31.5,1.06,0.47,0.52,52
44,1,Monday,21,48.69,44.5,21.5,21.5,0.74,0.36,0.36,52
44,1,Monday,22,35.17,30,13,16.5,0.5,0.22,0.28,52
44,1,Monday,23,14.86,13,9,3,0.22,0.15,0.05,51
44,2,Tuesday,0,6.73,6,5,1,0.1,0.08,0.02,51
44,2,Tuesday,1,4.45,3,3,0,0.05,0.05,0,47
44,2,Tuesday,2,2.42,2,1,0,0.03,0.02,0,40
44,2,Tuesday,3,2,1,1,1,0.02,0.02,0.02,21
44,2,Tuesday,4,1.81,1,1,0,0.02,0.02,0,31
44,2,Tuesday,5,5.43,4,2,2,0.07,0.03,0.03,51
44,2,Tuesday,6,12.94,13,6.5,5,0.22,0.11,0.08,52
44,2,Tuesday,7,45.79,46.5,20,25,0.78,0.33,0.42,52
44,2,Tuesday,8,115.88,115.5,42,71,1.93,0.7,1.18,52
44,2,Tuesday,9,124.73,136.5,46.5,88,2.28,0.78,1.47,52
44,2,Tuesday,10,133.67,128,54.5,71,2.13,0.91,1.18,52
44,2,Tuesday,11,142.52,145.5,65.5,75,2.42,1.09,1.25,52
44,2,Tuesday,12,203.15,204,103.5,104,3.4,1.73,1.73,52
44,2,Tuesday,13,202.81,218.5,106,108.5,3.64,1.77,1.81,52
44,2,Tuesday,14,167.31,152,79,79.5,2.53,1.32,1.32,52
44,2,Tuesday,15,171.96,185,94.5,81,3.08,1.57,1.35,52
44,2,Tuesday,16,186.25,170,121.5,57.5,2.83,2.02,0.96,52
44,2,Tuesday,17,221.44,210,118.5,85.5,3.5,1.98,1.43,52
44,2,Tuesday,18,145.73,125.5,70.5,58,2.09,1.18,0.97,52
44,2,Tuesday,19,119.42,99,44.5,56.5,1.65,0.74,0.94,52
44,2,Tuesday,20,76.06,73,32.5,33.5,1.22,0.54,0.56,52
44,2,Tuesday,21,57.06,53,29,21,0.88,0.48,0.35,52
44,2,Tuesday,22,47.17,45,20,18,0.75,0.33,0.3,52
44,2,Tuesday,23,18.37,15,10,5,0.25,0.17,0.08,51
44,3,Wednesday,0,9.94,8,5,2,0.13,0.08,0.03,51
44,3,Wednesday,1,5.59,4,3,1,0.07,0.05,0.02,44
44,3,Wednesday,2,3.13,2,1,1,0.03,0.02,0.02,38
44,3,Wednesday,3,2.08,1.5,1,0,0.03,0.02,0,24
44,3,Wednesday,4,2.23,2,1,1,0.03,0.02,0.02,31
44,3,Wednesday,5,4.32,3,1,3,0.05,0.02,0.05,47
44,3,Wednesday,6,16.37,14.5,9,7,0.24,0.15,0.12,52
44,3,Wednesday,7,48.02,48,19.5,25.5,0.8,0.32,0.42,52
44,3,Wednesday,8,118.27,114.5,40,70,1.91,0.67,1.17,52
44,3,Wednesday,9,125.52,127.5,47.5,80.5,2.12,0.79,1.34,52
44,3,Wednesday,10,133.13,119.5,53.5,73.5,1.99,0.89,1.23,52
44,3,Wednesday,11,150.63,152.5,69,83.5,2.54,1.15,1.39,52
44,3,Wednesday,12,208.83,217,108.5,112,3.62,1.81,1.87,52
44,3,Wednesday,13,206.31,208,108.5,95.5,3.47,1.81,1.59,52
44,3,Wednesday,14,168.56,175.5,92.5,75,2.92,1.54,1.25,52
44,3,Wednesday,15,179.69,181,100.5,80,3.02,1.68,1.33,52
44,3,Wednesday,16,187.96,177,111,67,2.95,1.85,1.12,52
44,3,Wednesday,17,234.96,259,142.5,93.5,4.32,2.38,1.56,52
44,3,Wednesday,18,165.27,178,83.5,82,2.97,1.39,1.37,52
44,3,Wednesday,19,103.73,90,46.5,50,1.5,0.78,0.83,52
44,3,Wednesday,20,97.85,97,57.5,39,1.62,0.96,0.65,52
44,3,Wednesday,21,73.81,72,36.5,30,1.2,0.61,0.5,52
44,3,Wednesday,22,42.9,38.5,23.5,16.5,0.64,0.39,0.28,52
44,3,Wednesday,23,19.17,18.5,13,4,0.31,0.22,0.07,52
44,4,Thursday,0,12.27,11,8,2,0.18,0.13,0.03,51
44,4,Thursday,1,6.38,4,3,1,0.07,0.05,0.02,47
44,4,Thursday,2,3.32,1.5,1,0,0.03,0.02,0,44
44,4,Thursday,3,2,2,1.5,0,0.03,0.03,0,26
44,4,Thursday,4,2.24,2,1,1,0.03,0.02,0.02,37
44,4,Thursday,5,4,3,1,2,0.05,0.02,0.03,47
44,4,Thursday,6,13.69,13.5,7,7,0.22,0.12,0.12,52
44,4,Thursday,7,47.35,46,19,27,0.77,0.32,0.45,52
44,4,Thursday,8,122.79,114,40,76,1.9,0.67,1.27,52
44,4,Thursday,9,117.67,117,41.5,76,1.95,0.69,1.27,52
44,4,Thursday,10,132,140,56.5,73.5,2.33,0.94,1.23,52
44,4,Thursday,11,152,163,79,84,2.72,1.32,1.4,52
44,4,Thursday,12,213.98,213,107,112.5,3.55,1.78,1.88,52
44,4,Thursday,13,214.83,225,103,112.5,3.75,1.72,1.88,52
44,4,Thursday,14,173.13,170.5,100.5,77.5,2.84,1.68,1.29,52
44,4,Thursday,15,182.19,179.5,88,86.5,2.99,1.47,1.44,52
44,4,Thursday,16,183.04,174.5,114,65.5,2.91,1.9,1.09,52
44,4,Thursday,17,239.4,260,140,106.5,4.33,2.33,1.77,52
44,4,Thursday,18,185.87,192.5,81,101,3.21,1.35,1.68,52
44,4,Thursday,19,123.63,117,54,62.5,1.95,0.9,1.04,52
44,4,Thursday,20,105.1,103.5,64,37,1.73,1.07,0.62,52
44,4,Thursday,21,70.94,71,40,26,1.18,0.67,0.43,52
44,4,Thursday,22,45.42,43,22,20,0.72,0.37,0.33,52
44,4,Thursday,23,23.87,19.5,14,5,0.32,0.23,0.08,52
44,5,Friday,0,8.41,6,5,1,0.1,0.08,0.02,51
44,5,Friday,1,4.75,4,2,1,0.07,0.03,0.02,53
44,5,Friday,2,3.29,3,2,0,0.05,0.03,0,42
44,5,Friday,3,2.7,2,1,1,0.03,0.02,0.02,33
44,5,Friday,4,3,2,1,0,0.03,0.02,0,33
44,5,Friday,5,4.58,4,1,2,0.07,0.02,0.03,50
44,5,Friday,6,15.74,15,7,7,0.25,0.12,0.12,53
44,5,Friday,7,42.04,42,18,24,0.7,0.3,0.4,53
44,5,Friday,8,92.4,86,35,52,1.43,0.58,0.87,53
44,5,Friday,9,105.89,116,40,72,1.93,0.67,1.2,53
44,5,Friday,10,123.79,111,40,73,1.85,0.67,1.22,53
44,5,Friday,11,140.79,150,61,74,2.5,1.02,1.23,53
44,5,Friday,12,187.36,208,89,103,3.47,1.48,1.72,53
44,5,Friday,13,182.25,183,88,92,3.05,1.47,1.53,53
44,5,Friday,14,160.04,162,87,83,2.7,1.45,1.38,53
44,5,Friday,15,172.74,165,98,73,2.75,1.63,1.22,53
44,5,Friday,16,160.57,158,91,67,2.63,1.52,1.12,53
44,5,Friday,17,208.26,205,116,95,3.42,1.93,1.58,53
44,5,Friday,18,144.38,125,65,63,2.08,1.08,1.05,53
44,5,Friday,19,103.17,97,43,52,1.62,0.72,0.87,53
44,5,Friday,20,80.79,71,28,44,1.18,0.47,0.73,53
44,5,Friday,21,64.96,57,28,30,0.95,0.47,0.5,53
44,5,Friday,22,42.74,43,29,12,0.72,0.48,0.2,53
44,5,Friday,23,28.53,23,18,5,0.38,0.3,0.08,53
44,6,Saturday,0,16.83,14.5,10,3,0.24,0.17,0.05,52
44,6,Saturday,1,9.04,6,5,1,0.1,0.08,0.02,49
44,6,Saturday,2,5.7,4,3,1,0.07,0.05,0.02,50
44,6,Saturday,3,4.33,3,2,0,0.05,0.03,0,43
44,6,Saturday,4,3.23,2,2,0,0.03,0.03,0,43
44,6,Saturday,5,2.84,2,1,1,0.03,0.02,0.02,45
44,6,Saturday,6,8,6.5,3,3,0.11,0.05,0.05,52
44,6,Saturday,7,27.92,16.5,9,7,0.28,0.15,0.12,52
44,6,Saturday,8,34.94,34,15.5,18,0.57,0.26,0.3,52
44,6,Saturday,9,48.79,48.5,20,27.5,0.81,0.33,0.46,52
44,6,Saturday,10,65.33,66.5,25,38,1.11,0.42,0.63,52
44,6,Saturday,11,90.62,92.5,34,53.5,1.54,0.57,0.89,52
44,6,Saturday,12,99.31,99,41.5,55,1.65,0.69,0.92,52
44,6,Saturday,13,108.15,113.5,48.5,64.5,1.89,0.81,1.07,52
44,6,Saturday,14,105.06,108.5,50.5,55,1.81,0.84,0.92,52
44,6,Saturday,15,111.54,116.5,57.5,55,1.94,0.96,0.92,52
44,6,Saturday,16,106.73,115,63,44.5,1.92,1.05,0.74,52
44,6,Saturday,17,104.88,105.5,49,57,1.76,0.82,0.95,52
44,6,Saturday,18,74.75,73.5,31,39.5,1.23,0.52,0.66,52
44,6,Saturday,19,57.56,54.5,22.5,27,0.91,0.38,0.45,52
44,6,Saturday,20,40.92,37.5,22,17,0.62,0.37,0.28,52
44,6,Saturday,21,39.75,35,24.5,11,0.58,0.41,0.18,52
44,6,Saturday,22,35.87,33.5,19,10,0.56,0.32,0.17,52
44,6,Saturday,23,24.92,20,15,4.5,0.33,0.25,0.07,52
44,7,Sunday,0,15.61,14,9,3,0.23,0.15,0.05,51
44,7,Sunday,1,10.35,9,8,1,0.15,0.13,0.02,51
44,7,Sunday,2,6.4,5,4,1,0.08,0.07,0.02,48
44,7,Sunday,3,4.16,3,3,0,0.05,0.05,0,44
44,7,Sunday,4,3.11,2,2,0,0.03,0.03,0,36
44,7,Sunday,5,2.51,2,1,1,0.03,0.02,0.02,35
44,7,Sunday,6,4.71,4,2,2,0.07,0.03,0.03,52
44,7,Sunday,7,14.17,13.5,7,7,0.22,0.12,0.12,52
44,7,Sunday,8,33.54,31,16,13,0.52,0.27,0.22,52
44,7,Sunday,9,52.88,49,23,23.5,0.82,0.38,0.39,52
44,7,Sunday,10,66.33,58.5,26,30,0.98,0.43,0.5,52
44,7,Sunday,11,86.62,82,30,48,1.37,0.5,0.8,52
44,7,Sunday,12,91.81,87.5,34,51.5,1.46,0.57,0.86,52
44,7,Sunday,13,92.5,80.5,33,47,1.34,0.55,0.78,52
44,7,Sunday,14,92.13,81.5,42.5,36,1.36,0.71,0.6,52
44,7,Sunday,15,88.33,90,46.5,36,1.5,0.78,0.6,52
44,7,Sunday,16,92.71,91.5,45,47,1.52,0.75,0.78,52
44,7,Sunday,17,96.19,99,48.5,49.5,1.65,0.81,0.82,52
44,7,Sunday,18,62.46,61,33,26,1.02,0.55,0.43,52
44,7,Sunday,19,48.08,42,21,19,0.7,0.35,0.32,52
44,7,Sunday,20,41.69,39,19,16.5,0.65,0.32,0.28,52
44,7,Sunday,21,31.4,30,19,12,0.5,0.32,0.2,52
44,7,Sunday,22,27.21,22.5,12,7.5,0.38,0.2,0.12,52
44,7,Sunday,23,16.85,12,8.5,3,0.2,0.14,0.05,52
45,1,Monday,0,98.68,82,23,58,1.37,0.38,0.97,47
45,1,Monday,1,51.21,41,15,29,0.68,0.25,0.48,47
45,1,Monday,2,24.57,21,7,14,0.35,0.12,0.23,47
45,1,Monday,3,21.45,18,7,12,0.3,0.12,0.2,47
45,1,Monday,4,21.04,19,6,12,0.32,0.1,0.2,47
45,1,Monday,5,45.96,43,18,24,0.72,0.3,0.4,47
45,1,Monday,6,105.02,98,51,52,1.63,0.85,0.87,47
45,1,Monday,7,237.14,241,118,121,4.02,1.97,2.02,49
45,1,Monday,8,533.59,555,261,262,9.25,4.35,4.37,51
45,1,Monday,9,544.43,550,278,265,9.17,4.63,4.42,51
45,1,Monday,10,675.51,649,313,330,10.82,5.22,5.5,51
45,1,Monday,11,970.64,934,448,489,15.57,7.47,8.15,50
45,1,Monday,12,1504.58,1451.5,688.5,792,24.19,11.47,13.2,50
45,1,Monday,13,1613.76,1558,626.5,927,25.97,10.44,15.45,50
45,1,Monday,14,1388.64,1305,502.5,817,21.75,8.38,13.62,50
45,1,Monday,15,1300.42,1249.5,472.5,769,20.82,7.88,12.82,50
45,1,Monday,16,1298.45,1289,479,806,21.48,7.98,13.43,51
45,1,Monday,17,1505.98,1470,608,882,24.5,10.13,14.7,51
45,1,Monday,18,1159.25,1124,433,695,18.73,7.22,11.58,51
45,1,Monday,19,984.76,932,299,610,15.53,4.98,10.17,51
45,1,Monday,20,864.49,792,245,533,13.2,4.08,8.88,51
45,1,Monday,21,646.78,579,177,410,9.65,2.95,6.83,51
45,1,Monday,22,354.98,326,108,218,5.43,1.8,3.63,51
45,1,Monday,23,180.14,169,59,110,2.82,0.98,1.83,51
45,2,Tuesday,0,69.32,59,22,38,0.98,0.37,0.63,44
45,2,Tuesday,1,35.23,31.5,11,21,0.52,0.18,0.35,44
45,2,Tuesday,2,21.05,22,6.5,12,0.37,0.11,0.2,44
45,2,Tuesday,3,20.43,17,6,11.5,0.28,0.1,0.19,44
45,2,Tuesday,4,18.48,16,7,10,0.27,0.12,0.17,44
45,2,Tuesday,5,46.14,46.5,21,24,0.78,0.35,0.4,44
45,2,Tuesday,6,121.07,126,69.5,56,2.1,1.16,0.93,44
45,2,Tuesday,7,278.73,303,163,141,5.05,2.72,2.35,49
45,2,Tuesday,8,663.88,675,369,295,11.25,6.15,4.92,51
45,2,Tuesday,9,604.29,614,323,290,10.23,5.38,4.83,51
45,2,Tuesday,10,685.61,685,353,335,11.42,5.88,5.58,51
45,2,Tuesday,11,954.9,916,439,479,15.27,7.32,7.98,51
45,2,Tuesday,12,1573.29,1594,736,842,26.57,12.27,14.03,51
45,2,Tuesday,13,1637.65,1615,639,974,26.92,10.65,16.23,51
45,2,Tuesday,14,1365.92,1329,502,823,22.15,8.37,13.72,51
45,2,Tuesday,15,1314.75,1308,508,807,21.8,8.47,13.45,51
45,2,Tuesday,16,1388.22,1385,540,862,23.08,9,14.37,51
45,2,Tuesday,17,1748.75,1762,738,1032,29.37,12.3,17.2,51
45,2,Tuesday,18,1384.18,1363,512,841,22.72,8.53,14.02,51
45,2,Tuesday,19,1172.33,1122,341,755,18.7,5.68,12.58,51
45,2,Tuesday,20,1018.9,953,268,631,15.88,4.47,10.52,51
45,2,Tuesday,21,811.06,751,228,505,12.52,3.8,8.42,51
45,2,Tuesday,22,482.2,411,140,269,6.85,2.33,4.48,51
45,2,Tuesday,23,243.73,218,81,134,3.63,1.35,2.23,51
45,3,Wednesday,0,95.78,90,27,61,1.5,0.45,1.02,45
45,3,Wednesday,1,46.33,46,14,30,0.77,0.23,0.5,45
45,3,Wednesday,2,27.07,27,8,19,0.45,0.13,0.32,45
45,3,Wednesday,3,25.56,23,5,17,0.38,0.08,0.28,45
45,3,Wednesday,4,24.47,24,6,18,0.4,0.1,0.3,45
45,3,Wednesday,5,47.62,47,22,24,0.78,0.37,0.4,45
45,3,Wednesday,6,126.82,123,61,62,2.05,1.02,1.03,45
45,3,Wednesday,7,264.32,275,131.5,139.5,4.58,2.19,2.33,50
45,3,Wednesday,8,629.4,639,297.5,303,10.65,4.96,5.05,52
45,3,Wednesday,9,586.88,580,302,300.5,9.67,5.03,5.01,52
45,3,Wednesday,10,698.23,690.5,344,351,11.51,5.73,5.85,52
45,3,Wednesday,11,1014.23,1009.5,483,530.5,16.82,8.05,8.84,52
45,3,Wednesday,12,1662.94,1676.5,798,874,27.94,13.3,14.57,52
45,3,Wednesday,13,1683.44,1712,708,994.5,28.53,11.8,16.58,52
45,3,Wednesday,14,1399.67,1397.5,551,851.5,23.29,9.18,14.19,52
45,3,Wednesday,15,1393.83,1366,540.5,808,22.77,9.01,13.47,52
45,3,Wednesday,16,1480.77,1463.5,585.5,871.5,24.39,9.76,14.53,52
45,3,Wednesday,17,1767.13,1797,758.5,1014.5,29.95,12.64,16.91,52
45,3,Wednesday,18,1445.54,1393.5,556.5,867.5,23.23,9.28,14.46,52
45,3,Wednesday,19,1223.13,1170.5,366.5,777.5,19.51,6.11,12.96,52
45,3,Wednesday,20,1059.58,972.5,294.5,663.5,16.21,4.91,11.06,52
45,3,Wednesday,21,908.04,825.5,259,558,13.76,4.32,9.3,52
45,3,Wednesday,22,567.42,474.5,173,311,7.91,2.88,5.18,52
45,3,Wednesday,23,288.27,239.5,78,154,3.99,1.3,2.57,52
45,4,Thursday,0,119,87,25,61,1.45,0.42,1.02,47
45,4,Thursday,1,68.02,40,15,25,0.67,0.25,0.42,47
45,4,Thursday,2,42.3,24,9.5,14,0.4,0.16,0.23,46
45,4,Thursday,3,29.49,20,7,13,0.33,0.12,0.22,47
45,4,Thursday,4,19.15,18,6,12,0.3,0.1,0.2,47
45,4,Thursday,5,48.46,47.5,24,25,0.79,0.4,0.42,46
45,4,Thursday,6,123.74,121.5,65.5,59.5,2.02,1.09,0.99,46
45,4,Thursday,7,269.04,279.5,144.5,132,4.66,2.41,2.2,50
45,4,Thursday,8,674.96,680,340.5,318,11.33,5.68,5.3,50
45,4,Thursday,9,626.42,618.5,315.5,301,10.31,5.26,5.02,50
45,4,Thursday,10,730.83,684.5,343.5,352.5,11.41,5.72,5.88,52
45,4,Thursday,11,1007.17,992,473,515,16.53,7.88,8.58,52
45,4,Thursday,12,1651.44,1669,776,876,27.82,12.93,14.6,52
45,4,Thursday,13,1678.08,1673.5,670.5,997.5,27.89,11.18,16.62,52
45,4,Thursday,14,1443.08,1409,553.5,858.5,23.48,9.22,14.31,52
45,4,Thursday,15,1413.77,1441.5,574.5,854,24.02,9.57,14.23,52
45,4,Thursday,16,1492.63,1517.5,602.5,883.5,25.29,10.04,14.72,52
45,4,Thursday,17,1929.33,1878.5,838,1063,31.31,13.97,17.72,52
45,4,Thursday,18,1601.81,1587.5,606,951.5,26.46,10.1,15.86,52
45,4,Thursday,19,1312.31,1263.5,436.5,812,21.06,7.28,13.53,52
45,4,Thursday,20,1196.65,1132,368.5,776,18.87,6.14,12.93,52
45,4,Thursday,21,1045,980,307,669,16.33,5.12,11.15,52
45,4,Thursday,22,684.53,658,232,405,10.97,3.87,6.75,51
45,4,Thursday,23,342.18,327,120,198,5.45,2,3.3,51
45,5,Friday,0,157.3,148.5,47,98,2.48,0.78,1.63,46
45,5,Friday,1,85.65,75.5,24,51,1.26,0.4,0.85,46
45,5,Friday,2,39.61,34.5,13,21.5,0.58,0.22,0.36,46
45,5,Friday,3,33.57,30,11,21.5,0.5,0.18,0.36,46
45,5,Friday,4,27.93,25.5,8,18,0.42,0.13,0.3,46
45,5,Friday,5,49.2,47.5,21.5,27.5,0.79,0.36,0.46,46
45,5,Friday,6,111.93,112,51.5,56,1.87,0.86,0.93,46
45,5,Friday,7,202.12,205,90.5,111,3.42,1.51,1.85,52
45,5,Friday,8,498.04,511,229,251,8.52,3.82,4.18,53
45,5,Friday,9,562.51,565,291,275,9.42,4.85,4.58,53
45,5,Friday,10,719.72,722,343,361,12.03,5.72,6.02,53
45,5,Friday,11,1021.06,1028,505,523,17.13,8.42,8.72,53
45,5,Friday,12,1506.09,1499,709,811,24.98,11.82,13.52,53
45,5,Friday,13,1637.91,1643,664,967,27.38,11.07,16.12,53
45,5,Friday,14,1529.3,1465,568,905,24.42,9.47,15.08,53
45,5,Friday,15,1507.96,1466,587,880,24.43,9.78,14.67,53
45,5,Friday,16,1576.49,1585,668,916,26.42,11.13,15.27,53
45,5,Friday,17,1889.79,1922,859,1060,32.03,14.32,17.67,53
45,5,Friday,18,1753.42,1688,713,991,28.13,11.88,16.52,53
45,5,Friday,19,1647.47,1628,601,971,27.13,10.02,16.18,53
45,5,Friday,20,1534.4,1424,467,954,23.73,7.78,15.9,53
45,5,Friday,21,1428.7,1404,448,932,23.4,7.47,15.53,53
45,5,Friday,22,1184.47,1162,393,739,19.37,6.55,12.32,53
45,5,Friday,23,731.17,722,252,460,12.03,4.2,7.67,53
45,6,Saturday,0,425.6,432,120.5,302,7.2,2.01,5.03,52
45,6,Saturday,1,258.75,258.5,59,187,4.31,0.98,3.12,52
45,6,Saturday,2,153.53,147,34,107,2.45,0.57,1.78,47
45,6,Saturday,3,102.89,89.5,18,71,1.49,0.3,1.18,46
45,6,Saturday,4,59.59,47,12,35.5,0.78,0.2,0.59,46
45,6,Saturday,5,45.43,42,13.5,28.5,0.7,0.22,0.48,46
45,6,Saturday,6,63.83,59,20,36,0.98,0.33,0.6,46
45,6,Saturday,7,114.76,101,38.5,60.5,1.68,0.64,1.01,46
45,6,Saturday,8,234.6,216,98.5,111.5,3.6,1.64,1.86,52
45,6,Saturday,9,445.83,446,212.5,220.5,7.43,3.54,3.67,52
45,6,Saturday,10,733.55,713,352,351,11.88,5.87,5.85,51
45,6,Saturday,11,1200.02,1170,556,569,19.5,9.27,9.48,51
45,6,Saturday,12,1626.29,1581,753,861,26.35,12.55,14.35,51
45,6,Saturday,13,1944.75,1923,815,1129,32.05,13.58,18.82,51
45,6,Saturday,14,2008.2,1985,819,1187,33.08,13.65,19.78,51
45,6,Saturday,15,2098.43,2130,851,1236,35.5,14.18,20.6,51
45,6,Saturday,16,2104.18,2106,891,1210,35.1,14.85,20.17,51
45,6,Saturday,17,2021.51,1973,831,1116,32.88,13.85,18.6,51
45,6,Saturday,18,1879.84,1844,731,1113,30.73,12.18,18.55,51
45,6,Saturday,19,1847.31,1811,656,1138,30.18,10.93,18.97,51
45,6,Saturday,20,1631.2,1544,522,1000,25.73,8.7,16.67,51
45,6,Saturday,21,1456.25,1386,449,932,23.1,7.48,15.53,51
45,6,Saturday,22,1317.59,1276,477,795,21.27,7.95,13.25,51
45,6,Saturday,23,826.47,827,276,503,13.78,4.6,8.38,51
45,7,Sunday,0,493.61,480,138,343,8,2.3,5.72,51
45,7,Sunday,1,340.39,343,79,245,5.72,1.32,4.08,51
45,7,Sunday,2,206.48,207.5,46,159.5,3.46,0.77,2.66,46
45,7,Sunday,3,134.32,130,28,105,2.17,0.47,1.75,47
45,7,Sunday,4,69.98,68,17,51,1.13,0.28,0.85,47
45,7,Sunday,5,80.53,69,26,44,1.15,0.43,0.73,47
45,7,Sunday,6,89.91,77,28,48,1.28,0.47,0.8,47
45,7,Sunday,7,109.28,106.5,39,67,1.77,0.65,1.12,50
45,7,Sunday,8,193.2,187,80,98,3.12,1.33,1.63,51
45,7,Sunday,9,408.43,386,196,186,6.43,3.27,3.1,51
45,7,Sunday,10,709.65,686,373,317,11.43,6.22,5.28,51
45,7,Sunday,11,1103.53,1049,551,500,17.48,9.18,8.33,51
45,7,Sunday,12,1603.65,1583,739,844,26.38,12.32,14.07,51
45,7,Sunday,13,1872.75,1848,765,1114,30.8,12.75,18.57,51
45,7,Sunday,14,1985.61,1942,712,1217,32.37,11.87,20.28,51
45,7,Sunday,15,1865.04,1870,691,1144,31.17,11.52,19.07,51
45,7,Sunday,16,1705.08,1756,681,1013,29.27,11.35,16.88,51
45,7,Sunday,17,1511.39,1421,571,881,23.68,9.52,14.68,51
45,7,Sunday,18,1312,1223,433,758,20.38,7.22,12.63,51
45,7,Sunday,19,1192.84,1107,353,726,18.45,5.88,12.1,51
45,7,Sunday,20,1037.86,959,283,668,15.98,4.72,11.13,51
45,7,Sunday,21,837.25,749,227,509,12.48,3.78,8.48,51
45,7,Sunday,22,471.51,404,121,282,6.73,2.02,4.7,51
45,7,Sunday,23,268.78,224,75,141,3.73,1.25,2.35,51
46,1,Monday,0,1.47,1,1,0,0.02,0.02,0,19
46,1,Monday,1,1.14,1,1,1,0.02,0.02,0.02,7
46,1,Monday,2,1.67,2,1,0,0.03,0.02,0,3
46,1,Monday,3,2,2,2,0,0.03,0.03,0,6
46,1,Monday,4,1.25,1,1,0,0.02,0.02,0,4
46,1,Monday,5,2.28,2.5,2,0,0.04,0.03,0,18
46,1,Monday,6,11.62,11.5,6,5,0.19,0.1,0.08,48
46,1,Monday,7,32.31,33,20,12,0.55,0.33,0.2,52
46,1,Monday,8,126.63,122,84.5,37,2.03,1.41,0.62,52
46,1,Monday,9,121.88,132.5,93,35.5,2.21,1.55,0.59,52
46,1,Monday,10,120,119,73.5,43.5,1.98,1.23,0.72,52
46,1,Monday,11,136.6,138.5,77.5,64.5,2.31,1.29,1.07,52
46,1,Monday,12,232.06,224.5,114,118,3.74,1.9,1.97,52
46,1,Monday,13,244.15,243.5,130.5,113.5,4.06,2.17,1.89,52
46,1,Monday,14,165.63,158,86,71.5,2.63,1.43,1.19,52
46,1,Monday,15,163,163.5,71,83,2.72,1.18,1.38,52
46,1,Monday,16,178.29,163.5,64,110,2.72,1.07,1.83,52
46,1,Monday,17,180.52,162.5,65,97.5,2.71,1.08,1.62,52
46,1,Monday,18,93.33,88.5,36.5,50,1.48,0.61,0.83,52
46,1,Monday,19,60,46,20,25,0.77,0.33,0.42,51
46,1,Monday,20,24.63,11,8.5,3.5,0.18,0.14,0.06,52
46,1,Monday,21,7.06,5,4,1,0.08,0.07,0.02,49
46,1,Monday,22,3.5,3,3,0,0.05,0.05,0,46
46,1,Monday,23,2.11,2,2,0,0.03,0.03,0,38
46,2,Tuesday,0,1.55,1,1,0,0.02,0.02,0,20
46,2,Tuesday,1,1.29,1,1,0,0.02,0.02,0,17
46,2,Tuesday,2,1.08,1,1,0,0.02,0.02,0,12
46,2,Tuesday,3,1.4,1,1,0.5,0.02,0.02,0.01,10
46,2,Tuesday,4,3,3,1,2,0.05,0.02,0.03,1
46,2,Tuesday,5,2.19,2,1.5,0,0.03,0.03,0,16
46,2,Tuesday,6,13.73,13,8,3,0.22,0.13,0.05,49
46,2,Tuesday,7,39.62,39.5,23.5,16,0.66,0.39,0.27,52
46,2,Tuesday,8,150.17,122.5,87,43,2.04,1.45,0.72,52
46,2,Tuesday,9,158.71,153,119,38,2.55,1.98,0.63,52
46,2,Tuesday,10,145.17,124,85,48,2.07,1.42,0.8,52
46,2,Tuesday,11,165.9,162,92,66,2.7,1.53,1.1,52
46,2,Tuesday,12,272.65,256.5,139.5,123,4.28,2.33,2.05,52
46,2,Tuesday,13,280.06,265,143.5,121,4.42,2.39,2.02,52
46,2,Tuesday,14,185.94,169,94,81.5,2.82,1.57,1.36,52
46,2,Tuesday,15,182.48,187.5,87,96.5,3.12,1.45,1.61,52
46,2,Tuesday,16,218.35,190.5,68.5,123.5,3.17,1.14,2.06,52
46,2,Tuesday,17,203.56,182,64.5,128.5,3.03,1.07,2.14,52
46,2,Tuesday,18,107.48,97,37.5,59,1.62,0.62,0.98,52
46,2,Tuesday,19,65.79,52.5,22.5,23.5,0.88,0.38,0.39,52
46,2,Tuesday,20,25.47,11,8,3,0.18,0.13,0.05,51
46,2,Tuesday,21,7.22,5,3,1,0.08,0.05,0.02,51
46,2,Tuesday,22,4.44,3,2,0,0.05,0.03,0,43
46,2,Tuesday,23,2.2,2,1,0,0.03,0.02,0,41
46,3,Wednesday,0,2,2,1,0,0.03,0.02,0,25
46,3,Wednesday,1,2.31,2,1,0,0.03,0.02,0,13
46,3,Wednesday,2,1.64,1,1,0,0.02,0.02,0,11
46,3,Wednesday,3,1,1,1,0,0.02,0.02,0,5
46,3,Wednesday,4,1.62,1.5,1,0.5,0.03,0.02,0.01,8
46,3,Wednesday,5,1.96,1,1,0,0.02,0.02,0,24
46,3,Wednesday,6,14.08,14.5,10,4,0.24,0.17,0.07,50
46,3,Wednesday,7,39.92,39.5,25,14,0.66,0.42,0.23,52
46,3,Wednesday,8,161.33,142,98,41,2.37,1.63,0.68,52
46,3,Wednesday,9,143.08,143,113.5,37,2.38,1.89,0.62,52
46,3,Wednesday,10,143.6,126.5,78.5,48.5,2.11,1.31,0.81,52
46,3,Wednesday,11,168.44,173,98,78.5,2.88,1.63,1.31,52
46,3,Wednesday,12,271.21,276.5,147.5,133,4.61,2.46,2.22,52
46,3,Wednesday,13,303.31,296,157,127.5,4.93,2.62,2.12,52
46,3,Wednesday,14,195.37,194.5,104.5,85,3.24,1.74,1.42,52
46,3,Wednesday,15,179.92,193,86,108,3.22,1.43,1.8,52
46,3,Wednesday,16,208.77,197,70.5,130.5,3.28,1.18,2.17,52
46,3,Wednesday,17,212.31,207.5,72.5,121.5,3.46,1.21,2.02,52
46,3,Wednesday,18,106.94,90,38.5,52,1.5,0.64,0.87,52
46,3,Wednesday,19,67.53,44,18,26,0.73,0.3,0.43,51
46,3,Wednesday,20,26.27,10,8,4,0.17,0.13,0.07,51
46,3,Wednesday,21,6.59,5,3,1,0.08,0.05,0.02,51
46,3,Wednesday,22,3.27,3,2,0,0.05,0.03,0,45
46,3,Wednesday,23,2.08,2,1,0,0.03,0.02,0,40
46,4,Thursday,0,1.95,2,1,0,0.03,0.02,0,19
46,4,Thursday,1,2.11,1,1,0.5,0.02,0.02,0.01,18
46,4,Thursday,2,1.2,1,1,0,0.02,0.02,0,20
46,4,Thursday,3,1,1,1,0,0.02,0.02,0,6
46,4,Thursday,4,1.6,1,1,1,0.02,0.02,0.02,5
46,4,Thursday,5,2.77,1.5,1,1,0.03,0.02,0.02,22
46,4,Thursday,6,12.56,12.5,7.5,3.5,0.21,0.12,0.06,48
46,4,Thursday,7,41.02,41.5,25.5,15.5,0.69,0.42,0.26,52
46,4,Thursday,8,149.1,126,90,39.5,2.1,1.5,0.66,52
46,4,Thursday,9,158.37,152.5,116.5,40.5,2.54,1.94,0.68,52
46,4,Thursday,10,149.83,151,90.5,54.5,2.52,1.51,0.91,52
46,4,Thursday,11,172.52,182,98.5,86,3.03,1.64,1.43,52
46,4,Thursday,12,284.19,269,145,132.5,4.48,2.42,2.21,52
46,4,Thursday,13,296.88,281.5,156.5,133.5,4.69,2.61,2.22,52
46,4,Thursday,14,189.58,186.5,97.5,90.5,3.11,1.62,1.51,52
46,4,Thursday,15,181.08,183,85,98,3.05,1.42,1.63,52
46,4,Thursday,16,211,205,78,133.5,3.42,1.3,2.22,52
46,4,Thursday,17,205.77,204.5,71.5,132,3.41,1.19,2.2,52
46,4,Thursday,18,111.52,102.5,42,58.5,1.71,0.7,0.98,52
46,4,Thursday,19,72.22,54.5,23.5,26.5,0.91,0.39,0.44,50
46,4,Thursday,20,29.15,14.5,9,4.5,0.24,0.15,0.07,52
46,4,Thursday,21,8,6,4,1,0.1,0.07,0.02,52
46,4,Thursday,22,4.43,3,2,0,0.05,0.03,0,51
46,4,Thursday,23,3.72,3,3,0,0.05,0.05,0,40
46,5,Friday,0,2.13,1,1,0,0.02,0.02,0,31
46,5,Friday,1,1.69,1,1,0,0.02,0.02,0,26
46,5,Friday,2,1.42,1,1,0,0.02,0.02,0,19
46,5,Friday,3,1.44,1,1,1,0.02,0.02,0.02,9
46,5,Friday,4,1.11,1,0,1,0.02,0,0.02,9
46,5,Friday,5,2.21,1,1,0.5,0.02,0.02,0.01,24
46,5,Friday,6,13.52,12,8,4,0.2,0.13,0.07,48
46,5,Friday,7,33.02,31,18,13,0.52,0.3,0.22,53
46,5,Friday,8,119.58,112,83,31,1.87,1.38,0.52,53
46,5,Friday,9,129.74,129,81,40,2.15,1.35,0.67,53
46,5,Friday,10,129.08,115,77,46,1.92,1.28,0.77,53
46,5,Friday,11,143.53,133,75,61,2.22,1.25,1.02,53
46,5,Friday,12,219.94,207,96,100,3.45,1.6,1.67,53
46,5,Friday,13,224.98,218,107,99,3.63,1.78,1.65,53
46,5,Friday,14,166.58,153,74,72,2.55,1.23,1.2,53
46,5,Friday,15,148.23,148,67,82,2.47,1.12,1.37,53
46,5,Friday,16,175.04,168,61,110,2.8,1.02,1.83,53
46,5,Friday,17,164.26,172,58,111,2.87,0.97,1.85,53
46,5,Friday,18,81.75,71,33,37,1.18,0.55,0.62,53
46,5,Friday,19,55.77,25,9.5,11.5,0.42,0.16,0.19,52
46,5,Friday,20,21.69,9,7,2,0.15,0.12,0.03,52
46,5,Friday,21,7.27,6,5,1,0.1,0.08,0.02,52
46,5,Friday,22,3.43,3,3,0,0.05,0.05,0,49
46,5,Friday,23,2.4,2,2,0,0.03,0.03,0,45
46,6,Saturday,0,2.04,1.5,1.5,0,0.03,0.03,0,26
46,6,Saturday,1,1.5,1,1,0,0.02,0.02,0,26
46,6,Saturday,2,1.23,1,1,0,0.02,0.02,0,13
46,6,Saturday,3,1.31,1,1,1,0.02,0.02,0.02,13
46,6,Saturday,4,1.17,1,1,0,0.02,0.02,0,6
46,6,Saturday,5,1.57,1,1,1,0.02,0.02,0.02,14
46,6,Saturday,6,5.51,5,2,3,0.08,0.03,0.05,37
46,6,Saturday,7,13.52,12,7.5,5,0.2,0.12,0.08,52
46,6,Saturday,8,27.33,23.5,13,12,0.39,0.22,0.2,52
46,6,Saturday,9,43.81,43,21.5,22,0.72,0.36,0.37,52
46,6,Saturday,10,58.33,54,28,26,0.9,0.47,0.43,52
46,6,Saturday,11,75.33,75,37.5,34.5,1.25,0.62,0.58,52
46,6,Saturday,12,89.12,89,39.5,46,1.48,0.66,0.77,52
46,6,Saturday,13,103.1,105,56.5,47,1.75,0.94,0.78,52
46,6,Saturday,14,100.06,100,51,45,1.67,0.85,0.75,52
46,6,Saturday,15,98.63,92.5,48,48,1.54,0.8,0.8,52
46,6,Saturday,16,99.62,97,43.5,55,1.62,0.72,0.92,52
46,6,Saturday,17,97.58,89.5,40,50.5,1.49,0.67,0.84,52
46,6,Saturday,18,57.29,50,23.5,27.5,0.83,0.39,0.46,52
46,6,Saturday,19,45.29,44,22,15,0.73,0.37,0.25,49
46,6,Saturday,20,20.86,9.5,7.5,2,0.16,0.12,0.03,50
46,6,Saturday,21,5.51,5,4,1,0.08,0.07,0.02,49
46,6,Saturday,22,3.41,3,3,0,0.05,0.05,0,46
46,6,Saturday,23,2.49,2,2,0,0.03,0.03,0,37
46,7,Sunday,0,1.97,2,1.5,0,0.03,0.03,0,32
46,7,Sunday,1,1.91,1,1,0,0.02,0.02,0,23
46,7,Sunday,2,1.87,2,1,0,0.03,0.02,0,15
46,7,Sunday,3,1.57,1,1,0,0.02,0.02,0,7
46,7,Sunday,4,1.5,1,1,0,0.02,0.02,0,4
46,7,Sunday,5,1.86,1,1,1,0.02,0.02,0.02,14
46,7,Sunday,6,5.14,5,2,2,0.08,0.03,0.03,37
46,7,Sunday,7,8.44,8.5,4,4,0.14,0.07,0.07,52
46,7,Sunday,8,20.25,19.5,8,10,0.32,0.13,0.17,52
46,7,Sunday,9,39.25,37,17.5,19,0.62,0.29,0.32,52
46,7,Sunday,10,57.15,54,29,26,0.9,0.48,0.43,52
46,7,Sunday,11,72.87,67.5,30.5,34.5,1.12,0.51,0.58,52
46,7,Sunday,12,89.63,84,40.5,40.5,1.4,0.68,0.68,52
46,7,Sunday,13,97.69,92,49,43,1.53,0.82,0.72,52
46,7,Sunday,14,100.6,99.5,52.5,44,1.66,0.88,0.73,52
46,7,Sunday,15,94.21,85,43.5,44.5,1.42,0.72,0.74,52
46,7,Sunday,16,100.21,96.5,44,54.5,1.61,0.73,0.91,52
46,7,Sunday,17,90.13,79,38.5,43,1.32,0.64,0.72,52
46,7,Sunday,18,55.61,53,24,25,0.88,0.4,0.42,51
46,7,Sunday,19,37.3,27.5,12,14,0.46,0.2,0.23,50
46,7,Sunday,20,20.74,8,7,2,0.13,0.12,0.03,47
46,7,Sunday,21,4.37,4,3,0,0.07,0.05,0,49
46,7,Sunday,22,3.05,3,2,0,0.05,0.03,0,39
46,7,Sunday,23,2.5,2,2,0,0.03,0.03,0,38
47,1,Monday,0,128.15,113,68.5,52,1.88,1.14,0.87,52
47,1,Monday,1,70.98,62,34,28.5,1.03,0.57,0.48,52
47,1,Monday,2,44.02,39.5,20,17.5,0.66,0.33,0.29,52
47,1,Monday,3,27.5,25,13,13,0.42,0.22,0.22,52
47,1,Monday,4,24.85,23,8,15,0.38,0.13,0.25,52
47,1,Monday,5,52.54,52,10,43,0.87,0.17,0.72,52
47,1,Monday,6,133.29,132,26,107.5,2.2,0.43,1.79,52
47,1,Monday,7,295.06,313,88,225.5,5.22,1.47,3.76,52
47,1,Monday,8,653.33,695.5,178,503.5,11.59,2.97,8.39,52
47,1,Monday,9,664.02,664,213,458.5,11.07,3.55,7.64,52
47,1,Monday,10,809.62,814.5,332.5,467.5,13.57,5.54,7.79,52
47,1,Monday,11,1119.1,1084.5,486,596.5,18.08,8.1,9.94,52
47,1,Monday,12,1592.52,1587,720,860,26.45,12,14.33,52
47,1,Monday,13,1782.71,1728,809.5,937,28.8,13.49,15.62,52
47,1,Monday,14,1623.46,1572.5,772.5,802,26.21,12.88,13.37,52
47,1,Monday,15,1619.87,1607.5,811.5,793,26.79,13.53,13.22,52
47,1,Monday,16,1698.81,1721,906.5,798.5,28.68,15.11,13.31,52
47,1,Monday,17,1894.15,1911,1121.5,802,31.85,18.69,13.37,52
47,1,Monday,18,1439.31,1423.5,792.5,657,23.73,13.21,10.95,52
47,1,Monday,19,1092.46,1088,586.5,490.5,18.13,9.78,8.18,52
47,1,Monday,20,811.35,799.5,435.5,367,13.32,7.26,6.12,52
47,1,Monday,21,567.52,549.5,317,233,9.16,5.28,3.88,52
47,1,Monday,22,349.83,331.5,187.5,144,5.53,3.12,2.4,52
47,1,Monday,23,191.23,184,102.5,82,3.07,1.71,1.37,52
47,2,Tuesday,0,102.71,96.5,50.5,43.5,1.61,0.84,0.72,52
47,2,Tuesday,1,59.48,59.5,31,27.5,0.99,0.52,0.46,52
47,2,Tuesday,2,36.21,34,15,18.5,0.57,0.25,0.31,52
47,2,Tuesday,3,21.75,21,9,12,0.35,0.15,0.2,52
47,2,Tuesday,4,21.6,21,8,12.5,0.35,0.13,0.21,52
47,2,Tuesday,5,53.08,53,10,43,0.88,0.17,0.72,52
47,2,Tuesday,6,155.25,146,28.5,121,2.43,0.48,2.02,52
47,2,Tuesday,7,366.21,364.5,100,263.5,6.08,1.67,4.39,52
47,2,Tuesday,8,845.19,841,218,631.5,14.02,3.63,10.53,52
47,2,Tuesday,9,757.79,735.5,227.5,506,12.26,3.79,8.43,52
47,2,Tuesday,10,833.92,824.5,346,478.5,13.74,5.77,7.97,52
47,2,Tuesday,11,1095.44,1075,491,599.5,17.92,8.18,9.99,52
47,2,Tuesday,12,1681.52,1686.5,775.5,928,28.11,12.93,15.47,52
47,2,Tuesday,13,1811.6,1863.5,862,997,31.06,14.37,16.62,52
47,2,Tuesday,14,1575.71,1578,745,833.5,26.3,12.42,13.89,52
47,2,Tuesday,15,1675.6,1644,825,828.5,27.4,13.75,13.81,52
47,2,Tuesday,16,1797.46,1790.5,977.5,826,29.84,16.29,13.77,52
47,2,Tuesday,17,2133.87,2207,1291,900.5,36.78,21.52,15.01,52
47,2,Tuesday,18,1575.25,1557,872.5,699,25.95,14.54,11.65,52
47,2,Tuesday,19,1171.9,1133,613,516.5,18.88,10.22,8.61,52
47,2,Tuesday,20,884.02,886.5,460.5,413,14.78,7.68,6.88,52
47,2,Tuesday,21,633.9,640.5,353.5,268.5,10.68,5.89,4.47,52
47,2,Tuesday,22,386.44,369.5,204,158.5,6.16,3.4,2.64,52
47,2,Tuesday,23,218.31,210.5,118.5,93,3.51,1.98,1.55,52
47,3,Wednesday,0,111.15,107,60,48.5,1.78,1,0.81,52
47,3,Wednesday,1,62.19,59,34,25,0.98,0.57,0.42,52
47,3,Wednesday,2,32.38,33,15,16,0.55,0.25,0.27,52
47,3,Wednesday,3,22.88,21,9,11,0.35,0.15,0.18,52
47,3,Wednesday,4,22.71,22.5,8,14,0.38,0.13,0.23,52
47,3,Wednesday,5,57,57.5,11,45.5,0.96,0.18,0.76,52
47,3,Wednesday,6,154.96,150.5,32,117,2.51,0.53,1.95,52
47,3,Wednesday,7,379.6,374.5,104.5,271.5,6.24,1.74,4.53,52
47,3,Wednesday,8,808.83,830,207,617,13.83,3.45,10.28,52
47,3,Wednesday,9,746.21,744.5,234.5,511,12.41,3.91,8.52,52
47,3,Wednesday,10,814.92,808.5,335.5,487.5,13.47,5.59,8.12,52
47,3,Wednesday,11,1132.81,1149,502.5,647,19.15,8.38,10.78,52
47,3,Wednesday,12,1672.17,1689.5,777.5,934.5,28.16,12.96,15.57,52
47,3,Wednesday,13,1806.65,1798.5,818.5,1006.5,29.98,13.64,16.77,52
47,3,Wednesday,14,1617.29,1635.5,787.5,850.5,27.26,13.12,14.18,52
47,3,Wednesday,15,1676.79,1684,845,809.5,28.07,14.08,13.49,52
47,3,Wednesday,16,1832.6,1811,956,849.5,30.18,15.93,14.16,52
47,3,Wednesday,17,2147.87,2188.5,1253.5,914.5,36.48,20.89,15.24,52
47,3,Wednesday,18,1655.12,1660.5,908,757,27.68,15.13,12.62,52
47,3,Wednesday,19,1235.75,1185,611.5,574,19.75,10.19,9.57,52
47,3,Wednesday,20,955.13,934.5,496,446.5,15.57,8.27,7.44,52
47,3,Wednesday,21,712.92,676.5,371.5,310.5,11.28,6.19,5.18,52
47,3,Wednesday,22,470.98,409,226,192,6.82,3.77,3.2,51
47,3,Wednesday,23,266.67,229.5,123,100,3.83,2.05,1.67,52
47,4,Thursday,0,161.98,113,62,52,1.88,1.03,0.87,51
47,4,Thursday,1,88.82,64,36,27,1.07,0.6,0.45,51
47,4,Thursday,2,49.92,38,19,17,0.63,0.32,0.28,51
47,4,Thursday,3,30.57,22,11,11,0.37,0.18,0.18,51
47,4,Thursday,4,25.08,19,7,13,0.32,0.12,0.22,51
47,4,Thursday,5,59.2,55,12,46,0.92,0.2,0.77,51
47,4,Thursday,6,140.57,133,29,111,2.22,0.48,1.85,51
47,4,Thursday,7,361.88,371.5,101.5,267.5,6.19,1.69,4.46,52
47,4,Thursday,8,817.98,864.5,220.5,645,14.41,3.67,10.75,52
47,4,Thursday,9,773.19,802,258,527.5,13.37,4.3,8.79,52
47,4,Thursday,10,863.27,868.5,364.5,499.5,14.47,6.08,8.32,52
47,4,Thursday,11,1164.02,1180.5,524,662.5,19.68,8.73,11.04,52
47,4,Thursday,12,1749.55,1800,827,967,30,13.78,16.12,51
47,4,Thursday,13,1864.44,1944.5,891.5,1051.5,32.41,14.86,17.52,52
47,4,Thursday,14,1657.96,1711.5,791,896,28.52,13.18,14.93,52
47,4,Thursday,15,1700.25,1726.5,846,875,28.77,14.1,14.58,52
47,4,Thursday,16,1851.63,1906.5,994.5,918,31.77,16.58,15.3,52
47,4,Thursday,17,2260.9,2331.5,1311,1012,38.86,21.85,16.87,52
47,4,Thursday,18,1755.31,1752,956,817.5,29.2,15.93,13.62,52
47,4,Thursday,19,1360.98,1337,707.5,652.5,22.28,11.79,10.88,52
47,4,Thursday,20,1135.33,1105.5,598,526.5,18.42,9.97,8.78,52
47,4,Thursday,21,869.73,871,530.5,356.5,14.52,8.84,5.94,52
47,4,Thursday,22,528.98,521.5,278.5,219,8.69,4.64,3.65,52
47,4,Thursday,23,306.5,282,155,137,4.7,2.58,2.28,52
47,5,Friday,0,158,155,83,72,2.58,1.38,1.2,53
47,5,Friday,1,90.02,85,48,37,1.42,0.8,0.62,53
47,5,Friday,2,51.47,49,28,19,0.82,0.47,0.32,53
47,5,Friday,3,35.77,32,21,14,0.53,0.35,0.23,53
47,5,Friday,4,29.21,28,13,15,0.47,0.22,0.25,53
47,5,Friday,5,54.7,53,11,43,0.88,0.18,0.72,53
47,5,Friday,6,135.83,132,28,102,2.2,0.47,1.7,53
47,5,Friday,7,263.13,268,84,185,4.47,1.4,3.08,53
47,5,Friday,8,618.58,615,172,445,10.25,2.87,7.42,53
47,5,Friday,9,713.74,748,252,465,12.47,4.2,7.75,53
47,5,Friday,10,910.85,908,391,520,15.13,6.52,8.67,53
47,5,Friday,11,1220.57,1275,574,692,21.25,9.57,11.53,53
47,5,Friday,12,1614.47,1688,759,918,28.13,12.65,15.3,53
47,5,Friday,13,1819.45,1885,864,1020,31.42,14.4,17,53
47,5,Friday,14,1766.79,1789,840,949,29.82,14,15.82,53
47,5,Friday,15,1916.23,1906,915,967,31.77,15.25,16.12,53
47,5,Friday,16,1983.34,1949,979,979,32.48,16.32,16.32,53
47,5,Friday,17,2152.94,2195,1181,1001,36.58,19.68,16.68,53
47,5,Friday,18,1860.91,1828,921,897,30.47,15.35,14.95,53
47,5,Friday,19,1587.04,1555,785,775,25.92,13.08,12.92,53
47,5,Friday,20,1423.68,1426,739,671,23.77,12.32,11.18,53
47,5,Friday,21,1141.13,1117,631,508,18.62,10.52,8.47,53
47,5,Friday,22,817.42,807,454,351,13.45,7.57,5.85,53
47,5,Friday,23,548.7,516,286,244,8.6,4.77,4.07,53
47,6,Saturday,0,325.69,321,155,165.5,5.35,2.58,2.76,52
47,6,Saturday,1,204.02,206,95.5,105,3.43,1.59,1.75,52
47,6,Saturday,2,129.62,129,67.5,58.5,2.15,1.12,0.98,52
47,6,Saturday,3,82,76,38,38,1.27,0.63,0.63,52
47,6,Saturday,4,48.29,47,21,24.5,0.78,0.35,0.41,52
47,6,Saturday,5,41.63,42,14,27,0.7,0.23,0.45,52
47,6,Saturday,6,66.88,66,20,45,1.1,0.33,0.75,52
47,6,Saturday,7,135.42,128.5,46.5,84.5,2.14,0.78,1.41,52
47,6,Saturday,8,283.75,269,103.5,172,4.48,1.73,2.87,52
47,6,Saturday,9,600.48,594.5,235,359,9.91,3.92,5.98,52
47,6,Saturday,10,1014.56,1037.5,451,588.5,17.29,7.52,9.81,52
47,6,Saturday,11,1518.6,1572,694.5,867.5,26.2,11.57,14.46,52
47,6,Saturday,12,1916.85,1962.5,863,1068.5,32.71,14.38,17.81,52
47,6,Saturday,13,2281.5,2346.5,1034,1311,39.11,17.23,21.85,52
47,6,Saturday,14,2443.6,2512,1124.5,1364.5,41.87,18.74,22.74,52
47,6,Saturday,15,2446.79,2496,1143.5,1355,41.6,19.06,22.58,52
47,6,Saturday,16,2338.23,2437,1149.5,1269,40.62,19.16,21.15,52
47,6,Saturday,17,2146.69,2181,1099.5,1050.5,36.35,18.32,17.51,52
47,6,Saturday,18,1869.52,1898.5,941,953.5,31.64,15.68,15.89,52
47,6,Saturday,19,1715.98,1766,867,876.5,29.43,14.45,14.61,52
47,6,Saturday,20,1357.13,1413,712,682.5,23.55,11.87,11.38,52
47,6,Saturday,21,1068.77,1063.5,602.5,462.5,17.73,10.04,7.71,52
47,6,Saturday,22,797.17,790.5,431.5,359.5,13.18,7.19,5.99,52
47,6,Saturday,23,602.02,593,306,286,9.88,5.1,4.77,52
47,7,Sunday,0,382.9,383.5,183.5,202.5,6.39,3.06,3.38,52
47,7,Sunday,1,263.5,267.5,115.5,153.5,4.46,1.93,2.56,52
47,7,Sunday,2,167.67,165,80,85,2.75,1.33,1.42,51
47,7,Sunday,3,107.17,109.5,58.5,50,1.82,0.98,0.83,52
47,7,Sunday,4,63.37,63,30,29,1.05,0.5,0.48,52
47,7,Sunday,5,61.62,56.5,22,36,0.94,0.37,0.6,52
47,7,Sunday,6,97.83,91,28.5,63,1.52,0.48,1.05,52
47,7,Sunday,7,146,145.5,61.5,82,2.42,1.02,1.37,52
47,7,Sunday,8,263.44,253.5,90.5,161,4.22,1.51,2.68,52
47,7,Sunday,9,602.65,603.5,269,332,10.06,4.48,5.53,52
47,7,Sunday,10,996.44,989,440.5,541,16.48,7.34,9.02,52
47,7,Sunday,11,1361.98,1375.5,631,723,22.92,10.52,12.05,52
47,7,Sunday,12,1759.17,1751.5,800.5,953,29.19,13.34,15.88,52
47,7,Sunday,13,2053.38,2046,889.5,1145.5,34.1,14.82,19.09,52
47,7,Sunday,14,2200.15,2188,980,1215,36.47,16.33,20.25,52
47,7,Sunday,15,2123.6,2142,963.5,1161.5,35.7,16.06,19.36,52
47,7,Sunday,16,1998.37,2068,1043,1018,34.47,17.38,16.97,52
47,7,Sunday,17,1745.02,1763.5,902,836.5,29.39,15.03,13.94,52
47,7,Sunday,18,1427.4,1438,750,682.5,23.97,12.5,11.38,52
47,7,Sunday,19,1201.85,1212.5,607,597.5,20.21,10.12,9.96,52
47,7,Sunday,20,879.63,879,472.5,404,14.65,7.88,6.73,52
47,7,Sunday,21,625.48,580,337.5,251.5,9.67,5.62,4.19,52
47,7,Sunday,22,401.5,378.5,218,163,6.31,3.63,2.72,52
47,7,Sunday,23,247.38,229.5,123,101,3.83,2.05,1.68,52
48,1,Monday,0,16.6,20,5,14,0.33,0.08,0.23,5
48,1,Monday,1,15.25,14.5,5,8.5,0.24,0.08,0.14,4
48,1,Monday,2,5.5,4.5,0.5,4,0.07,0.01,0.07,4
48,1,Monday,3,3.5,3.5,1.5,2,0.06,0.03,0.03,4
48,1,Monday,4,10.5,10,6.5,3.5,0.17,0.11,0.06,4
48,1,Monday,5,18.27,15.5,9,6.5,0.26,0.15,0.11,22
48,1,Monday,6,41.13,39,18,18,0.65,0.3,0.3,30
48,1,Monday,7,97.84,88,53,35,1.47,0.88,0.58,31
48,1,Monday,8,209.74,193,128,64,3.22,2.13,1.07,31
48,1,Monday,9,215.19,207,130,74,3.45,2.17,1.23,31
48,1,Monday,10,280.32,263,163,109,4.38,2.72,1.82,31
48,1,Monday,11,301,304,180,124,5.07,3,2.07,32
48,1,Monday,12,367.25,364,200,163.5,6.07,3.33,2.72,32
48,1,Monday,13,344.88,339.5,182,151,5.66,3.03,2.52,32
48,1,Monday,14,303.88,291.5,159.5,130.5,4.86,2.66,2.17,32
48,1,Monday,15,264.81,253.5,132,123.5,4.22,2.2,2.06,32
48,1,Monday,16,255.53,239,116,123,3.98,1.93,2.05,32
48,1,Monday,17,279.22,262,120,141.5,4.37,2,2.36,32
48,1,Monday,18,235.34,230,110,121.5,3.83,1.83,2.02,32
48,1,Monday,19,192.44,173,76,95.5,2.88,1.27,1.59,32
48,1,Monday,20,142.23,145,60,79,2.42,1,1.32,31
48,1,Monday,21,115.19,107,36,69,1.78,0.6,1.15,31
48,1,Monday,22,72.97,74,27,42,1.23,0.45,0.7,31
48,1,Monday,23,48.5,46.5,16,29.5,0.78,0.27,0.49,20
48,2,Tuesday,0,26.61,29,9.5,17,0.48,0.16,0.28,18
48,2,Tuesday,1,12.94,10,5,6,0.17,0.08,0.1,17
48,2,Tuesday,2,7.59,8,2,4,0.13,0.03,0.07,17
48,2,Tuesday,3,7.35,7,2,4,0.12,0.03,0.07,17
48,2,Tuesday,4,10.22,10,5,5,0.17,0.08,0.08,18
48,2,Tuesday,5,18.83,18,10,7,0.3,0.17,0.12,23
48,2,Tuesday,6,68.84,66,30,34.5,1.1,0.5,0.58,50
48,2,Tuesday,7,139.53,131,71,54,2.18,1.18,0.9,51
48,2,Tuesday,8,290.88,273,160,103,4.55,2.67,1.72,51
48,2,Tuesday,9,335.18,320,182,136,5.33,3.03,2.27,51
48,2,Tuesday,10,428.34,417.5,232.5,180,6.96,3.88,3,50
48,2,Tuesday,11,533.04,523.5,300.5,218.5,8.72,5.01,3.64,50
48,2,Tuesday,12,674.44,662,381,286,11.03,6.35,4.77,50
48,2,Tuesday,13,672.18,660.5,400.5,263.5,11.01,6.68,4.39,50
48,2,Tuesday,14,584.98,586,388,200,9.77,6.47,3.33,51
48,2,Tuesday,15,481.14,478,307,167,7.97,5.12,2.78,51
48,2,Tuesday,16,314.69,291,150,139,4.85,2.5,2.32,51
48,2,Tuesday,17,327.12,309,133,176,5.15,2.22,2.93,51
48,2,Tuesday,18,280.33,265,116,147,4.42,1.93,2.45,51
48,2,Tuesday,19,236.57,216,96,124,3.6,1.6,2.07,51
48,2,Tuesday,20,180.43,164,78,92,2.73,1.3,1.53,51
48,2,Tuesday,21,142.16,136,58,74,2.27,0.97,1.23,51
48,2,Tuesday,22,87.55,87,35,50.5,1.45,0.58,0.84,42
48,2,Tuesday,23,37.94,34,12,21.5,0.57,0.2,0.36,32
48,3,Wednesday,0,21.67,23,10.5,12.5,0.38,0.17,0.21,6
48,3,Wednesday,1,9.4,10,2,6,0.17,0.03,0.1,5
48,3,Wednesday,2,7,8,3,4,0.13,0.05,0.07,5
48,3,Wednesday,3,5.2,5,3,2,0.08,0.05,0.03,5
48,3,Wednesday,4,8.17,9,6,3,0.15,0.1,0.05,6
48,3,Wednesday,5,21.08,16,9,6,0.27,0.15,0.1,25
48,3,Wednesday,6,56.66,48,25,23,0.8,0.42,0.38,41
48,3,Wednesday,7,131.5,114.5,69,42,1.91,1.15,0.7,42
48,3,Wednesday,8,254.1,224.5,150,78,3.74,2.5,1.3,42
48,3,Wednesday,9,258.98,231.5,150.5,86.5,3.86,2.51,1.44,42
48,3,Wednesday,10,310.85,284,166,122,4.73,2.77,2.03,41
48,3,Wednesday,11,367.9,338,192,144,5.63,3.2,2.4,41
48,3,Wednesday,12,440.34,414,224,200.5,6.9,3.73,3.34,50
48,3,Wednesday,13,437.67,407,216,185,6.78,3.6,3.08,51
48,3,Wednesday,14,372.22,345,192,150,5.75,3.2,2.5,51
48,3,Wednesday,15,334.16,312,163,154,5.2,2.72,2.57,51
48,3,Wednesday,16,396.98,408,153,235,6.8,2.55,3.92,51
48,3,Wednesday,17,682.98,712,164,502,11.87,2.73,8.37,51
48,3,Wednesday,18,767.57,740,213,540,12.33,3.55,9,51
48,3,Wednesday,19,685.14,579,205,378,9.65,3.42,6.3,51
48,3,Wednesday,20,502.29,470,178,241,7.83,2.97,4.02,51
48,3,Wednesday,21,307.43,272,146,128,4.53,2.43,2.13,51
48,3,Wednesday,22,147.46,138,69,70,2.3,1.15,1.17,41
48,3,Wednesday,23,42.74,44,18,23,0.73,0.3,0.38,31
48,4,Thursday,0,27.6,29,18,11,0.48,0.3,0.18,5
48,4,Thursday,1,14.25,11.5,4,9,0.19,0.07,0.15,4
48,4,Thursday,2,5.5,6,2,3,0.1,0.03,0.05,4
48,4,Thursday,3,4.67,4,4,1,0.07,0.07,0.02,3
48,4,Thursday,4,9.25,8.5,5.5,3,0.14,0.09,0.05,4
48,4,Thursday,5,18.58,17.5,8.5,8.5,0.29,0.14,0.14,24
48,4,Thursday,6,67.47,65,29,34,1.08,0.48,0.57,51
48,4,Thursday,7,133.35,127,69,58,2.12,1.15,0.97,51
48,4,Thursday,8,270.62,260.5,156.5,103.5,4.34,2.61,1.73,52
48,4,Thursday,9,298.96,296,165.5,131,4.93,2.76,2.18,52
48,4,Thursday,10,412.17,413,230.5,179,6.88,3.84,2.98,52
48,4,Thursday,11,505.13,508.5,294.5,214,8.47,4.91,3.57,52
48,4,Thursday,12,627.88,644.5,370.5,267,10.74,6.18,4.45,52
48,4,Thursday,13,643.15,653,397.5,256.5,10.88,6.62,4.28,52
48,4,Thursday,14,570,579.5,372,201.5,9.66,6.2,3.36,52
48,4,Thursday,15,487.06,491.5,324,169.5,8.19,5.4,2.83,52
48,4,Thursday,16,328.04,306.5,166,142.5,5.11,2.77,2.38,52
48,4,Thursday,17,343.17,326,143.5,181,5.43,2.39,3.02,52
48,4,Thursday,18,313.81,297,131,165,4.95,2.18,2.75,52
48,4,Thursday,19,248.79,231,107.5,122,3.85,1.79,2.03,52
48,4,Thursday,20,207.62,188,87,103,3.13,1.45,1.72,52
48,4,Thursday,21,165,158.5,63,89,2.64,1.05,1.48,52
48,4,Thursday,22,120.15,119,46,69,1.98,0.77,1.15,41
48,4,Thursday,23,45.87,49,17,31,0.82,0.28,0.52,31
48,5,Friday,0,31.33,30.5,12,18.5,0.51,0.2,0.31,6
48,5,Friday,1,20.33,17,8.5,10,0.28,0.14,0.17,6
48,5,Friday,2,10,8.5,4,5.5,0.14,0.07,0.09,6
48,5,Friday,3,5.33,5,2,3.5,0.08,0.03,0.06,6
48,5,Friday,4,9,9,4.5,5,0.15,0.07,0.08,6
48,5,Friday,5,18.38,19,9.5,8,0.32,0.16,0.13,26
48,5,Friday,6,61.47,60,25,35,1,0.42,0.58,53
48,5,Friday,7,122.75,121,62,59,2.02,1.03,0.98,53
48,5,Friday,8,257.91,240,141,104,4,2.35,1.73,53
48,5,Friday,9,318.91,306,173,140,5.1,2.88,2.33,53
48,5,Friday,10,423.47,429,233,187,7.15,3.88,3.12,53
48,5,Friday,11,523.72,522,288,227,8.7,4.8,3.78,53
48,5,Friday,12,642.57,649,367,284,10.82,6.12,4.73,53
48,5,Friday,13,654.55,664,404,259,11.07,6.73,4.32,53
48,5,Friday,14,592.34,602,383,220,10.03,6.38,3.67,53
48,5,Friday,15,527.72,543,356,184,9.05,5.93,3.07,53
48,5,Friday,16,355.64,345,180,165,5.75,3,2.75,53
48,5,Friday,17,337.47,322,157,171,5.37,2.62,2.85,53
48,5,Friday,18,335.37,318,155,165.5,5.3,2.58,2.76,52
48,5,Friday,19,299.9,277.5,140.5,140.5,4.62,2.34,2.34,52
48,5,Friday,20,256.34,231,112,123,3.85,1.87,2.05,53
48,5,Friday,21,224.53,204,89,116,3.4,1.48,1.93,53
48,5,Friday,22,165.52,160.5,66.5,97,2.67,1.11,1.62,52
48,5,Friday,23,53.77,58.5,25,30,0.98,0.42,0.5,48
48,6,Saturday,0,46,46,18.5,24,0.77,0.31,0.4,4
48,6,Saturday,1,31.75,32.5,10.5,23,0.54,0.17,0.38,4
48,6,Saturday,2,20.75,17,12.5,4.5,0.28,0.21,0.07,4
48,6,Saturday,3,17.25,13.5,7.5,6,0.22,0.12,0.1,4
48,6,Saturday,4,9.25,9,2.5,6.5,0.15,0.04,0.11,4
48,6,Saturday,5,22.09,22,9,12,0.37,0.15,0.2,23
48,6,Saturday,6,60.37,59,26,35,0.98,0.43,0.58,51
48,6,Saturday,7,111.96,109,53,56,1.82,0.88,0.93,51
48,6,Saturday,8,214.88,210,101,107,3.5,1.68,1.78,51
48,6,Saturday,9,423.82,424,216,207,7.07,3.6,3.45,51
48,6,Saturday,10,653.27,659,350,309,10.98,5.83,5.15,51
48,6,Saturday,11,841.31,849,490,362,14.15,8.17,6.03,51
48,6,Saturday,12,945.55,927,541,384,15.45,9.02,6.4,51
48,6,Saturday,13,937.57,947,559,377,15.78,9.32,6.28,51
48,6,Saturday,14,888.73,892,545,352,14.87,9.08,5.87,51
48,6,Saturday,15,788.37,793,508,278,13.22,8.47,4.63,51
48,6,Saturday,16,540.2,549,349,190,9.15,5.82,3.17,51
48,6,Saturday,17,350.47,345,174,172,5.75,2.9,2.87,51
48,6,Saturday,18,330.88,318,153,169,5.3,2.55,2.82,51
48,6,Saturday,19,301.51,291,133,152,4.85,2.22,2.53,51
48,6,Saturday,20,255.06,235,106,129,3.92,1.77,2.15,51
48,6,Saturday,21,206.92,197,87,112,3.28,1.45,1.87,51
48,6,Saturday,22,143.86,147,59,85,2.45,0.98,1.42,51
48,6,Saturday,23,55.56,55,24,35,0.92,0.4,0.58,43
48,7,Sunday,0,50.75,51.5,20.5,31,0.86,0.34,0.52,4
48,7,Sunday,1,32.75,34,12,19.5,0.57,0.2,0.32,4
48,7,Sunday,2,19.75,19,8,11,0.32,0.13,0.18,4
48,7,Sunday,3,18.5,19.5,6.5,12,0.32,0.11,0.2,4
48,7,Sunday,4,17.2,16,9,9,0.27,0.15,0.15,5
48,7,Sunday,5,22.09,21,10,12,0.35,0.17,0.2,23
48,7,Sunday,6,44.08,43,21,23,0.72,0.35,0.38,50
48,7,Sunday,7,77.06,77,39,36,1.28,0.65,0.6,51
48,7,Sunday,8,175.45,171,86,86,2.85,1.43,1.43,51
48,7,Sunday,9,396.33,395,194,199,6.58,3.23,3.32,51
48,7,Sunday,10,658.61,648,338,300,10.8,5.63,5,51
48,7,Sunday,11,881.12,879,492,381,14.65,8.2,6.35,51
48,7,Sunday,12,993.25,975,559,423,16.25,9.32,7.05,51
48,7,Sunday,13,1028.1,1017,627,406,16.95,10.45,6.77,51
48,7,Sunday,14,966.84,957,611,368,15.95,10.18,6.13,51
48,7,Sunday,15,892.08,898,596,303,14.97,9.93,5.05,51
48,7,Sunday,16,599.9,586,404,190,9.77,6.73,3.17,51
48,7,Sunday,17,280.71,284,154,133,4.73,2.57,2.22,51
48,7,Sunday,18,230.75,230,112,114.5,3.83,1.87,1.91,40
48,7,Sunday,19,99.97,17,9,11,0.28,0.15,0.18,39
48,7,Sunday,20,159.94,165,76,88,2.75,1.27,1.47,17
48,7,Sunday,21,140.41,139,53,80,2.32,0.88,1.33,17
48,7,Sunday,22,64.13,66,26,41,1.1,0.43,0.68,15
48,7,Sunday,23,23.38,27.5,9,17.5,0.46,0.15,0.29,8
49,1,Monday,0,93.06,90,46,43,1.5,0.77,0.72,51
49,1,Monday,1,70.51,71,37,33,1.18,0.62,0.55,51
49,1,Monday,2,49.59,48,24,24,0.8,0.4,0.4,51
49,1,Monday,3,40.08,37.5,19,18.5,0.62,0.32,0.31,52
49,1,Monday,4,29.9,27.5,16,12,0.46,0.27,0.2,52
49,1,Monday,5,31.31,31,16,14.5,0.52,0.27,0.24,52
49,1,Monday,6,57.15,53.5,27.5,26.5,0.89,0.46,0.44,52
49,1,Monday,7,101.87,100.5,43,58.5,1.68,0.72,0.98,52
49,1,Monday,8,213.69,210,85.5,126,3.5,1.43,2.1,52
49,1,Monday,9,245.48,250.5,111.5,137,4.18,1.86,2.28,52
49,1,Monday,10,380.9,390.5,172.5,219,6.51,2.88,3.65,52
49,1,Monday,11,451.38,465,200.5,259,7.75,3.34,4.32,52
49,1,Monday,12,571.15,577.5,271,315,9.62,4.52,5.25,52
49,1,Monday,13,561.1,563.5,252,313.5,9.39,4.2,5.22,52
49,1,Monday,14,472.46,468,225,248,7.8,3.75,4.13,52
49,1,Monday,15,453.4,466,217,242,7.77,3.62,4.03,52
49,1,Monday,16,386.98,403,193,202,6.72,3.22,3.37,52
49,1,Monday,17,417.38,416,215.5,200,6.93,3.59,3.33,52
49,1,Monday,18,431.79,441,222,214,7.35,3.7,3.57,52
49,1,Monday,19,349.77,356.5,194,161.5,5.94,3.23,2.69,52
49,1,Monday,20,293.29,300.5,160.5,135,5.01,2.67,2.25,52
49,1,Monday,21,238.04,251,133.5,109,4.18,2.22,1.82,52
49,1,Monday,22,175.02,185,101.5,77.5,3.08,1.69,1.29,52
49,1,Monday,23,127.23,129.5,73,56.5,2.16,1.22,0.94,52
49,2,Tuesday,0,92.75,92,48,43,1.53,0.8,0.72,52
49,2,Tuesday,1,68.19,69,36.5,31,1.15,0.61,0.52,52
49,2,Tuesday,2,51.62,53,27,26,0.88,0.45,0.43,52
49,2,Tuesday,3,41.44,39.5,19.5,19,0.66,0.32,0.32,52
49,2,Tuesday,4,32,33,17,14,0.55,0.28,0.23,52
49,2,Tuesday,5,38.33,38.5,20.5,17,0.64,0.34,0.28,52
49,2,Tuesday,6,80.15,82,44,37,1.37,0.73,0.62,52
49,2,Tuesday,7,136.9,137.5,64,78,2.29,1.07,1.3,52
49,2,Tuesday,8,292,298,122,175,4.97,2.03,2.92,51
49,2,Tuesday,9,383.42,383.5,173,209,6.39,2.88,3.48,52
49,2,Tuesday,10,566.1,558,262.5,308.5,9.3,4.38,5.14,52
49,2,Tuesday,11,699.56,699.5,293,403.5,11.66,4.88,6.72,52
49,2,Tuesday,12,947.1,937.5,401.5,532,15.62,6.69,8.87,52
49,2,Tuesday,13,942.37,924,370,549,15.4,6.17,9.15,52
49,2,Tuesday,14,768.25,771.5,295,447.5,12.86,4.92,7.46,52
49,2,Tuesday,15,645.62,662,244.5,392,11.03,4.08,6.53,52
49,2,Tuesday,16,475.25,473,222,248.5,7.88,3.7,4.14,52
49,2,Tuesday,17,468.65,475,240,230.5,7.92,4,3.84,52
49,2,Tuesday,18,461.69,473,241,239.5,7.88,4.02,3.99,52
49,2,Tuesday,19,374.1,387.5,191,185,6.46,3.18,3.08,52
49,2,Tuesday,20,314.6,321,167,155,5.35,2.78,2.58,52
49,2,Tuesday,21,253.65,257.5,136.5,119,4.29,2.28,1.98,52
49,2,Tuesday,22,183.5,193.5,107.5,85,3.22,1.79,1.42,52
49,2,Tuesday,23,140.46,148,78,67.5,2.47,1.3,1.12,52
49,3,Wednesday,0,94.96,96.5,47.5,45.5,1.61,0.79,0.76,52
49,3,Wednesday,1,66.17,65,34,30,1.08,0.57,0.5,52
49,3,Wednesday,2,47.92,46.5,24.5,21.5,0.78,0.41,0.36,52
49,3,Wednesday,3,41.79,44.5,22,19.5,0.74,0.37,0.32,52
49,3,Wednesday,4,31.37,29,15.5,14,0.48,0.26,0.23,52
49,3,Wednesday,5,29.83,30,15,14,0.5,0.25,0.23,52
49,3,Wednesday,6,74.88,75,38.5,35,1.25,0.64,0.58,52
49,3,Wednesday,7,120.77,123,51.5,70.5,2.05,0.86,1.18,52
49,3,Wednesday,8,248.15,256.5,100,152,4.28,1.67,2.53,52
49,3,Wednesday,9,306.8,309,136,179,5.15,2.27,2.98,51
49,3,Wednesday,10,432.88,456.5,201.5,258.5,7.61,3.36,4.31,52
49,3,Wednesday,11,504.06,528.5,230,295,8.81,3.83,4.92,52
49,3,Wednesday,12,661.69,666.5,314,367,11.11,5.23,6.12,52
49,3,Wednesday,13,649.04,667,298,366.5,11.12,4.97,6.11,52
49,3,Wednesday,14,542.06,555.5,255.5,295,9.26,4.26,4.92,52
49,3,Wednesday,15,512.29,521,245.5,269,8.68,4.09,4.48,52
49,3,Wednesday,16,508.21,494,251,241,8.23,4.18,4.02,52
49,3,Wednesday,17,626.12,568.5,329,248,9.47,5.48,4.13,52
49,3,Wednesday,18,807.79,654.5,336.5,331,10.91,5.61,5.52,52
49,3,Wednesday,19,810.33,613,310.5,345,10.22,5.18,5.75,52
49,3,Wednesday,20,677.42,569.5,241,309,9.49,4.02,5.15,52
49,3,Wednesday,21,490.46,435.5,184,249,7.26,3.07,4.15,52
49,3,Wednesday,22,267.81,269,124,127.5,4.48,2.07,2.12,52
49,3,Wednesday,23,156.71,156,77,78,2.6,1.28,1.3,52
49,4,Thursday,0,107.31,100.5,56.5,47,1.68,0.94,0.78,52
49,4,Thursday,1,73.83,72,36,35.5,1.2,0.6,0.59,52
49,4,Thursday,2,51.96,51.5,25.5,24.5,0.86,0.42,0.41,52
49,4,Thursday,3,41.96,39.5,23,16,0.66,0.38,0.27,52
49,4,Thursday,4,32.6,30,16.5,13.5,0.5,0.28,0.22,52
49,4,Thursday,5,43.02,40.5,21,18.5,0.68,0.35,0.31,52
49,4,Thursday,6,88.21,89.5,49,40,1.49,0.82,0.67,52
49,4,Thursday,7,142.4,144.5,65,75.5,2.41,1.08,1.26,52
49,4,Thursday,8,304.31,312,127,175,5.2,2.12,2.92,51
49,4,Thursday,9,373.47,380,169,212,6.33,2.82,3.53,51
49,4,Thursday,10,535.46,562.5,258,300.5,9.38,4.3,5.01,52
49,4,Thursday,11,686.92,728.5,305.5,404,12.14,5.09,6.73,52
49,4,Thursday,12,919.92,928,415,533,15.47,6.92,8.88,51
49,4,Thursday,13,926.2,951,379,561,15.85,6.32,9.35,51
49,4,Thursday,14,752.85,760.5,299.5,449,12.68,4.99,7.48,52
49,4,Thursday,15,658.39,655,246,396,10.92,4.1,6.6,51
49,4,Thursday,16,483.67,485,235,254,8.08,3.92,4.23,51
49,4,Thursday,17,491.19,500,258.5,238.5,8.33,4.31,3.98,52
49,4,Thursday,18,506.08,514.5,254.5,258.5,8.57,4.24,4.31,52
49,4,Thursday,19,413.94,421.5,214.5,207.5,7.03,3.58,3.46,52
49,4,Thursday,20,347.46,355,190,165.5,5.92,3.17,2.76,52
49,4,Thursday,21,290.04,298.5,156,135.5,4.97,2.6,2.26,52
49,4,Thursday,22,209.06,222,120.5,91,3.7,2.01,1.52,52
49,4,Thursday,23,161.67,163,81,74,2.72,1.35,1.23,52
49,5,Friday,0,104.08,102,53,48,1.7,0.88,0.8,53
49,5,Friday,1,73.08,69,37,33,1.15,0.62,0.55,53
49,5,Friday,2,55.64,57,30,26,0.95,0.5,0.43,53
49,5,Friday,3,43.21,44,21,21,0.73,0.35,0.35,53
49,5,Friday,4,34.06,34,16,16,0.57,0.27,0.27,53
49,5,Friday,5,40.47,39,21,18,0.65,0.35,0.3,53
49,5,Friday,6,83.94,83,45,38,1.38,0.75,0.63,53
49,5,Friday,7,137.45,139,64,72,2.32,1.07,1.2,53
49,5,Friday,8,283.3,303,127,160,5.05,2.12,2.67,53
49,5,Friday,9,394.42,408,193,214.5,6.8,3.22,3.58,52
49,5,Friday,10,590.17,603.5,274.5,328,10.06,4.58,5.47,52
49,5,Friday,11,719.85,734.5,309.5,411,12.24,5.16,6.85,52
49,5,Friday,12,905.58,937.5,411,528.5,15.62,6.85,8.81,52
49,5,Friday,13,886.6,904,362,522,15.07,6.03,8.7,53
49,5,Friday,14,787.62,777,294,462,12.95,4.9,7.7,53
49,5,Friday,15,696.62,693,259,416,11.55,4.32,6.93,53
49,5,Friday,16,501.74,508,232,265,8.47,3.87,4.42,53
49,5,Friday,17,530.11,535,256,273,8.92,4.27,4.55,53
49,5,Friday,18,524,532,258,269,8.87,4.3,4.48,53
49,5,Friday,19,457.34,464,225,238,7.73,3.75,3.97,53
49,5,Friday,20,403.08,409,198,196,6.82,3.3,3.27,53
49,5,Friday,21,345.87,357,180,175,5.95,3,2.92,53
49,5,Friday,22,267.36,273,145,122,4.55,2.42,2.03,53
49,5,Friday,23,209.79,213,109,94,3.55,1.82,1.57,53
49,6,Saturday,0,138.29,138.5,72.5,68,2.31,1.21,1.13,52
49,6,Saturday,1,98.52,100,48,49,1.67,0.8,0.82,52
49,6,Saturday,2,78.88,77.5,38,39.5,1.29,0.63,0.66,52
49,6,Saturday,3,61.27,58.5,31.5,30,0.98,0.52,0.5,52
49,6,Saturday,4,50.98,52,26,25,0.87,0.43,0.42,52
49,6,Saturday,5,49,48.5,25,23,0.81,0.42,0.38,52
49,6,Saturday,6,68.88,66.5,34,32,1.11,0.57,0.53,52
49,6,Saturday,7,128.31,123,61.5,62,2.05,1.02,1.03,52
49,6,Saturday,8,255.42,258.5,126.5,126.5,4.31,2.11,2.11,52
49,6,Saturday,9,473.13,475.5,231.5,247.5,7.92,3.86,4.12,52
49,6,Saturday,10,766.92,775.5,353.5,418.5,12.93,5.89,6.97,52
49,6,Saturday,11,1054.35,1083,430.5,596.5,18.05,7.18,9.94,52
49,6,Saturday,12,1218.58,1217,482,720.5,20.28,8.03,12.01,52
49,6,Saturday,13,1243.31,1251.5,490,719,20.86,8.17,11.98,52
49,6,Saturday,14,1121.1,1147,440.5,663.5,19.12,7.34,11.06,52
49,6,Saturday,15,1026.19,1044,351.5,662,17.4,5.86,11.03,52
49,6,Saturday,16,716.4,721,248,456,12.02,4.13,7.6,52
49,6,Saturday,17,476.56,486,236,240,8.1,3.93,4,52
49,6,Saturday,18,472.48,479.5,239.5,244,7.99,3.99,4.07,52
49,6,Saturday,19,441.54,441.5,216.5,221.5,7.36,3.61,3.69,52
49,6,Saturday,20,380.88,378,190,196.5,6.3,3.17,3.28,52
49,6,Saturday,21,311.96,321.5,161,147,5.36,2.68,2.45,52
49,6,Saturday,22,242.42,240.5,136,109,4.01,2.27,1.82,52
49,6,Saturday,23,200.79,209.5,105.5,93.5,3.49,1.76,1.56,52
49,7,Sunday,0,146.4,145.5,71.5,73,2.42,1.19,1.22,52
49,7,Sunday,1,104.85,108.5,55,50,1.81,0.92,0.83,52
49,7,Sunday,2,82.45,79,41,40,1.32,0.68,0.67,51
49,7,Sunday,3,65.56,68,34.5,31,1.13,0.58,0.52,52
49,7,Sunday,4,54.02,55,26,25,0.92,0.43,0.42,52
49,7,Sunday,5,48.48,48,25,22,0.8,0.42,0.37,52
49,7,Sunday,6,60.06,60.5,34,27,1.01,0.57,0.45,52
49,7,Sunday,7,104.19,107,53,52,1.78,0.88,0.87,52
49,7,Sunday,8,208.27,206,108.5,96.5,3.43,1.81,1.61,52
49,7,Sunday,9,441.52,439,215.5,215,7.32,3.59,3.58,52
49,7,Sunday,10,736.83,749,352,400,12.48,5.87,6.67,52
49,7,Sunday,11,993.25,1027.5,423,566.5,17.12,7.05,9.44,52
49,7,Sunday,12,1197.67,1247.5,509,704,20.79,8.48,11.73,52
49,7,Sunday,13,1215.13,1228.5,495,700.5,20.48,8.25,11.68,52
49,7,Sunday,14,1122.06,1104.5,467.5,640,18.41,7.79,10.67,52
49,7,Sunday,15,1024.81,1003.5,360.5,630.5,16.73,6.01,10.51,52
49,7,Sunday,16,687.29,678,241,428.5,11.3,4.02,7.14,52
49,7,Sunday,17,411.92,408,212.5,206,6.8,3.54,3.43,52
49,7,Sunday,18,395.56,398,208,198.5,6.63,3.47,3.31,52
49,7,Sunday,19,355.79,369,187.5,170.5,6.15,3.12,2.84,52
49,7,Sunday,20,303.82,298,157,145,4.97,2.62,2.42,51
49,7,Sunday,21,244.69,243,135.5,110.5,4.05,2.26,1.84,52
49,7,Sunday,22,183.83,190,101,81,3.17,1.68,1.35,52
49,7,Sunday,23,148.2,151,80,66,2.52,1.33,1.1,51
50,1,Monday,0,9.37,9,6,2,0.15,0.1,0.03,51
50,1,Monday,1,4.04,4,3,1,0.07,0.05,0.02,45
50,1,Monday,2,3.89,3,2,1,0.05,0.03,0.02,47
50,1,Monday,3,3.05,2,2,0,0.03,0.03,0,40
50,1,Monday,4,7.82,6,6,0,0.1,0.1,0,45
50,1,Monday,5,6.84,8,6,1,0.13,0.1,0.02,51
50,1,Monday,6,19.9,18,8,11,0.3,0.13,0.18,52
50,1,Monday,7,51.19,50,17,32,0.83,0.28,0.53,52
50,1,Monday,8,103.94,108.5,31.5,73,1.81,0.52,1.22,52
50,1,Monday,9,175.79,175.5,68,104.5,2.92,1.13,1.74,52
50,1,Monday,10,247.73,237,112.5,131.5,3.95,1.88,2.19,52
50,1,Monday,11,328.79,309,145.5,162.5,5.15,2.42,2.71,52
50,1,Monday,12,465.65,460.5,213,240.5,7.68,3.55,4.01,52
50,1,Monday,13,461.71,449,222.5,223,7.48,3.71,3.72,52
50,1,Monday,14,416.79,394.5,206.5,186,6.58,3.44,3.1,52
50,1,Monday,15,368.63,346,185,163.5,5.77,3.08,2.72,52
50,1,Monday,16,366.62,351.5,183.5,167.5,5.86,3.06,2.79,52
50,1,Monday,17,410.71,400.5,204.5,188,6.68,3.41,3.13,52
50,1,Monday,18,410.04,391,190.5,212,6.52,3.17,3.53,52
50,1,Monday,19,329.27,317,159.5,159.5,5.28,2.66,2.66,52
50,1,Monday,20,312,302.5,169,134.5,5.04,2.82,2.24,52
50,1,Monday,21,202.23,195,126,78,3.25,2.1,1.3,52
50,1,Monday,22,86.31,83,54.5,29.5,1.38,0.91,0.49,52
50,1,Monday,23,25.5,23,17,7,0.38,0.28,0.12,52
50,2,Tuesday,0,9.28,8,5,3,0.13,0.08,0.05,50
50,2,Tuesday,1,6.82,5,3,1,0.08,0.05,0.02,50
50,2,Tuesday,2,3.98,3,2,1,0.05,0.03,0.02,47
50,2,Tuesday,3,2.96,2,1,1,0.03,0.02,0.02,45
50,2,Tuesday,4,7.81,7,6,0,0.12,0.1,0,42
50,2,Tuesday,5,7.29,6,5,2,0.1,0.08,0.03,52
50,2,Tuesday,6,25.5,24,10.5,14,0.4,0.17,0.23,52
50,2,Tuesday,7,53.33,52,16,37,0.87,0.27,0.62,52
50,2,Tuesday,8,119.69,122.5,35,85,2.04,0.58,1.42,52
50,2,Tuesday,9,177.88,172,68,104,2.87,1.13,1.73,52
50,2,Tuesday,10,231.19,225,101,122.5,3.75,1.68,2.04,52
50,2,Tuesday,11,305.92,297,137,157.5,4.95,2.28,2.62,52
50,2,Tuesday,12,427.87,420,203.5,218.5,7,3.39,3.64,52
50,2,Tuesday,13,418.67,424,209.5,207,7.07,3.49,3.45,52
50,2,Tuesday,14,346.44,341,181.5,157.5,5.68,3.02,2.62,52
50,2,Tuesday,15,323.15,315.5,166.5,144.5,5.26,2.78,2.41,52
50,2,Tuesday,16,323.92,314,168,140,5.23,2.8,2.33,52
50,2,Tuesday,17,382.48,377,201,174,6.28,3.35,2.9,52
50,2,Tuesday,18,368.77,367,176.5,191.5,6.12,2.94,3.19,52
50,2,Tuesday,19,303.71,308,157.5,144.5,5.13,2.62,2.41,52
50,2,Tuesday,20,282.33,277,154.5,120,4.62,2.58,2,52
50,2,Tuesday,21,193.21,176,117.5,72.5,2.93,1.96,1.21,52
50,2,Tuesday,22,83.75,82.5,54.5,29,1.38,0.91,0.48,52
50,2,Tuesday,23,25,23.5,16,8,0.39,0.27,0.13,52
50,3,Wednesday,0,7.5,6.5,4,2,0.11,0.07,0.03,52
50,3,Wednesday,1,4.66,4,3,1,0.07,0.05,0.02,47
50,3,Wednesday,2,3.49,3,2,1,0.05,0.03,0.02,45
50,3,Wednesday,3,3.29,3,2,0,0.05,0.03,0,38
50,3,Wednesday,4,7.42,6,6,0,0.1,0.1,0,45
50,3,Wednesday,5,8.24,8,6,2,0.13,0.1,0.03,51
50,3,Wednesday,6,22.29,22,8,13,0.37,0.13,0.22,52
50,3,Wednesday,7,56.37,54,19,35,0.9,0.32,0.58,52
50,3,Wednesday,8,124.52,126,39.5,84.5,2.1,0.66,1.41,52
50,3,Wednesday,9,176.67,176.5,65.5,106,2.94,1.09,1.77,52
50,3,Wednesday,10,235.21,226.5,106.5,121.5,3.78,1.77,2.02,52
50,3,Wednesday,11,309.52,301.5,143,159,5.03,2.38,2.65,52
50,3,Wednesday,12,434.71,425,199.5,222,7.08,3.33,3.7,52
50,3,Wednesday,13,418.48,408,206,203.5,6.8,3.43,3.39,52
50,3,Wednesday,14,375.12,367.5,197.5,168,6.12,3.29,2.8,52
50,3,Wednesday,15,330.19,318,174.5,148.5,5.3,2.91,2.48,52
50,3,Wednesday,16,329.9,332,175.5,150,5.53,2.92,2.5,52
50,3,Wednesday,17,396.83,400.5,212.5,189,6.68,3.54,3.15,52
50,3,Wednesday,18,397.29,399.5,188,204.5,6.66,3.13,3.41,52
50,3,Wednesday,19,335.06,323.5,170,162,5.39,2.83,2.7,52
50,3,Wednesday,20,296.29,299.5,162,130,4.99,2.7,2.17,52
50,3,Wednesday,21,221.29,205,128,85.5,3.42,2.13,1.43,52
50,3,Wednesday,22,103.67,99,68,34,1.65,1.13,0.57,52
50,3,Wednesday,23,32.94,30,20,8.5,0.5,0.33,0.14,52
50,4,Thursday,0,12.35,11,7,3,0.18,0.12,0.05,51
50,4,Thursday,1,8.96,5,3,1,0.08,0.05,0.02,48
50,4,Thursday,2,4.05,4,3,1,0.07,0.05,0.02,43
50,4,Thursday,3,4.44,4,2,1,0.07,0.03,0.02,45
50,4,Thursday,4,8.36,8,7,1,0.13,0.12,0.02,45
50,4,Thursday,5,6.5,6,4,2,0.1,0.07,0.03,52
50,4,Thursday,6,20.9,20.5,8,12,0.34,0.13,0.2,52
50,4,Thursday,7,55.98,55.5,18,39,0.92,0.3,0.65,52
50,4,Thursday,8,118.75,122,36.5,85.5,2.03,0.61,1.43,52
50,4,Thursday,9,175.35,176,70,105.5,2.93,1.17,1.76,52
50,4,Thursday,10,234.33,233.5,107,126,3.89,1.78,2.1,52
50,4,Thursday,11,310.73,309,147,158.5,5.15,2.45,2.64,52
50,4,Thursday,12,434.13,424.5,202.5,220.5,7.08,3.38,3.67,52
50,4,Thursday,13,422,416.5,210.5,210,6.94,3.51,3.5,52
50,4,Thursday,14,365.21,363,191,169.5,6.05,3.18,2.83,52
50,4,Thursday,15,334.77,333.5,179,159.5,5.56,2.98,2.66,52
50,4,Thursday,16,337.25,334,178,152,5.57,2.97,2.53,52
50,4,Thursday,17,423.31,423.5,215,206.5,7.06,3.58,3.44,52
50,4,Thursday,18,419.08,432.5,201,213,7.21,3.35,3.55,52
50,4,Thursday,19,375.48,366,182,182,6.1,3.03,3.03,52
50,4,Thursday,20,342.67,338.5,186,150.5,5.64,3.1,2.51,52
50,4,Thursday,21,252.38,245.5,151,95.5,4.09,2.52,1.59,52
50,4,Thursday,22,127.4,120,84,41,2,1.4,0.68,52
50,4,Thursday,23,41.94,41,28.5,12,0.68,0.48,0.2,52
50,5,Friday,0,12.58,11,8,4,0.18,0.13,0.07,53
50,5,Friday,1,7.94,6,4,2,0.1,0.07,0.03,52
50,5,Friday,2,5.29,5,3,1,0.08,0.05,0.02,49
50,5,Friday,3,4.07,3,2,0,0.05,0.03,0,41
50,5,Friday,4,8.32,8,7,0,0.13,0.12,0,50
50,5,Friday,5,5.98,5,3,2,0.08,0.05,0.03,51
50,5,Friday,6,18.21,18,7,11,0.3,0.12,0.18,53
50,5,Friday,7,47.7,46,18,26,0.77,0.3,0.43,53
50,5,Friday,8,118.36,121,42,79,2.02,0.7,1.32,53
50,5,Friday,9,180.81,178,74,102,2.97,1.23,1.7,53
50,5,Friday,10,256.83,249,111,138,4.15,1.85,2.3,53
50,5,Friday,11,342.64,326,160,178,5.43,2.67,2.97,53
50,5,Friday,12,461.04,432,199,245,7.2,3.32,4.08,53
50,5,Friday,13,446.45,433,214,218,7.22,3.57,3.63,53
50,5,Friday,14,416.26,415,219,198,6.92,3.65,3.3,53
50,5,Friday,15,381.02,374,200,179,6.23,3.33,2.98,53
50,5,Friday,16,397.28,380,198,180,6.33,3.3,3,53
50,5,Friday,17,452.51,446,224,220,7.43,3.73,3.67,53
50,5,Friday,18,487.4,501,224,264,8.35,3.73,4.4,53
50,5,Friday,19,497.72,506,230,275,8.43,3.83,4.58,53
50,5,Friday,20,491.55,502,260,231,8.37,4.33,3.85,53
50,5,Friday,21,425.23,430,266,164,7.17,4.43,2.73,53
50,5,Friday,22,250.04,249,157,92,4.15,2.62,1.53,53
50,5,Friday,23,108.06,103,74,30,1.72,1.23,0.5,53
50,6,Saturday,0,39.94,41,29.5,10,0.68,0.49,0.17,52
50,6,Saturday,1,12.63,11.5,9,3,0.19,0.15,0.05,52
50,6,Saturday,2,8.42,7.5,4,3,0.12,0.07,0.05,52
50,6,Saturday,3,3.88,4,3,1,0.07,0.05,0.02,49
50,6,Saturday,4,6.9,5,5,1,0.08,0.08,0.02,42
50,6,Saturday,5,9.04,9,7.5,1,0.15,0.12,0.02,52
50,6,Saturday,6,10.23,9.5,5,5,0.16,0.08,0.08,52
50,6,Saturday,7,25.29,25,11,14,0.42,0.18,0.23,52
50,6,Saturday,8,71,70.5,31,39,1.18,0.52,0.65,52
50,6,Saturday,9,204.15,199.5,89,111.5,3.33,1.48,1.86,52
50,6,Saturday,10,331.69,331.5,153.5,170.5,5.53,2.56,2.84,52
50,6,Saturday,11,452.94,433,206,235.5,7.22,3.43,3.92,52
50,6,Saturday,12,547.63,531,243,289,8.85,4.05,4.82,52
50,6,Saturday,13,583.37,578.5,276.5,308,9.64,4.61,5.13,52
50,6,Saturday,14,575.23,577.5,293.5,275,9.62,4.89,4.58,52
50,6,Saturday,15,546.96,548.5,283.5,262.5,9.14,4.72,4.38,52
50,6,Saturday,16,502.12,512.5,253,257,8.54,4.22,4.28,52
50,6,Saturday,17,499.08,515.5,241,266,8.59,4.02,4.43,52
50,6,Saturday,18,550.62,555.5,245,295.5,9.26,4.08,4.92,52
50,6,Saturday,19,593.98,606.5,274.5,316.5,10.11,4.58,5.28,52
50,6,Saturday,20,579.31,587.5,314,270,9.79,5.23,4.5,52
50,6,Saturday,21,483.12,474,304.5,179.5,7.9,5.08,2.99,52
50,6,Saturday,22,284.81,294.5,194,101.5,4.91,3.23,1.69,52
50,6,Saturday,23,123,118.5,84,35,1.98,1.4,0.58,52
50,7,Sunday,0,54.75,53,41.5,13,0.88,0.69,0.22,52
50,7,Sunday,1,14.04,14,9,3,0.23,0.15,0.05,52
50,7,Sunday,2,8.37,7,5,2,0.12,0.08,0.03,49
50,7,Sunday,3,5.26,4.5,3,1,0.07,0.05,0.02,46
50,7,Sunday,4,5.38,3.5,3,0,0.06,0.05,0,42
50,7,Sunday,5,8.1,9,7,1,0.15,0.12,0.02,51
50,7,Sunday,6,11.1,11,5,5,0.18,0.08,0.08,52
50,7,Sunday,7,21.08,20,10,9.5,0.33,0.17,0.16,52
50,7,Sunday,8,52.73,51,21,30,0.85,0.35,0.5,52
50,7,Sunday,9,146.15,141.5,66.5,76.5,2.36,1.11,1.27,52
50,7,Sunday,10,302.46,292.5,132.5,160,4.88,2.21,2.67,52
50,7,Sunday,11,423.54,421,183,227,7.02,3.05,3.78,52
50,7,Sunday,12,531.29,509,227,279,8.48,3.78,4.65,52
50,7,Sunday,13,560.38,535.5,260,279,8.93,4.33,4.65,52
50,7,Sunday,14,567.08,546.5,288,260,9.11,4.8,4.33,52
50,7,Sunday,15,528.63,522,272,250,8.7,4.53,4.17,52
50,7,Sunday,16,462.54,468,240.5,221.5,7.8,4.01,3.69,52
50,7,Sunday,17,408.29,403.5,200,202,6.72,3.33,3.37,52
50,7,Sunday,18,389.96,376,183,198,6.27,3.05,3.3,52
50,7,Sunday,19,350.54,339,172,168,5.65,2.87,2.8,52
50,7,Sunday,20,311.17,299.5,178,123,4.99,2.97,2.05,52
50,7,Sunday,21,200.62,179,119,65.5,2.98,1.98,1.09,52
50,7,Sunday,22,90.6,80.5,56.5,25,1.34,0.94,0.42,52
50,7,Sunday,23,25.85,21,15,6,0.35,0.25,0.1,52
51,1,Monday,0,31.85,32,17,13,0.53,0.28,0.22,52
51,1,Monday,1,21.6,19,10,9.5,0.32,0.17,0.16,52
51,1,Monday,2,13.35,12,7,6,0.2,0.12,0.1,51
51,1,Monday,3,11.69,10,5,5.5,0.17,0.08,0.09,52
51,1,Monday,4,10.69,9,5,4,0.15,0.08,0.07,52
51,1,Monday,5,17.98,17.5,7,10,0.29,0.12,0.17,52
51,1,Monday,6,44.13,33.5,15,12.5,0.56,0.25,0.21,52
51,1,Monday,7,55.33,47.5,29,23.5,0.79,0.48,0.39,52
51,1,Monday,8,93.83,95,47.5,44,1.58,0.79,0.73,52
51,1,Monday,9,119.63,120,61.5,53,2,1.02,0.88,52
51,1,Monday,10,139.98,140.5,76,64.5,2.34,1.27,1.07,52
51,1,Monday,11,152.71,159.5,84,73,2.66,1.4,1.22,52
51,1,Monday,12,205.35,214,109,97,3.57,1.82,1.62,52
51,1,Monday,13,193.25,196.5,102,97,3.28,1.7,1.62,52
51,1,Monday,14,178.65,182.5,84,93.5,3.04,1.4,1.56,52
51,1,Monday,15,161.17,161.5,79,84,2.69,1.32,1.4,52
51,1,Monday,16,162.92,166.5,78,90,2.78,1.3,1.5,52
51,1,Monday,17,179.67,183,93,86,3.05,1.55,1.43,52
51,1,Monday,18,180.88,179.5,95.5,85.5,2.99,1.59,1.43,52
51,1,Monday,19,152.46,142.5,73.5,71,2.38,1.23,1.18,52
51,1,Monday,20,124,124,61,61.5,2.07,1.02,1.02,52
51,1,Monday,21,102.23,100,48,49,1.67,0.8,0.82,52
51,1,Monday,22,69.77,68,35.5,31.5,1.13,0.59,0.52,52
51,1,Monday,23,46.62,46,25,20.5,0.77,0.42,0.34,52
51,2,Tuesday,0,26.08,24.5,14.5,11,0.41,0.24,0.18,52
51,2,Tuesday,1,17.54,17,9,8,0.28,0.15,0.13,52
51,2,Tuesday,2,11.98,11,5,5,0.18,0.08,0.08,52
51,2,Tuesday,3,8.77,7,3,4,0.12,0.05,0.07,52
51,2,Tuesday,4,8.35,7,3,4,0.12,0.05,0.07,52
51,2,Tuesday,5,18.31,18,7.5,11,0.3,0.12,0.18,52
51,2,Tuesday,6,56.75,60,42,17,1,0.7,0.28,52
51,2,Tuesday,7,71.15,73.5,42,31,1.23,0.7,0.52,52
51,2,Tuesday,8,105.73,104,52,54,1.73,0.87,0.9,52
51,2,Tuesday,9,140.69,148,71.5,74,2.47,1.19,1.23,52
51,2,Tuesday,10,174.4,181,90.5,89.5,3.02,1.51,1.49,52
51,2,Tuesday,11,204.83,214,109,104,3.57,1.82,1.73,52
51,2,Tuesday,12,247.27,264,125,134,4.4,2.08,2.23,52
51,2,Tuesday,13,243.12,258.5,131.5,124.5,4.31,2.19,2.08,52
51,2,Tuesday,14,218.33,221,107.5,114,3.68,1.79,1.9,52
51,2,Tuesday,15,183.96,193.5,99.5,95,3.22,1.66,1.58,52
51,2,Tuesday,16,172.27,181,87,92.5,3.02,1.45,1.54,52
51,2,Tuesday,17,181.71,180,89.5,94.5,3,1.49,1.57,52
51,2,Tuesday,18,164.37,162.5,81.5,83.5,2.71,1.36,1.39,52
51,2,Tuesday,19,147.38,141.5,75.5,66,2.36,1.26,1.1,52
51,2,Tuesday,20,121.54,118,62.5,54.5,1.97,1.04,0.91,52
51,2,Tuesday,21,99.65,91,49,43.5,1.52,0.82,0.72,52
51,2,Tuesday,22,67.81,65.5,36,30,1.09,0.6,0.5,52
51,2,Tuesday,23,46.6,43,25,20,0.72,0.42,0.33,52
51,3,Wednesday,0,26.85,27,15,12.5,0.45,0.25,0.21,52
51,3,Wednesday,1,17.71,15.5,10,7,0.26,0.17,0.12,52
51,3,Wednesday,2,11.73,11.5,6,5,0.19,0.1,0.08,52
51,3,Wednesday,3,10.06,8,4.5,4,0.13,0.07,0.07,52
51,3,Wednesday,4,8.29,7,3,4,0.12,0.05,0.07,52
51,3,Wednesday,5,15.87,16,8,7,0.27,0.13,0.12,52
51,3,Wednesday,6,62.25,62,48,14,1.03,0.8,0.23,52
51,3,Wednesday,7,69.79,72,43.5,26.5,1.2,0.72,0.44,52
51,3,Wednesday,8,104.71,109,56.5,50,1.82,0.94,0.83,52
51,3,Wednesday,9,132.17,135.5,73,61,2.26,1.22,1.02,52
51,3,Wednesday,10,156.58,162.5,84,74,2.71,1.4,1.23,52
51,3,Wednesday,11,174.25,179,92,82,2.98,1.53,1.37,52
51,3,Wednesday,12,220.96,241,118,117,4.02,1.97,1.95,52
51,3,Wednesday,13,215.9,223.5,115.5,107.5,3.72,1.93,1.79,52
51,3,Wednesday,14,199.87,207,98,110.5,3.45,1.63,1.84,52
51,3,Wednesday,15,178.92,186,86.5,96.5,3.1,1.44,1.61,52
51,3,Wednesday,16,195.31,197,88.5,111,3.28,1.48,1.85,52
51,3,Wednesday,17,225.42,216,95,127.5,3.6,1.58,2.12,52
51,3,Wednesday,18,225.96,218.5,103.5,110.5,3.64,1.73,1.84,52
51,3,Wednesday,19,216,221.5,107.5,108.5,3.69,1.79,1.81,52
51,3,Wednesday,20,184.37,181,89.5,89,3.02,1.49,1.48,52
51,3,Wednesday,21,142.87,139.5,72,64,2.33,1.2,1.07,52
51,3,Wednesday,22,95.71,92,50.5,38,1.53,0.84,0.63,52
51,3,Wednesday,23,61.13,54.5,30,25,0.91,0.5,0.42,52
51,4,Thursday,0,42.37,34,18,15,0.57,0.3,0.25,52
51,4,Thursday,1,23.4,20,9.5,9,0.33,0.16,0.15,52
51,4,Thursday,2,14.71,12.5,7,6,0.21,0.12,0.1,52
51,4,Thursday,3,11.35,10.5,5,5,0.17,0.08,0.08,52
51,4,Thursday,4,9.88,8,3,5,0.13,0.05,0.08,52
51,4,Thursday,5,20.85,21,9,10,0.35,0.15,0.17,52
51,4,Thursday,6,58.85,62,42,17,1.03,0.7,0.28,52
51,4,Thursday,7,73.46,72.5,41.5,30,1.21,0.69,0.5,52
51,4,Thursday,8,112.27,118.5,54,62.5,1.98,0.9,1.04,52
51,4,Thursday,9,148.81,157.5,77,80.5,2.62,1.28,1.34,52
51,4,Thursday,10,177.79,188,90.5,94,3.13,1.51,1.57,52
51,4,Thursday,11,205.15,216,105.5,104.5,3.6,1.76,1.74,52
51,4,Thursday,12,253.85,276,138,130,4.6,2.3,2.17,52
51,4,Thursday,13,263,277.5,139.5,130,4.62,2.33,2.17,52
51,4,Thursday,14,235.31,244.5,123,119.5,4.08,2.05,1.99,52
51,4,Thursday,15,197.69,199.5,101,98.5,3.33,1.68,1.64,52
51,4,Thursday,16,178.67,180,85.5,95.5,3,1.43,1.59,52
51,4,Thursday,17,195.31,196,101.5,97.5,3.27,1.69,1.62,52
51,4,Thursday,18,178.48,178.5,95,83,2.98,1.58,1.38,52
51,4,Thursday,19,157.12,155.5,75.5,78.5,2.59,1.26,1.31,52
51,4,Thursday,20,141.02,137,68.5,67.5,2.28,1.14,1.12,52
51,4,Thursday,21,118.62,117,57,56,1.95,0.95,0.93,52
51,4,Thursday,22,83.85,86,42,36.5,1.43,0.7,0.61,52
51,4,Thursday,23,57.33,57,31,26,0.95,0.52,0.43,52
51,5,Friday,0,37.04,35,20,16,0.58,0.33,0.27,53
51,5,Friday,1,19.7,16,10,8,0.27,0.17,0.13,53
51,5,Friday,2,14.74,14,7,7,0.23,0.12,0.12,53
51,5,Friday,3,11.64,11,6,5,0.18,0.1,0.08,53
51,5,Friday,4,10.85,10,4,6,0.17,0.07,0.1,53
51,5,Friday,5,21.7,20,10,11,0.33,0.17,0.18,53
51,5,Friday,6,61.66,63,43,18,1.05,0.72,0.3,53
51,5,Friday,7,75.55,73,42,32,1.22,0.7,0.53,53
51,5,Friday,8,111.09,119,58,60,1.98,0.97,1,53
51,5,Friday,9,144.92,146,70,78,2.43,1.17,1.3,53
51,5,Friday,10,182.23,190,93,96,3.17,1.55,1.6,53
51,5,Friday,11,214.3,229,113,106,3.82,1.88,1.77,53
51,5,Friday,12,252.15,271,129,136,4.52,2.15,2.27,53
51,5,Friday,13,248.34,266,137,130,4.43,2.28,2.17,53
51,5,Friday,14,234.43,252,119,126,4.2,1.98,2.1,53
51,5,Friday,15,196.43,203,102,100,3.38,1.7,1.67,53
51,5,Friday,16,175.62,179,89,90,2.98,1.48,1.5,53
51,5,Friday,17,193.23,194,96,95,3.23,1.6,1.58,53
51,5,Friday,18,199.94,200,113,90,3.33,1.88,1.5,53
51,5,Friday,19,170.83,160,86,76,2.67,1.43,1.27,53
51,5,Friday,20,160.51,151,78,75,2.52,1.3,1.25,53
51,5,Friday,21,138.11,128,68,65,2.13,1.13,1.08,53
51,5,Friday,22,105.32,98,54,45,1.63,0.9,0.75,53
51,5,Friday,23,79.6,73,38,36,1.22,0.63,0.6,53
51,6,Saturday,0,48.94,46.5,26,22.5,0.78,0.43,0.38,52
51,6,Saturday,1,30.96,28,15,14.5,0.47,0.25,0.24,52
51,6,Saturday,2,23.46,22.5,12.5,10,0.38,0.21,0.17,52
51,6,Saturday,3,17.94,16,8,7,0.27,0.13,0.12,52
51,6,Saturday,4,15.12,12,6,6,0.2,0.1,0.1,52
51,6,Saturday,5,17.37,16,8,9,0.27,0.13,0.15,52
51,6,Saturday,6,22.71,22,11,10,0.37,0.18,0.17,52
51,6,Saturday,7,64.15,64,38.5,23,1.07,0.64,0.38,52
51,6,Saturday,8,86.13,89,47.5,41,1.48,0.79,0.68,52
51,6,Saturday,9,142.19,147.5,70.5,77,2.46,1.18,1.28,52
51,6,Saturday,10,212.58,224,106,116.5,3.73,1.77,1.94,52
51,6,Saturday,11,253.94,265,131,131.5,4.42,2.18,2.19,52
51,6,Saturday,12,282.1,298,150.5,144.5,4.97,2.51,2.41,52
51,6,Saturday,13,295.13,307.5,151.5,151.5,5.12,2.52,2.52,52
51,6,Saturday,14,296.1,314,149,155,5.23,2.48,2.58,52
51,6,Saturday,15,256.56,259,138.5,119,4.32,2.31,1.98,52
51,6,Saturday,16,218.98,216,108.5,105,3.6,1.81,1.75,52
51,6,Saturday,17,181.88,182,94,88.5,3.03,1.57,1.48,52
51,6,Saturday,18,198.46,201.5,107,86.5,3.36,1.78,1.44,52
51,6,Saturday,19,189.29,179.5,101.5,83.5,2.99,1.69,1.39,52
51,6,Saturday,20,156.83,147,75,77,2.45,1.25,1.28,52
51,6,Saturday,21,130.52,125.5,66.5,60,2.09,1.11,1,52
51,6,Saturday,22,96.83,91.5,48.5,45.5,1.52,0.81,0.76,52
51,6,Saturday,23,78.6,73,39,31,1.22,0.65,0.52,52
51,7,Sunday,0,48.35,45.5,22.5,24,0.76,0.38,0.4,52
51,7,Sunday,1,32.31,31.5,15.5,15,0.52,0.26,0.25,52
51,7,Sunday,2,22.65,22,11,10,0.37,0.18,0.17,51
51,7,Sunday,3,17.23,15.5,9,7,0.26,0.15,0.12,52
51,7,Sunday,4,14.88,14,7,6.5,0.23,0.12,0.11,52
51,7,Sunday,5,17.77,16,8,9,0.27,0.13,0.15,52
51,7,Sunday,6,17.38,15,6,9,0.25,0.1,0.15,52
51,7,Sunday,7,35.83,34,15.5,17,0.57,0.26,0.28,52
51,7,Sunday,8,65.19,65.5,30,35.5,1.09,0.5,0.59,52
51,7,Sunday,9,125.46,122.5,53.5,69,2.04,0.89,1.15,52
51,7,Sunday,10,199.62,197.5,94,103.5,3.29,1.57,1.73,52
51,7,Sunday,11,250.31,253,127,128.5,4.22,2.12,2.14,52
51,7,Sunday,12,278.15,284.5,139.5,137,4.74,2.33,2.28,52
51,7,Sunday,13,294.65,307.5,155.5,149,5.12,2.59,2.48,52
51,7,Sunday,14,293.25,302,145.5,150,5.03,2.42,2.5,52
51,7,Sunday,15,265.42,265.5,136,125.5,4.42,2.27,2.09,52
51,7,Sunday,16,205.12,206.5,110,96.5,3.44,1.83,1.61,52
51,7,Sunday,17,169.92,167.5,85.5,81.5,2.79,1.43,1.36,52
51,7,Sunday,18,168.21,165,91.5,72.5,2.75,1.52,1.21,52
51,7,Sunday,19,163.37,160.5,83,73.5,2.67,1.38,1.23,52
51,7,Sunday,20,135.1,132.5,69,61.5,2.21,1.15,1.02,52
51,7,Sunday,21,109.19,105,53,52.5,1.75,0.88,0.88,52
51,7,Sunday,22,79.23,74.5,39,34.5,1.24,0.65,0.58,52
51,7,Sunday,23,52.46,51,27,22,0.85,0.45,0.37,52
52,1,Monday,0,30.9,25.5,10,12,0.42,0.17,0.2,52
52,1,Monday,1,17.71,14.5,6,7,0.24,0.1,0.12,52
52,1,Monday,2,12.3,11,4,6,0.18,0.07,0.1,50
52,1,Monday,3,7.16,5,2,3,0.08,0.03,0.05,49
52,1,Monday,4,5.98,5,2,2,0.08,0.03,0.03,47
52,1,Monday,5,8.61,6,2,4,0.1,0.03,0.07,51
52,1,Monday,6,28.08,26.5,12,13,0.44,0.2,0.22,52
52,1,Monday,7,109.12,112.5,57,54.5,1.88,0.95,0.91,52
52,1,Monday,8,399.21,451.5,188,132.5,7.53,3.13,2.21,52
52,1,Monday,9,284.73,297,152,124.5,4.95,2.53,2.08,52
52,1,Monday,10,350.23,348.5,171.5,173.5,5.81,2.86,2.89,52
52,1,Monday,11,487.06,491,241,242.5,8.18,4.02,4.04,52
52,1,Monday,12,794.27,809.5,398.5,411,13.49,6.64,6.85,52
52,1,Monday,13,856.62,873,418.5,446,14.55,6.97,7.43,52
52,1,Monday,14,779,765.5,383.5,405.5,12.76,6.39,6.76,52
52,1,Monday,15,734.56,721,332,405.5,12.02,5.53,6.76,52
52,1,Monday,16,654.17,644,330,333.5,10.73,5.5,5.56,52
52,1,Monday,17,688.48,688,340,349.5,11.47,5.67,5.82,52
52,1,Monday,18,564.44,577,282,292,9.62,4.7,4.87,52
52,1,Monday,19,462.54,480,230.5,246,8,3.84,4.1,52
52,1,Monday,20,333.42,336.5,169,171,5.61,2.82,2.85,52
52,1,Monday,21,195.33,177.5,70,97,2.96,1.17,1.62,52
52,1,Monday,22,109.17,89.5,40,49,1.49,0.67,0.82,52
52,1,Monday,23,56.83,51,22.5,27,0.85,0.38,0.45,52
52,2,Tuesday,0,19.35,17.5,7,7,0.29,0.12,0.12,52
52,2,Tuesday,1,13.02,12,4.5,6,0.2,0.07,0.1,52
52,2,Tuesday,2,8.62,6,2,3,0.1,0.03,0.05,50
52,2,Tuesday,3,4.93,3,1,2,0.05,0.02,0.03,45
52,2,Tuesday,4,2.98,2,1,1,0.03,0.02,0.02,45
52,2,Tuesday,5,8.71,7,2,5,0.12,0.03,0.08,51
52,2,Tuesday,6,31.75,30,13.5,16.5,0.5,0.22,0.28,52
52,2,Tuesday,7,123.44,129.5,67.5,60,2.16,1.12,1,52
52,2,Tuesday,8,456.44,502,210.5,150.5,8.37,3.51,2.51,52
52,2,Tuesday,9,330.87,339,177,137.5,5.65,2.95,2.29,52
52,2,Tuesday,10,351.9,348.5,176.5,168.5,5.81,2.94,2.81,52
52,2,Tuesday,11,482.54,472.5,236.5,233.5,7.88,3.94,3.89,52
52,2,Tuesday,12,847.92,848,428,432,14.13,7.13,7.2,52
52,2,Tuesday,13,885.79,890,436.5,450,14.83,7.28,7.5,52
52,2,Tuesday,14,725.25,726,344.5,384.5,12.1,5.74,6.41,52
52,2,Tuesday,15,753.73,766.5,332,397,12.78,5.53,6.62,52
52,2,Tuesday,16,688.37,688.5,326,375,11.47,5.43,6.25,52
52,2,Tuesday,17,748.85,773.5,370.5,396.5,12.89,6.18,6.61,52
52,2,Tuesday,18,628.98,648.5,315.5,328.5,10.81,5.26,5.47,52
52,2,Tuesday,19,505.69,505.5,243.5,272,8.43,4.06,4.53,52
52,2,Tuesday,20,364.56,356.5,151.5,195,5.94,2.52,3.25,52
52,2,Tuesday,21,216.62,187.5,74,114,3.12,1.23,1.9,52
52,2,Tuesday,22,119.27,95.5,42,59,1.59,0.7,0.98,52
52,2,Tuesday,23,68.77,62.5,25,34,1.04,0.42,0.57,52
52,3,Wednesday,0,22.67,19,8,8,0.32,0.13,0.13,52
52,3,Wednesday,1,15.9,14,6,5,0.23,0.1,0.08,52
52,3,Wednesday,2,9.63,8,3,4,0.13,0.05,0.07,52
52,3,Wednesday,3,6.98,6,2,3,0.1,0.03,0.05,50
52,3,Wednesday,4,5.27,5,2,2,0.08,0.03,0.03,48
52,3,Wednesday,5,10.35,7,2,5,0.12,0.03,0.08,52
52,3,Wednesday,6,32.25,28.5,12,17.5,0.48,0.2,0.29,52
52,3,Wednesday,7,129.94,130.5,65,67,2.17,1.08,1.12,52
52,3,Wednesday,8,459.94,493.5,215.5,158,8.22,3.59,2.63,52
52,3,Wednesday,9,324.75,333,177.5,138,5.55,2.96,2.3,52
52,3,Wednesday,10,359.6,351.5,176,173,5.86,2.93,2.88,52
52,3,Wednesday,11,522.1,509.5,261,262,8.49,4.35,4.37,52
52,3,Wednesday,12,874.62,876.5,449,430,14.61,7.48,7.17,52
52,3,Wednesday,13,906.21,914.5,440.5,460.5,15.24,7.34,7.68,52
52,3,Wednesday,14,776.83,770.5,382.5,405,12.84,6.38,6.75,52
52,3,Wednesday,15,726.12,735.5,332.5,401,12.26,5.54,6.68,52
52,3,Wednesday,16,697.58,700,345.5,363,11.67,5.76,6.05,52
52,3,Wednesday,17,767.21,772,385,396,12.87,6.42,6.6,52
52,3,Wednesday,18,652.12,648,308,347,10.8,5.13,5.78,52
52,3,Wednesday,19,529.5,538,261,291.5,8.97,4.35,4.86,52
52,3,Wednesday,20,385.12,382,181.5,214,6.37,3.02,3.57,52
52,3,Wednesday,21,245.33,226.5,88,125,3.78,1.47,2.08,52
52,3,Wednesday,22,136.62,117,57,66,1.95,0.95,1.1,52
52,3,Wednesday,23,78.23,69.5,28.5,36,1.16,0.48,0.6,52
52,4,Thursday,0,31.9,22.5,10.5,11,0.38,0.17,0.18,52
52,4,Thursday,1,20.31,13.5,6,7,0.22,0.1,0.12,52
52,4,Thursday,2,12.51,7,3,4,0.12,0.05,0.07,51
52,4,Thursday,3,7.86,5,2,2,0.08,0.03,0.03,49
52,4,Thursday,4,5.24,4,1,2,0.07,0.02,0.03,51
52,4,Thursday,5,9.25,7,3,4,0.12,0.05,0.07,52
52,4,Thursday,6,31.08,29.5,13,14.5,0.49,0.22,0.24,52
52,4,Thursday,7,129.27,135,67,65,2.25,1.12,1.08,52
52,4,Thursday,8,434,466.5,201,154.5,7.78,3.35,2.58,52
52,4,Thursday,9,338.47,344,178,142,5.73,2.97,2.37,51
52,4,Thursday,10,366.63,368,187,180,6.13,3.12,3,52
52,4,Thursday,11,497.6,501,251,256,8.35,4.18,4.27,52
52,4,Thursday,12,870.87,883,439.5,430,14.72,7.32,7.17,52
52,4,Thursday,13,920.31,922.5,451.5,463,15.38,7.53,7.72,52
52,4,Thursday,14,747.29,739.5,364.5,393.5,12.32,6.08,6.56,52
52,4,Thursday,15,761.75,761.5,352,404.5,12.69,5.87,6.74,52
52,4,Thursday,16,705.88,718.5,355,364,11.97,5.92,6.07,52
52,4,Thursday,17,810.98,811.5,414.5,420.5,13.53,6.91,7.01,52
52,4,Thursday,18,705.06,707.5,359.5,365,11.79,5.99,6.08,52
52,4,Thursday,19,611.98,641,316,328.5,10.68,5.27,5.47,52
52,4,Thursday,20,472.48,485,237,258,8.08,3.95,4.3,52
52,4,Thursday,21,290.19,272.5,111.5,159,4.54,1.86,2.65,52
52,4,Thursday,22,171.04,154,71,83.5,2.57,1.18,1.39,52
52,4,Thursday,23,112.69,99,41.5,54,1.65,0.69,0.9,52
52,5,Friday,0,61.06,49,17,27,0.82,0.28,0.45,53
52,5,Friday,1,28.53,22,12,9,0.37,0.2,0.15,53
52,5,Friday,2,15.1,12,5,5,0.2,0.08,0.08,52
52,5,Friday,3,10.65,8.5,3,3.5,0.14,0.05,0.06,52
52,5,Friday,4,7.64,6,2,3,0.1,0.03,0.05,53
52,5,Friday,5,8.32,8,3,3,0.13,0.05,0.05,53
52,5,Friday,6,29.23,26,12,15,0.43,0.2,0.25,53
52,5,Friday,7,102.72,107,54,51,1.78,0.9,0.85,53
52,5,Friday,8,351.15,378,154,120,6.3,2.57,2,53
52,5,Friday,9,276.26,288,146,131,4.8,2.43,2.18,53
52,5,Friday,10,369.66,371,184,193,6.18,3.07,3.22,53
52,5,Friday,11,517.19,523,265,258,8.72,4.42,4.3,53
52,5,Friday,12,782.87,771,384,400,12.85,6.4,6.67,53
52,5,Friday,13,856.94,858,415,445,14.3,6.92,7.42,53
52,5,Friday,14,752.04,727,368,380,12.12,6.13,6.33,53
52,5,Friday,15,823.04,824,375,450,13.73,6.25,7.5,53
52,5,Friday,16,754.62,767,370,378,12.78,6.17,6.3,53
52,5,Friday,17,847.77,838,411,426,13.97,6.85,7.1,53
52,5,Friday,18,785.66,761,379,420,12.68,6.32,7,53
52,5,Friday,19,734.72,721,366,383,12.02,6.1,6.38,53
52,5,Friday,20,619.43,619,306,326,10.32,5.1,5.43,53
52,5,Friday,21,461.28,430,185,249,7.17,3.08,4.15,53
52,5,Friday,22,350.09,311,140,175,5.18,2.33,2.92,53
52,5,Friday,23,321.45,265,111,159,4.42,1.85,2.65,53
52,6,Saturday,0,239.31,196,70.5,121.5,3.27,1.18,2.02,52
52,6,Saturday,1,180.54,152,48,95,2.53,0.8,1.58,52
52,6,Saturday,2,96.94,74,23.5,48,1.23,0.39,0.8,52
52,6,Saturday,3,68.52,50,14,28,0.83,0.23,0.47,52
52,6,Saturday,4,35.12,18.5,5,11,0.31,0.08,0.18,52
52,6,Saturday,5,22.42,10,5,5,0.17,0.08,0.08,52
52,6,Saturday,6,17.52,15.5,5.5,9,0.26,0.09,0.15,52
52,6,Saturday,7,43.56,43.5,20.5,22,0.72,0.34,0.37,52
52,6,Saturday,8,86.38,81.5,40.5,43.5,1.36,0.68,0.72,52
52,6,Saturday,9,171.65,173,76,84.5,2.88,1.27,1.41,52
52,6,Saturday,10,361.46,355.5,175.5,186,5.92,2.92,3.1,52
52,6,Saturday,11,575.17,572,289,289.5,9.53,4.82,4.82,52
52,6,Saturday,12,754.73,715,370,370.5,11.92,6.17,6.18,52
52,6,Saturday,13,887.69,879.5,445.5,459.5,14.66,7.42,7.66,52
52,6,Saturday,14,928.96,941.5,457,498.5,15.69,7.62,8.31,52
52,6,Saturday,15,923.13,920,455.5,469.5,15.33,7.59,7.82,52
52,6,Saturday,16,868.25,889,459,432.5,14.82,7.65,7.21,52
52,6,Saturday,17,846.17,846.5,422.5,408.5,14.11,7.04,6.81,52
52,6,Saturday,18,803.96,768,368.5,424.5,12.8,6.14,7.08,52
52,6,Saturday,19,756.56,749.5,361.5,399.5,12.49,6.03,6.66,52
52,6,Saturday,20,592.79,581.5,266,325.5,9.69,4.43,5.42,52
52,6,Saturday,21,474.54,486,200,262.5,8.1,3.33,4.38,52
52,6,Saturday,22,392.17,377.5,179.5,202.5,6.29,2.99,3.38,52
52,6,Saturday,23,387.23,358.5,142,197,5.97,2.37,3.28,52
52,7,Sunday,0,307.75,280,110.5,166,4.67,1.84,2.77,52
52,7,Sunday,1,224.98,210,74.5,126,3.5,1.24,2.1,52
52,7,Sunday,2,113.73,103,38,55,1.72,0.63,0.92,51
52,7,Sunday,3,93.38,80.5,27,47.5,1.34,0.45,0.79,52
52,7,Sunday,4,55.67,42,14,23,0.7,0.23,0.38,52
52,7,Sunday,5,34.96,22,7,13,0.37,0.12,0.22,52
52,7,Sunday,6,18.48,15,7.5,8,0.25,0.12,0.13,52
52,7,Sunday,7,35.17,34,16.5,18,0.57,0.28,0.3,52
52,7,Sunday,8,69,69,34,34.5,1.15,0.57,0.58,52
52,7,Sunday,9,141.96,145,56.5,72.5,2.42,0.94,1.21,52
52,7,Sunday,10,318.1,311.5,151.5,159.5,5.19,2.52,2.66,52
52,7,Sunday,11,505.4,505.5,255.5,258.5,8.43,4.26,4.31,52
52,7,Sunday,12,684.42,692.5,342,345,11.54,5.7,5.75,52
52,7,Sunday,13,799.83,792.5,397.5,397.5,13.21,6.62,6.62,52
52,7,Sunday,14,848.6,874.5,411,461.5,14.57,6.85,7.69,52
52,7,Sunday,15,802.56,816,406,400.5,13.6,6.77,6.68,52
52,7,Sunday,16,748.38,737.5,382.5,359.5,12.29,6.38,5.99,52
52,7,Sunday,17,703.35,687,352,354.5,11.45,5.87,5.91,52
52,7,Sunday,18,606.27,609.5,275.5,317,10.16,4.59,5.28,52
52,7,Sunday,19,530.27,528.5,245,281,8.81,4.08,4.68,52
52,7,Sunday,20,384.56,392,183.5,199,6.53,3.06,3.32,52
52,7,Sunday,21,221.48,210.5,89.5,118.5,3.51,1.49,1.98,52
52,7,Sunday,22,132.25,118,57,62,1.97,0.95,1.03,52
52,7,Sunday,23,82.25,71.5,33,40,1.19,0.55,0.67,52
53,1,Monday,0,34.04,27.5,11.5,16,0.46,0.19,0.27,52
53,1,Monday,1,19.56,16.5,7.5,8.5,0.28,0.12,0.14,52
53,1,Monday,2,10.06,7.5,3,3.5,0.12,0.05,0.06,52
53,1,Monday,3,8.94,8,3,4,0.13,0.05,0.07,52
53,1,Monday,4,6.81,6,3,3,0.1,0.05,0.05,52
53,1,Monday,5,18.56,17.5,6,11,0.29,0.1,0.18,52
53,1,Monday,6,69.62,69.5,29,37,1.16,0.48,0.62,52
53,1,Monday,7,250.15,259.5,127.5,114.5,4.32,2.12,1.91,52
53,1,Monday,8,646.29,651,321.5,268,10.85,5.36,4.47,52
53,1,Monday,9,675.29,707,359.5,344.5,11.78,5.99,5.74,52
53,1,Monday,10,852.9,838,455.5,397.5,13.97,7.59,6.62,52
53,1,Monday,11,1101.1,1069.5,586.5,501,17.82,9.78,8.35,52
53,1,Monday,12,1546.83,1530.5,806.5,714.5,25.51,13.44,11.91,52
53,1,Monday,13,1608.04,1595,881,730,26.58,14.68,12.17,52
53,1,Monday,14,1301.25,1289.5,683,606.5,21.49,11.38,10.11,52
53,1,Monday,15,1151.69,1131.5,610.5,526.5,18.86,10.18,8.78,52
53,1,Monday,16,1069.83,1064,570,478.5,17.73,9.5,7.97,52
53,1,Monday,17,1092.77,1111,587.5,481,18.52,9.79,8.02,52
53,1,Monday,18,613.15,611,359.5,256,10.18,5.99,4.27,52
53,1,Monday,19,403.44,405.5,209.5,194,6.76,3.49,3.23,52
53,1,Monday,20,326.85,323,150,176,5.38,2.5,2.93,52
53,1,Monday,21,252.88,231.5,112.5,128,3.86,1.88,2.13,52
53,1,Monday,22,138.58,132.5,65,64.5,2.21,1.08,1.07,52
53,1,Monday,23,61.81,56.5,22,34,0.94,0.37,0.57,52
53,2,Tuesday,0,28.25,24.5,9,13,0.41,0.15,0.22,52
53,2,Tuesday,1,11.81,11,3,6.5,0.18,0.05,0.11,52
53,2,Tuesday,2,6.78,6,3,2,0.1,0.05,0.03,51
53,2,Tuesday,3,5.52,5,2,2,0.08,0.03,0.03,52
53,2,Tuesday,4,6.41,6,3,3,0.1,0.05,0.05,51
53,2,Tuesday,5,22.67,20,7.5,12,0.33,0.12,0.2,52
53,2,Tuesday,6,87.08,81.5,33.5,46,1.36,0.56,0.77,52
53,2,Tuesday,7,307.87,304.5,145.5,142,5.08,2.42,2.37,52
53,2,Tuesday,8,813.12,777,370.5,377,12.95,6.18,6.28,52
53,2,Tuesday,9,774.79,791.5,403.5,376,13.19,6.72,6.27,52
53,2,Tuesday,10,877.54,873.5,448,428,14.56,7.47,7.13,52
53,2,Tuesday,11,1116.9,1095,574.5,525.5,18.25,9.57,8.76,52
53,2,Tuesday,12,1682.27,1696,913.5,781,28.27,15.22,13.02,52
53,2,Tuesday,13,1692.92,1718,929.5,773.5,28.63,15.49,12.89,52
53,2,Tuesday,14,1349.21,1336.5,710,627,22.27,11.83,10.45,52
53,2,Tuesday,15,1213.35,1205,659,544.5,20.08,10.98,9.07,52
53,2,Tuesday,16,1155.33,1171,655,509,19.52,10.92,8.48,52
53,2,Tuesday,17,1322.08,1378,839.5,542.5,22.97,13.99,9.04,52
53,2,Tuesday,18,762.37,791.5,468.5,310,13.19,7.81,5.17,52
53,2,Tuesday,19,461.48,450.5,247,210,7.51,4.12,3.5,52
53,2,Tuesday,20,379.54,371.5,168,197,6.19,2.8,3.28,52
53,2,Tuesday,21,316.83,295,125,169,4.92,2.08,2.82,52
53,2,Tuesday,22,192.88,169.5,78,95,2.83,1.3,1.58,52
53,2,Tuesday,23,89.96,67.5,30.5,39.5,1.12,0.51,0.66,52
53,3,Wednesday,0,35.17,31,12.5,18,0.52,0.21,0.3,52
53,3,Wednesday,1,17.19,16.5,6,9,0.28,0.1,0.15,52
53,3,Wednesday,2,8.79,8,3,4,0.13,0.05,0.07,52
53,3,Wednesday,3,7.71,7,3,4,0.12,0.05,0.07,51
53,3,Wednesday,4,6.52,5,2.5,3,0.08,0.04,0.05,52
53,3,Wednesday,5,27.35,22.5,8,14.5,0.38,0.13,0.24,52
53,3,Wednesday,6,88.37,86,34.5,46.5,1.43,0.58,0.78,52
53,3,Wednesday,7,304.23,311.5,147,132.5,5.19,2.45,2.21,52
53,3,Wednesday,8,799.54,805,354,335,13.42,5.9,5.58,52
53,3,Wednesday,9,746.35,779,379,365.5,12.98,6.32,6.09,52
53,3,Wednesday,10,876.56,874,463,424.5,14.57,7.72,7.08,52
53,3,Wednesday,11,1183.54,1177,628,544,19.62,10.47,9.07,52
53,3,Wednesday,12,1703.02,1692,932.5,757.5,28.2,15.54,12.62,52
53,3,Wednesday,13,1709.52,1742.5,930,797.5,29.04,15.5,13.29,52
53,3,Wednesday,14,1375.1,1339.5,714,631.5,22.32,11.9,10.53,52
53,3,Wednesday,15,1263.98,1246.5,676,581,20.77,11.27,9.68,52
53,3,Wednesday,16,1213.19,1252.5,692.5,548,20.88,11.54,9.13,52
53,3,Wednesday,17,1351.27,1409,836,550,23.48,13.93,9.17,52
53,3,Wednesday,18,827.33,830.5,501,321.5,13.84,8.35,5.36,52
53,3,Wednesday,19,492.37,479.5,260.5,214.5,7.99,4.34,3.58,52
53,3,Wednesday,20,389.6,397.5,183,202,6.62,3.05,3.37,52
53,3,Wednesday,21,353.25,334,140.5,193,5.57,2.34,3.22,52
53,3,Wednesday,22,235.54,203,88,116.5,3.38,1.47,1.94,52
53,3,Wednesday,23,110.21,86.5,34,51,1.44,0.57,0.85,52
53,4,Thursday,0,65.88,36,14,22.5,0.6,0.23,0.38,52
53,4,Thursday,1,28,16.5,7,9,0.28,0.12,0.15,52
53,4,Thursday,2,13.58,9,4,4,0.15,0.07,0.07,52
53,4,Thursday,3,10.61,8,3,4,0.13,0.05,0.07,51
53,4,Thursday,4,8.57,6,3,3,0.1,0.05,0.05,49
53,4,Thursday,5,29.79,30,10,19.5,0.5,0.17,0.32,52
53,4,Thursday,6,82.06,82.5,32.5,49,1.38,0.54,0.82,52
53,4,Thursday,7,305.88,291,148.5,140,4.85,2.48,2.33,52
53,4,Thursday,8,817.77,803.5,372.5,362.5,13.39,6.21,6.04,52
53,4,Thursday,9,784.4,812,409.5,402,13.53,6.82,6.7,52
53,4,Thursday,10,919.92,948,496,450,15.8,8.27,7.5,52
53,4,Thursday,11,1174.12,1186.5,615,562.5,19.77,10.25,9.38,52
53,4,Thursday,12,1702.5,1730.5,938.5,803.5,28.84,15.64,13.39,52
53,4,Thursday,13,1724.25,1758.5,962.5,803.5,29.31,16.04,13.39,52
53,4,Thursday,14,1388.87,1418.5,761.5,653.5,23.64,12.69,10.89,52
53,4,Thursday,15,1265.96,1328,708.5,595,22.13,11.81,9.92,52
53,4,Thursday,16,1226.21,1300,706.5,568.5,21.67,11.78,9.47,52
53,4,Thursday,17,1462.62,1450,896.5,598.5,24.17,14.94,9.97,52
53,4,Thursday,18,941.79,940.5,581,365,15.68,9.68,6.08,52
53,4,Thursday,19,545.35,527,304.5,231.5,8.78,5.08,3.86,52
53,4,Thursday,20,440.02,433,208,227.5,7.22,3.47,3.79,52
53,4,Thursday,21,392.67,391,165.5,223,6.52,2.76,3.72,52
53,4,Thursday,22,280.27,269,105,158,4.48,1.75,2.63,52
53,4,Thursday,23,126.5,123.5,47.5,66,2.06,0.79,1.1,52
53,5,Friday,0,57.55,54,20,32,0.9,0.33,0.53,53
53,5,Friday,1,34.64,31,12,16,0.52,0.2,0.27,53
53,5,Friday,2,17,14,6,9,0.23,0.1,0.15,53
53,5,Friday,3,11.74,10,4,6,0.17,0.07,0.1,53
53,5,Friday,4,9.47,8,4,4,0.13,0.07,0.07,53
53,5,Friday,5,24.15,23,8,14,0.38,0.13,0.23,53
53,5,Friday,6,72.53,75,30,40,1.25,0.5,0.67,53
53,5,Friday,7,227.49,236,118,102,3.93,1.97,1.7,53
53,5,Friday,8,592.4,617,285,285,10.28,4.75,4.75,53
53,5,Friday,9,725.11,753,377,363,12.55,6.28,6.05,53
53,5,Friday,10,933.72,954,491,457,15.9,8.18,7.62,53
53,5,Friday,11,1205.4,1213,648,566,20.22,10.8,9.43,53
53,5,Friday,12,1540.09,1570,836,719,26.17,13.93,11.98,53
53,5,Friday,13,1599.74,1631,893,758,27.18,14.88,12.63,53
53,5,Friday,14,1421.51,1431,755,662,23.85,12.58,11.03,53
53,5,Friday,15,1355.55,1359,725,630,22.65,12.08,10.5,53
53,5,Friday,16,1317.04,1358,744,599,22.63,12.4,9.98,53
53,5,Friday,17,1366,1405,812,582,23.42,13.53,9.7,53
53,5,Friday,18,1004.81,997,596,407,16.62,9.93,6.78,53
53,5,Friday,19,724.26,711,406,290,11.85,6.77,4.83,53
53,5,Friday,20,597.57,590,289,293,9.83,4.82,4.88,53
53,5,Friday,21,494.6,478,227,264,7.97,3.78,4.4,53
53,5,Friday,22,428.25,411,169,232,6.85,2.82,3.87,53
53,5,Friday,23,270.09,255,114,135,4.25,1.9,2.25,53
53,6,Saturday,0,139.12,130,65.5,61.5,2.17,1.09,1.02,52
53,6,Saturday,1,69.19,60.5,28.5,33.5,1.01,0.48,0.56,52
53,6,Saturday,2,41.75,36.5,17.5,17.5,0.61,0.29,0.29,52
53,6,Saturday,3,29.75,27,11.5,11,0.45,0.19,0.18,52
53,6,Saturday,4,17.96,12,7,5,0.2,0.12,0.08,52
53,6,Saturday,5,18.71,15,7,7,0.25,0.12,0.12,52
53,6,Saturday,6,36.02,30.5,16.5,15.5,0.51,0.28,0.26,52
53,6,Saturday,7,92.73,79,43,36,1.32,0.72,0.6,52
53,6,Saturday,8,227.12,209,110.5,98,3.48,1.84,1.63,52
53,6,Saturday,9,539.25,529.5,275,240,8.82,4.58,4,52
53,6,Saturday,10,910.25,898,481,412,14.97,8.02,6.87,52
53,6,Saturday,11,1264.38,1266.5,673.5,582.5,21.11,11.22,9.71,52
53,6,Saturday,12,1464.81,1477.5,795.5,666,24.62,13.26,11.1,52
53,6,Saturday,13,1570.17,1565,860.5,699,26.08,14.34,11.65,52
53,6,Saturday,14,1591.9,1575,866,729.5,26.25,14.43,12.16,52
53,6,Saturday,15,1598.31,1617.5,879,752,26.96,14.65,12.53,52
53,6,Saturday,16,1439.23,1508,797.5,683.5,25.13,13.29,11.39,52
53,6,Saturday,17,1126.77,1140.5,641,513,19.01,10.68,8.55,52
53,6,Saturday,18,790.62,784,464,330.5,13.07,7.73,5.51,52
53,6,Saturday,19,655.5,649.5,354,279,10.82,5.9,4.65,52
53,6,Saturday,20,548.67,541.5,264,268,9.03,4.4,4.47,52
53,6,Saturday,21,462.67,447,190,264.5,7.45,3.17,4.41,52
53,6,Saturday,22,444.98,451.5,167.5,282.5,7.53,2.79,4.71,52
53,6,Saturday,23,295.46,284,128,152.5,4.73,2.13,2.54,52
53,7,Sunday,0,164.15,163.5,85,80.5,2.72,1.42,1.34,52
53,7,Sunday,1,92.83,91.5,42,49.5,1.52,0.7,0.82,52
53,7,Sunday,2,57.37,56,25,31,0.93,0.42,0.52,51
53,7,Sunday,3,41.06,39,19,20,0.65,0.32,0.33,52
53,7,Sunday,4,21.04,21,11.5,9,0.35,0.19,0.15,52
53,7,Sunday,5,22.65,18,9,8.5,0.3,0.15,0.14,52
53,7,Sunday,6,32.81,29,15,14,0.48,0.25,0.23,52
53,7,Sunday,7,60.58,58.5,35,25,0.98,0.58,0.42,52
53,7,Sunday,8,143.35,139,81,58,2.32,1.35,0.97,52
53,7,Sunday,9,367.13,361.5,196,172,6.03,3.27,2.87,52
53,7,Sunday,10,727.73,718,386,332.5,11.97,6.43,5.54,52
53,7,Sunday,11,1033.85,1052,564.5,470.5,17.53,9.41,7.84,52
53,7,Sunday,12,1235.92,1226,667,544.5,20.43,11.12,9.07,52
53,7,Sunday,13,1271.21,1273,684.5,584.5,21.22,11.41,9.74,52
53,7,Sunday,14,1333.44,1338,721,593,22.3,12.02,9.88,52
53,7,Sunday,15,1257.12,1241.5,662,566.5,20.69,11.03,9.44,52
53,7,Sunday,16,1079.48,1122.5,597.5,492,18.71,9.96,8.2,52
53,7,Sunday,17,773.79,735,424.5,329,12.25,7.08,5.48,52
53,7,Sunday,18,481,453,258.5,196.5,7.55,4.31,3.28,52
53,7,Sunday,19,385.19,362.5,178,174,6.04,2.97,2.9,52
53,7,Sunday,20,318.06,297.5,127.5,172.5,4.96,2.12,2.88,52
53,7,Sunday,21,252.08,228,90.5,144,3.8,1.51,2.4,52
53,7,Sunday,22,158.98,146,64.5,75.5,2.43,1.07,1.26,52
53,7,Sunday,23,88.29,71,28.5,38,1.18,0.48,0.63,52
54,1,Monday,0,45.45,45,22,20,0.75,0.37,0.33,51
54,1,Monday,1,30.96,30,18,12,0.5,0.3,0.2,51
54,1,Monday,2,16.76,16,9,6,0.27,0.15,0.1,51
54,1,Monday,3,10.92,10,5,3,0.17,0.08,0.05,51
54,1,Monday,4,9.43,9,4,4,0.15,0.07,0.07,51
54,1,Monday,5,8.78,8,5,3,0.13,0.08,0.05,51
54,1,Monday,6,18.2,17,11,7,0.28,0.18,0.12,51
54,1,Monday,7,51.24,53,33,17,0.88,0.55,0.28,51
54,1,Monday,8,170.51,165,123,39,2.75,2.05,0.65,51
54,1,Monday,9,175.1,161,115,43,2.68,1.92,0.72,51
54,1,Monday,10,187.75,187,104,80,3.12,1.73,1.33,51
54,1,Monday,11,223.4,222,116,110.5,3.7,1.93,1.84,52
54,1,Monday,12,300.44,283.5,142.5,140.5,4.72,2.38,2.34,52
54,1,Monday,13,316.96,301.5,155,147,5.03,2.58,2.45,52
54,1,Monday,14,290.69,292,139,144,4.87,2.32,2.4,52
54,1,Monday,15,337.62,334.5,141,191,5.58,2.35,3.18,52
54,1,Monday,16,347.13,312,115,200,5.2,1.92,3.33,52
54,1,Monday,17,400.17,370,129.5,233.5,6.17,2.16,3.89,52
54,1,Monday,18,323.38,286,125.5,158.5,4.77,2.09,2.64,52
54,1,Monday,19,267.38,252,122.5,128.5,4.2,2.04,2.14,52
54,1,Monday,20,215.37,199.5,97.5,102.5,3.33,1.62,1.71,52
54,1,Monday,21,169.71,164.5,83,81.5,2.74,1.38,1.36,52
54,1,Monday,22,116.62,110.5,57,55,1.84,0.95,0.92,52
54,1,Monday,23,69.63,64.5,31,31.5,1.07,0.52,0.52,52
54,2,Tuesday,0,38.19,37.5,19,18,0.62,0.32,0.3,52
54,2,Tuesday,1,31.29,29.5,18.5,10.5,0.49,0.31,0.17,52
54,2,Tuesday,2,13.81,13,7,5,0.22,0.12,0.08,52
54,2,Tuesday,3,10.04,9,5,3,0.15,0.08,0.05,51
54,2,Tuesday,4,8.15,7,3,4,0.12,0.05,0.07,52
54,2,Tuesday,5,10.08,10,6,3.5,0.17,0.1,0.06,52
54,2,Tuesday,6,19.88,20,11,8.5,0.33,0.18,0.14,52
54,2,Tuesday,7,55.85,54,34.5,19,0.9,0.58,0.32,52
54,2,Tuesday,8,215.25,189.5,150.5,38,3.16,2.51,0.63,52
54,2,Tuesday,9,184.94,188.5,138,44,3.14,2.3,0.73,52
54,2,Tuesday,10,218.02,210,132.5,78,3.5,2.21,1.3,52
54,2,Tuesday,11,257.71,243.5,121,122.5,4.06,2.02,2.04,52
54,2,Tuesday,12,343.06,348.5,165.5,182.5,5.81,2.76,3.04,52
54,2,Tuesday,13,367.9,366,180.5,175,6.1,3.01,2.92,52
54,2,Tuesday,14,313.62,312,147,154,5.2,2.45,2.57,52
54,2,Tuesday,15,339.04,336,144,172.5,5.6,2.4,2.88,52
54,2,Tuesday,16,401.48,378,135.5,245.5,6.3,2.26,4.09,52
54,2,Tuesday,17,463.29,440.5,147,297.5,7.34,2.45,4.96,52
54,2,Tuesday,18,357.65,342,131,202.5,5.7,2.18,3.38,52
54,2,Tuesday,19,287.9,276.5,118.5,154,4.61,1.98,2.57,52
54,2,Tuesday,20,251.4,235,113.5,118,3.92,1.89,1.97,52
54,2,Tuesday,21,175.27,179,85,89.5,2.98,1.42,1.49,52
54,2,Tuesday,22,121.17,114,55,59.5,1.9,0.92,0.99,52
54,2,Tuesday,23,72.81,70.5,35,34,1.18,0.58,0.57,52
54,3,Wednesday,0,42.69,40.5,19,19.5,0.68,0.32,0.32,52
54,3,Wednesday,1,30.37,26.5,18,11.5,0.44,0.3,0.19,52
54,3,Wednesday,2,16.04,14.5,8,6,0.24,0.13,0.1,52
54,3,Wednesday,3,9.63,9,6,3,0.15,0.1,0.05,52
54,3,Wednesday,4,9.25,8,4,4,0.13,0.07,0.07,52
54,3,Wednesday,5,10.15,10,6,3.5,0.17,0.1,0.06,52
54,3,Wednesday,6,19.85,19,11,8,0.32,0.18,0.13,52
54,3,Wednesday,7,57.08,55,37,17.5,0.92,0.62,0.29,52
54,3,Wednesday,8,201.27,190,133,41,3.17,2.22,0.68,51
54,3,Wednesday,9,179.78,172,122,47,2.87,2.03,0.78,51
54,3,Wednesday,10,208.16,209,130,77,3.48,2.17,1.28,51
54,3,Wednesday,11,251.78,265,130,122,4.42,2.17,2.03,51
54,3,Wednesday,12,337.43,356,182,171,5.93,3.03,2.85,51
54,3,Wednesday,13,354.75,375,186,178,6.25,3.1,2.97,51
54,3,Wednesday,14,328.96,338,161,169,5.63,2.68,2.82,51
54,3,Wednesday,15,367.37,363,151,202,6.05,2.52,3.37,51
54,3,Wednesday,16,388.2,377,136,258,6.28,2.27,4.3,51
54,3,Wednesday,17,446.02,432,148,284,7.2,2.47,4.73,51
54,3,Wednesday,18,359,353,140,217,5.88,2.33,3.62,51
54,3,Wednesday,19,284.73,272,123,150,4.53,2.05,2.5,51
54,3,Wednesday,20,243.04,236,109,113,3.93,1.82,1.88,51
54,3,Wednesday,21,203.84,208,105,100,3.47,1.75,1.67,51
54,3,Wednesday,22,132.67,136,71,65,2.27,1.18,1.08,51
54,3,Wednesday,23,78.88,74,37,36,1.23,0.62,0.6,51
54,4,Thursday,0,43.78,41,21,20,0.68,0.35,0.33,51
54,4,Thursday,1,29.35,28,17,12,0.47,0.28,0.2,51
54,4,Thursday,2,17.29,15,10,6,0.25,0.17,0.1,51
54,4,Thursday,3,9.02,8,5,2,0.13,0.08,0.03,50
54,4,Thursday,4,9.34,8.5,3,5,0.14,0.05,0.08,50
54,4,Thursday,5,9.98,9,5,4,0.15,0.08,0.07,50
54,4,Thursday,6,20.5,20.5,11,8,0.34,0.18,0.13,50
54,4,Thursday,7,54.94,53,33,20.5,0.88,0.55,0.34,50
54,4,Thursday,8,191.51,162,121,40,2.7,2.02,0.67,51
54,4,Thursday,9,177.43,166,124,46,2.77,2.07,0.77,51
54,4,Thursday,10,208.94,212,121,74,3.53,2.02,1.23,51
54,4,Thursday,11,249.22,253,128,127,4.22,2.13,2.12,51
54,4,Thursday,12,327.02,333,149,178,5.55,2.48,2.97,51
54,4,Thursday,13,357.75,335,178,152,5.58,2.97,2.53,51
54,4,Thursday,14,320.65,323,153,158,5.38,2.55,2.63,51
54,4,Thursday,15,358.43,371,150,204,6.18,2.5,3.4,51
54,4,Thursday,16,402.92,403,149,258,6.72,2.48,4.3,51
54,4,Thursday,17,480,482,159,307,8.03,2.65,5.12,51
54,4,Thursday,18,396.71,372,149,214,6.2,2.48,3.57,51
54,4,Thursday,19,296.1,282,129,152,4.7,2.15,2.53,51
54,4,Thursday,20,246.96,242,127,117,4.03,2.12,1.95,51
54,4,Thursday,21,218.02,217,105,105,3.62,1.75,1.75,51
54,4,Thursday,22,143.92,141,68,68,2.35,1.13,1.13,51
54,4,Thursday,23,87.33,90,45,40,1.5,0.75,0.67,51
54,5,Friday,0,45.85,45,22,22,0.75,0.37,0.37,52
54,5,Friday,1,36.6,34.5,20,12,0.58,0.33,0.2,52
54,5,Friday,2,22.77,21,13,5.5,0.35,0.22,0.09,52
54,5,Friday,3,14.88,12.5,8.5,3,0.21,0.14,0.05,52
54,5,Friday,4,12.64,11,6,5,0.18,0.1,0.08,53
54,5,Friday,5,10.83,10,6,4,0.17,0.1,0.07,53
54,5,Friday,6,19.19,18,9,9,0.3,0.15,0.15,53
54,5,Friday,7,49.36,49,29,18,0.82,0.48,0.3,53
54,5,Friday,8,162.38,144,106,34,2.4,1.77,0.57,53
54,5,Friday,9,157.79,149,102,44,2.48,1.7,0.73,53
54,5,Friday,10,191.92,179,109,73,2.98,1.82,1.22,53
54,5,Friday,11,228.25,238,115,107,3.97,1.92,1.78,53
54,5,Friday,12,313.79,307,149,154,5.12,2.48,2.57,53
54,5,Friday,13,334.02,333.5,167,156.5,5.56,2.78,2.61,52
54,5,Friday,14,317.98,327,143.5,156.5,5.45,2.39,2.61,52
54,5,Friday,15,343.5,349,147.5,171.5,5.82,2.46,2.86,52
54,5,Friday,16,373.31,353,135.5,217,5.88,2.26,3.62,52
54,5,Friday,17,424.23,424.5,150,241.5,7.08,2.5,4.03,52
54,5,Friday,18,337.77,307,144,170.5,5.12,2.4,2.84,52
54,5,Friday,19,293.06,276.5,136.5,138,4.61,2.28,2.3,52
54,5,Friday,20,269.79,264,142.5,128.5,4.4,2.38,2.14,52
54,5,Friday,21,235.6,231,123,106,3.85,2.05,1.77,52
54,5,Friday,22,167.71,162,82.5,81,2.7,1.38,1.35,52
54,5,Friday,23,109.4,107,59.5,48.5,1.78,0.99,0.81,52
54,6,Saturday,0,68.15,65,38,29,1.08,0.63,0.48,52
54,6,Saturday,1,39.77,36.5,20,16,0.61,0.33,0.27,52
54,6,Saturday,2,32.9,29.5,20,10,0.49,0.33,0.17,52
54,6,Saturday,3,24.35,21.5,15,5.5,0.36,0.25,0.09,52
54,6,Saturday,4,14.13,12,8,4,0.2,0.13,0.07,52
54,6,Saturday,5,9.52,9,5,3,0.15,0.08,0.05,52
54,6,Saturday,6,13.1,12.5,6,6,0.21,0.1,0.1,52
54,6,Saturday,7,27.79,27,15,11,0.45,0.25,0.18,52
54,6,Saturday,8,47.63,46,23,23,0.77,0.38,0.38,52
54,6,Saturday,9,79.42,75.5,38.5,38,1.26,0.64,0.63,52
54,6,Saturday,10,111.15,117,57,58,1.95,0.95,0.97,52
54,6,Saturday,11,146.94,148,74.5,75,2.47,1.24,1.25,52
54,6,Saturday,12,180.52,183.5,95.5,87.5,3.06,1.59,1.46,52
54,6,Saturday,13,222.5,222.5,116,104,3.71,1.93,1.73,52
54,6,Saturday,14,227.94,234,121,111,3.9,2.02,1.85,52
54,6,Saturday,15,228.69,238.5,123.5,107.5,3.98,2.06,1.79,52
54,6,Saturday,16,234.1,243.5,116.5,119.5,4.06,1.94,1.99,52
54,6,Saturday,17,244.85,261,117,129,4.35,1.95,2.15,52
54,6,Saturday,18,244.46,250,129.5,125.5,4.17,2.16,2.09,52
54,6,Saturday,19,236.75,238,130.5,108,3.97,2.17,1.8,52
54,6,Saturday,20,225.21,220.5,114.5,105,3.67,1.91,1.75,52
54,6,Saturday,21,210.04,206,116.5,96.5,3.43,1.94,1.61,52
54,6,Saturday,22,149.62,153.5,73.5,70.5,2.56,1.23,1.18,52
54,6,Saturday,23,98.12,99,53,47,1.65,0.88,0.78,51
54,7,Sunday,0,58.43,58,29,26,0.97,0.48,0.43,51
54,7,Sunday,1,39.82,36,21,14,0.6,0.35,0.23,51
54,7,Sunday,2,33.06,33,22,9,0.55,0.37,0.15,50
54,7,Sunday,3,25.73,23,17,7,0.38,0.28,0.12,51
54,7,Sunday,4,15.4,12,8,4.5,0.2,0.13,0.07,50
54,7,Sunday,5,11.56,10.5,6.5,4,0.17,0.11,0.07,50
54,7,Sunday,6,17.52,16.5,8,7.5,0.28,0.13,0.12,50
54,7,Sunday,7,25.68,24,12.5,12,0.4,0.21,0.2,50
54,7,Sunday,8,47.38,47,23.5,21.5,0.78,0.39,0.36,50
54,7,Sunday,9,73.94,70,32.5,33.5,1.17,0.54,0.56,50
54,7,Sunday,10,112.12,111,56,52,1.85,0.93,0.87,51
54,7,Sunday,11,142.31,138,67,71,2.3,1.12,1.18,51
54,7,Sunday,12,189.35,178,95,82,2.97,1.58,1.37,51
54,7,Sunday,13,237.82,215,125,93,3.58,2.08,1.55,51
54,7,Sunday,14,249.73,223,122,101,3.72,2.03,1.68,51
54,7,Sunday,15,234.37,213,125,96,3.55,2.08,1.6,51
54,7,Sunday,16,223.53,224,110,106,3.73,1.83,1.77,51
54,7,Sunday,17,231.42,233.5,107.5,125,3.89,1.79,2.08,50
54,7,Sunday,18,209.86,196.5,105.5,100,3.28,1.76,1.67,50
54,7,Sunday,19,196.8,199,108,87,3.32,1.8,1.45,51
54,7,Sunday,20,174.94,176,94,80,2.93,1.57,1.33,51
54,7,Sunday,21,160.8,163,84,72,2.72,1.4,1.2,51
54,7,Sunday,22,112.35,104,56,51,1.73,0.93,0.85,51
54,7,Sunday,23,67.22,66,36,33,1.1,0.6,0.55,51
56,1,Monday,0,77.71,67,32,38,1.12,0.53,0.63,51
56,1,Monday,1,36.67,28,15,15,0.47,0.25,0.25,51
56,1,Monday,2,16.04,14,7,7,0.23,0.12,0.12,51
56,1,Monday,3,8.51,6,3,2,0.1,0.05,0.03,49
56,1,Monday,4,7.17,5.5,2.5,3,0.09,0.04,0.05,48
56,1,Monday,5,16.02,15,8,7,0.25,0.13,0.12,51
56,1,Monday,6,39.84,40,24,16,0.67,0.4,0.27,51
56,1,Monday,7,120.54,123,65,59,2.05,1.08,0.98,52
56,1,Monday,8,292.46,320,121.5,197.5,5.33,2.02,3.29,52
56,1,Monday,9,323.35,319.5,165,156.5,5.32,2.75,2.61,52
56,1,Monday,10,433.02,430.5,262.5,174.5,7.18,4.38,2.91,52
56,1,Monday,11,531.63,523.5,297.5,226.5,8.72,4.96,3.78,52
56,1,Monday,12,796.71,792,442.5,349.5,13.2,7.38,5.82,52
56,1,Monday,13,887.25,887,461,427,14.78,7.68,7.12,52
56,1,Monday,14,737.96,738.5,384,336,12.31,6.4,5.6,52
56,1,Monday,15,709.73,715,385,326,11.92,6.42,5.43,51
56,1,Monday,16,719.9,724,378,354,12.07,6.3,5.9,51
56,1,Monday,17,842.29,863,425,422,14.38,7.08,7.03,51
56,1,Monday,18,800.78,800,373,433,13.33,6.22,7.22,51
56,1,Monday,19,738.35,739,360,395,12.32,6,6.58,51
56,1,Monday,20,609.67,602,306,306,10.03,5.1,5.1,51
56,1,Monday,21,448.9,436,195,244,7.27,3.25,4.07,51
56,1,Monday,22,252.24,241,98,140,4.02,1.63,2.33,51
56,1,Monday,23,124.06,120,54,65,2,0.9,1.08,51
56,2,Tuesday,0,67.98,60,27,36.5,1,0.45,0.61,52
56,2,Tuesday,1,26.82,25,11,13,0.42,0.18,0.22,51
56,2,Tuesday,2,10.43,10,4,4,0.17,0.07,0.07,51
56,2,Tuesday,3,6.46,5,3,2,0.08,0.05,0.03,48
56,2,Tuesday,4,5.77,5,2.5,2,0.08,0.04,0.03,48
56,2,Tuesday,5,16.16,16,10,6,0.27,0.17,0.1,51
56,2,Tuesday,6,46.1,46,26,21,0.77,0.43,0.35,51
56,2,Tuesday,7,135.6,140,71,65,2.33,1.18,1.08,52
56,2,Tuesday,8,320.77,344,129,203.5,5.73,2.15,3.39,52
56,2,Tuesday,9,326.19,321.5,154.5,167,5.36,2.58,2.78,52
56,2,Tuesday,10,426.85,423.5,229.5,185,7.06,3.83,3.08,52
56,2,Tuesday,11,524.58,525,287,230.5,8.75,4.78,3.84,52
56,2,Tuesday,12,847.17,840,454,389,14,7.57,6.48,52
56,2,Tuesday,13,915.52,946,494.5,441,15.77,8.24,7.35,52
56,2,Tuesday,14,713.08,717.5,391.5,337,11.96,6.53,5.62,52
56,2,Tuesday,15,729.96,737.5,394,337,12.29,6.57,5.62,52
56,2,Tuesday,16,734.83,755,384.5,360,12.58,6.41,6,52
56,2,Tuesday,17,928.31,935,474,470,15.58,7.9,7.83,51
56,2,Tuesday,18,863.96,877,416,476,14.62,6.93,7.93,52
56,2,Tuesday,19,785.58,774.5,386,407,12.91,6.43,6.78,52
56,2,Tuesday,20,651.21,654.5,330.5,325,10.91,5.51,5.42,52
56,2,Tuesday,21,481.42,490.5,228.5,258,8.18,3.81,4.3,52
56,2,Tuesday,22,267.53,265,106,156,4.42,1.77,2.6,51
56,2,Tuesday,23,136.57,134,56,78,2.23,0.93,1.3,51
56,3,Wednesday,0,62.73,59,24,33,0.98,0.4,0.55,51
56,3,Wednesday,1,31.55,29,14,16,0.48,0.23,0.27,51
56,3,Wednesday,2,12.27,12,7,5,0.2,0.12,0.08,51
56,3,Wednesday,3,6.94,6,2,4,0.1,0.03,0.07,50
56,3,Wednesday,4,6.42,5,2,3,0.08,0.03,0.05,48
56,3,Wednesday,5,17.12,16,9,8,0.27,0.15,0.13,52
56,3,Wednesday,6,47.71,50,28.5,20,0.83,0.48,0.33,52
56,3,Wednesday,7,141.65,147,73.5,69,2.45,1.23,1.15,52
56,3,Wednesday,8,333.19,355.5,147.5,200.5,5.92,2.46,3.34,52
56,3,Wednesday,9,316.35,316,158,156.5,5.27,2.63,2.61,52
56,3,Wednesday,10,416.94,426,252,179,7.1,4.2,2.98,51
56,3,Wednesday,11,527.48,525,292.5,236,8.75,4.88,3.93,52
56,3,Wednesday,12,837.81,838,458,381.5,13.97,7.63,6.36,52
56,3,Wednesday,13,926.17,912,486.5,439.5,15.2,8.11,7.32,52
56,3,Wednesday,14,730.46,736.5,386,347.5,12.28,6.43,5.79,52
56,3,Wednesday,15,711.37,704.5,380,323,11.74,6.33,5.38,52
56,3,Wednesday,16,754.04,753,382,369,12.55,6.37,6.15,52
56,3,Wednesday,17,933.56,943.5,469,480,15.72,7.82,8,52
56,3,Wednesday,18,895.67,918.5,428.5,485.5,15.31,7.14,8.09,52
56,3,Wednesday,19,832.73,843,394,453,14.05,6.57,7.55,52
56,3,Wednesday,20,692.15,701.5,350.5,348.5,11.69,5.84,5.81,52
56,3,Wednesday,21,542.65,547.5,250.5,288,9.12,4.18,4.8,52
56,3,Wednesday,22,318.17,309.5,127,178.5,5.16,2.12,2.98,52
56,3,Wednesday,23,168.67,154,67.5,90.5,2.57,1.12,1.51,52
56,4,Thursday,0,89.79,76.5,32,42,1.27,0.53,0.7,52
56,4,Thursday,1,44.31,33,15,17,0.55,0.25,0.28,52
56,4,Thursday,2,15.81,12.5,6,7,0.21,0.1,0.12,52
56,4,Thursday,3,9.81,6,3,3,0.1,0.05,0.05,52
56,4,Thursday,4,7.94,6,3,2,0.1,0.05,0.03,51
56,4,Thursday,5,19.94,17,8,8,0.28,0.13,0.13,52
56,4,Thursday,6,47,46.5,27.5,19,0.78,0.46,0.32,52
56,4,Thursday,7,143.87,146.5,73,70,2.44,1.22,1.17,52
56,4,Thursday,8,322.15,331,138,194.5,5.52,2.3,3.24,52
56,4,Thursday,9,338.79,342.5,168,172,5.71,2.8,2.87,52
56,4,Thursday,10,434.96,432.5,249,191.5,7.21,4.15,3.19,52
56,4,Thursday,11,533.33,551.5,309,236.5,9.19,5.15,3.94,52
56,4,Thursday,12,842.6,863,456,403,14.38,7.6,6.72,52
56,4,Thursday,13,934.06,947,501.5,445.5,15.78,8.36,7.42,52
56,4,Thursday,14,722.5,717,377.5,341.5,11.95,6.29,5.69,52
56,4,Thursday,15,735.73,757.5,409,344,12.62,6.82,5.73,52
56,4,Thursday,16,750.06,771,396,369,12.85,6.6,6.15,51
56,4,Thursday,17,974.94,978,515,473,16.3,8.58,7.88,51
56,4,Thursday,18,952.71,974,461,494,16.23,7.68,8.23,51
56,4,Thursday,19,878.06,878,442,432,14.63,7.37,7.2,51
56,4,Thursday,20,785.84,806,384,398,13.43,6.4,6.63,51
56,4,Thursday,21,589.86,592,268,319,9.87,4.47,5.32,51
56,4,Thursday,22,361.96,358,144,212,5.97,2.4,3.53,51
56,4,Thursday,23,186.2,181,67,108,3.02,1.12,1.8,51
56,5,Friday,0,93.54,84,33,53,1.4,0.55,0.88,52
56,5,Friday,1,45.25,44,20,24,0.73,0.33,0.4,53
56,5,Friday,2,20.32,17,7,10,0.28,0.12,0.17,53
56,5,Friday,3,11.33,8.5,4,5,0.14,0.07,0.08,52
56,5,Friday,4,7.06,5,3,2,0.08,0.05,0.03,51
56,5,Friday,5,15.75,15,7,8,0.25,0.12,0.13,53
56,5,Friday,6,42.42,41,22,19,0.68,0.37,0.32,53
56,5,Friday,7,114.4,118,59,54,1.97,0.98,0.9,53
56,5,Friday,8,283.12,293.5,120.5,172.5,4.89,2.01,2.88,52
56,5,Friday,9,340.53,344,183,160,5.73,3.05,2.67,53
56,5,Friday,10,463.38,465,283,188,7.75,4.72,3.13,53
56,5,Friday,11,574.98,583,331,257,9.72,5.52,4.28,53
56,5,Friday,12,826.91,849,450,384,14.15,7.5,6.4,53
56,5,Friday,13,927.6,939,490,449,15.65,8.17,7.48,53
56,5,Friday,14,774.91,779,408,368,12.98,6.8,6.13,53
56,5,Friday,15,806.06,809,433,376,13.48,7.22,6.27,53
56,5,Friday,16,822.52,829,411.5,417,13.82,6.86,6.95,52
56,5,Friday,17,1014.19,1037.5,515,512,17.29,8.58,8.53,52
56,5,Friday,18,1082.35,1087,524,534,18.12,8.73,8.9,51
56,5,Friday,19,1112.69,1108,564,548,18.47,9.4,9.13,51
56,5,Friday,20,997.33,992,498,509,16.53,8.3,8.48,51
56,5,Friday,21,847.12,864,414,438,14.4,6.9,7.3,51
56,5,Friday,22,630.44,652,288.5,342,10.87,4.81,5.7,50
56,5,Friday,23,410.62,407.5,177,225,6.79,2.95,3.75,50
56,6,Saturday,0,233.61,223,96,135,3.72,1.6,2.25,49
56,6,Saturday,1,130.38,134,48.5,78.5,2.23,0.81,1.31,50
56,6,Saturday,2,75.61,75,38,36,1.25,0.63,0.6,51
56,6,Saturday,3,50.71,46,26,18,0.77,0.43,0.3,51
56,6,Saturday,4,37.43,34,26,10,0.57,0.43,0.17,51
56,6,Saturday,5,34.14,32,20,10,0.53,0.33,0.17,51
56,6,Saturday,6,33.18,31,17,14,0.52,0.28,0.23,51
56,6,Saturday,7,67.37,64,38,25,1.07,0.63,0.42,51
56,6,Saturday,8,139.67,130,83,51,2.17,1.38,0.85,52
56,6,Saturday,9,275.59,277,174,95,4.62,2.9,1.58,51
56,6,Saturday,10,480.86,473,303,170,7.88,5.05,2.83,51
56,6,Saturday,11,648.69,652,369,274,10.87,6.15,4.57,49
56,6,Saturday,12,816.36,826.5,460,363.5,13.78,7.67,6.06,50
56,6,Saturday,13,962.62,967,514.5,448.5,16.12,8.57,7.47,50
56,6,Saturday,14,970.66,991,511,473.5,16.52,8.52,7.89,50
56,6,Saturday,15,963.22,956.5,490,469.5,15.94,8.17,7.82,50
56,6,Saturday,16,955.04,965.5,478,501,16.09,7.97,8.35,50
56,6,Saturday,17,1040.06,1060.5,480,574,17.68,8,9.57,50
56,6,Saturday,18,1124.34,1153,548.5,603,19.22,9.14,10.05,50
56,6,Saturday,19,1151.53,1167,551,611,19.45,9.18,10.18,51
56,6,Saturday,20,1003.16,996,530,473,16.6,8.83,7.88,51
56,6,Saturday,21,822.1,796,396,410,13.27,6.6,6.83,52
56,6,Saturday,22,618.73,614,282.5,322.5,10.23,4.71,5.38,52
56,6,Saturday,23,426.63,416.5,185.5,230.5,6.94,3.09,3.84,52
56,7,Sunday,0,261.4,268,116.5,150.5,4.47,1.94,2.51,52
56,7,Sunday,1,152.87,160,64.5,86,2.67,1.07,1.43,52
56,7,Sunday,2,83.53,83,38,45,1.38,0.63,0.75,51
56,7,Sunday,3,57.22,59,31,27,0.98,0.52,0.45,51
56,7,Sunday,4,43.9,37,26,13,0.62,0.43,0.22,51
56,7,Sunday,5,52.12,48,32,15,0.8,0.53,0.25,51
56,7,Sunday,6,35.73,35,20,15.5,0.58,0.33,0.26,52
56,7,Sunday,7,66.98,65,42,23,1.08,0.7,0.38,52
56,7,Sunday,8,119.29,120,70.5,49.5,2,1.18,0.82,52
56,7,Sunday,9,263.54,255.5,181,77.5,4.26,3.02,1.29,52
56,7,Sunday,10,478.58,466.5,310.5,162.5,7.78,5.18,2.71,52
56,7,Sunday,11,591.83,607,347,248.5,10.12,5.78,4.14,52
56,7,Sunday,12,771.52,786.5,417.5,362.5,13.11,6.96,6.04,52
56,7,Sunday,13,893.12,900,489,415,15,8.15,6.92,52
56,7,Sunday,14,902.9,911.5,486.5,430.5,15.19,8.11,7.18,52
56,7,Sunday,15,849.06,843.5,430,415,14.06,7.17,6.92,52
56,7,Sunday,16,826.4,838.5,409,434.5,13.97,6.82,7.24,52
56,7,Sunday,17,858.85,875.5,399,462.5,14.59,6.65,7.71,52
56,7,Sunday,18,877.21,889,402.5,480,14.82,6.71,8,52
56,7,Sunday,19,830.67,857,405.5,443,14.28,6.76,7.38,52
56,7,Sunday,20,667.29,679.5,334.5,336.5,11.32,5.58,5.61,52
56,7,Sunday,21,498.58,488.5,208.5,267.5,8.14,3.48,4.46,52
56,7,Sunday,22,279.83,264,109,153,4.4,1.82,2.55,52
56,7,Sunday,23,154.29,140.5,55.5,84.5,2.34,0.92,1.41,52
58,1,Monday,0,122.41,109,53,58,1.82,0.88,0.97,51
58,1,Monday,1,57.73,56.5,25,31.5,0.94,0.42,0.52,52
58,1,Monday,2,37.46,34,12.5,22,0.57,0.21,0.37,52
58,1,Monday,3,20.42,18,8.5,10,0.3,0.14,0.17,52
58,1,Monday,4,25.81,24,10.5,13.5,0.4,0.17,0.22,52
58,1,Monday,5,82.44,85.5,66,19,1.43,1.1,0.32,52
58,1,Monday,6,229.52,243,194,50.5,4.05,3.23,0.84,52
58,1,Monday,7,670,735,632.5,109,12.25,10.54,1.82,52
58,1,Monday,8,1346.1,1516.5,1341.5,155.5,25.27,22.36,2.59,52
58,1,Monday,9,983.21,1045,876.5,165.5,17.42,14.61,2.76,52
58,1,Monday,10,812.12,811.5,636.5,182.5,13.53,10.61,3.04,52
58,1,Monday,11,838.12,839.5,598.5,230.5,13.99,9.97,3.84,52
58,1,Monday,12,1081.75,1092,687,402.5,18.2,11.45,6.71,52
58,1,Monday,13,1052.65,1076.5,663.5,419,17.94,11.06,6.98,52
58,1,Monday,14,864.73,864,488.5,381,14.4,8.14,6.35,52
58,1,Monday,15,952.33,963,482.5,490,16.05,8.04,8.17,52
58,1,Monday,16,1301.19,1362,515.5,860.5,22.7,8.59,14.34,52
58,1,Monday,17,1552.63,1637.5,595.5,1047.5,27.29,9.93,17.46,52
58,1,Monday,18,861.92,880,437,435.5,14.67,7.28,7.26,52
58,1,Monday,19,515.85,507.5,263,250.5,8.46,4.38,4.18,52
58,1,Monday,20,404.06,409,202,201,6.82,3.37,3.35,52
58,1,Monday,21,354.23,353,178.5,176,5.88,2.98,2.93,52
58,1,Monday,22,266.71,255.5,128.5,126.5,4.26,2.14,2.11,52
58,1,Monday,23,171.52,164.5,81.5,85.5,2.74,1.36,1.43,52
58,2,Tuesday,0,102.94,98,51,48.5,1.63,0.85,0.81,52
58,2,Tuesday,1,57.83,55,23.5,31,0.92,0.39,0.52,52
58,2,Tuesday,2,40.42,41.5,16,25.5,0.69,0.27,0.42,52
58,2,Tuesday,3,14.15,13,6,8,0.22,0.1,0.13,52
58,2,Tuesday,4,17.58,18,8,9,0.3,0.13,0.15,52
58,2,Tuesday,5,91.9,95.5,77.5,18,1.59,1.29,0.3,52
58,2,Tuesday,6,258.15,271,225,49.5,4.52,3.75,0.82,52
58,2,Tuesday,7,818.41,883,768,115,14.72,12.8,1.92,51
58,2,Tuesday,8,1671.43,1779,1605,167,29.65,26.75,2.78,51
58,2,Tuesday,9,1168.33,1211,1050,172,20.18,17.5,2.87,51
58,2,Tuesday,10,814.2,837,641,180,13.95,10.68,3,51
58,2,Tuesday,11,863.02,873,631,238,14.55,10.52,3.97,51
58,2,Tuesday,12,1170.42,1196,759,437.5,19.93,12.65,7.29,52
58,2,Tuesday,13,1141.33,1158,708.5,459.5,19.3,11.81,7.66,52
58,2,Tuesday,14,908.77,928,501.5,426.5,15.47,8.36,7.11,52
58,2,Tuesday,15,1043.48,1064.5,496.5,576,17.74,8.28,9.6,52
58,2,Tuesday,16,1554.81,1611.5,561,1041.5,26.86,9.35,17.36,52
58,2,Tuesday,17,1890.83,1953,708,1247,32.55,11.8,20.78,52
58,2,Tuesday,18,980.98,982,492,508.5,16.37,8.2,8.47,52
58,2,Tuesday,19,591.35,564,283,284,9.4,4.72,4.73,51
58,2,Tuesday,20,444.67,440,213,229,7.33,3.55,3.82,51
58,2,Tuesday,21,390.84,401,190,207,6.68,3.17,3.45,51
58,2,Tuesday,22,294.94,294,133,155,4.9,2.22,2.58,51
58,2,Tuesday,23,221.55,187,89,93,3.12,1.48,1.55,51
58,3,Wednesday,0,120.78,116,57,55,1.93,0.95,0.92,51
58,3,Wednesday,1,69.18,66,27,37,1.1,0.45,0.62,51
58,3,Wednesday,2,43.24,42,17,25,0.7,0.28,0.42,51
58,3,Wednesday,3,14.88,14,6,8,0.23,0.1,0.13,51
58,3,Wednesday,4,20.04,20,9,11,0.33,0.15,0.18,51
58,3,Wednesday,5,93.47,96,75,21,1.6,1.25,0.35,51
58,3,Wednesday,6,269.49,277,221,55,4.62,3.68,0.92,51
58,3,Wednesday,7,797.37,836,720,118,13.93,12,1.97,51
58,3,Wednesday,8,1658.04,1735,1546,179,28.92,25.77,2.98,51
58,3,Wednesday,9,1156.54,1229.5,1041.5,182,20.49,17.36,3.03,52
58,3,Wednesday,10,860.38,884.5,697,187.5,14.74,11.62,3.12,52
58,3,Wednesday,11,933.5,928,703.5,232.5,15.47,11.72,3.88,52
58,3,Wednesday,12,1231.5,1246.5,793.5,446.5,20.77,13.22,7.44,52
58,3,Wednesday,13,1198.42,1205,711.5,485,20.08,11.86,8.08,52
58,3,Wednesday,14,960.58,968.5,537,428,16.14,8.95,7.13,52
58,3,Wednesday,15,1095.21,1099,543,583,18.32,9.05,9.72,52
58,3,Wednesday,16,1561.83,1596.5,611.5,983.5,26.61,10.19,16.39,52
58,3,Wednesday,17,1882.79,1939.5,736,1175,32.33,12.27,19.58,52
58,3,Wednesday,18,1031.85,1027,528.5,503.5,17.12,8.81,8.39,52
58,3,Wednesday,19,604.19,604.5,300.5,294.5,10.07,5.01,4.91,52
58,3,Wednesday,20,461.17,450.5,210.5,243.5,7.51,3.51,4.06,52
58,3,Wednesday,21,418.81,398,184.5,208.5,6.63,3.08,3.48,52
58,3,Wednesday,22,332.35,309,149,161,5.15,2.48,2.68,52
58,3,Wednesday,23,223.27,195,95,103,3.25,1.58,1.72,52
58,4,Thursday,0,153.02,116,57.5,60.5,1.93,0.96,1.01,52
58,4,Thursday,1,89.44,68,30,39.5,1.13,0.5,0.66,52
58,4,Thursday,2,62.96,50,18,32.5,0.83,0.3,0.54,52
58,4,Thursday,3,21.77,13.5,6,9,0.22,0.1,0.15,52
58,4,Thursday,4,23,20,9,10.5,0.33,0.15,0.17,52
58,4,Thursday,5,89.15,91,72,20,1.52,1.2,0.33,52
58,4,Thursday,6,243.96,254,203,50,4.23,3.38,0.83,52
58,4,Thursday,7,768.04,815,703,117.5,13.58,11.72,1.96,52
58,4,Thursday,8,1641.04,1776,1575,178,29.6,26.25,2.97,51
58,4,Thursday,9,1186.53,1241,1057,178,20.68,17.62,2.97,51
58,4,Thursday,10,889.49,892,697,196,14.87,11.62,3.27,51
58,4,Thursday,11,941.76,958,688,241,15.97,11.47,4.02,51
58,4,Thursday,12,1239.1,1267,817,442,21.12,13.62,7.37,51
58,4,Thursday,13,1206.25,1227.5,725.5,495.5,20.46,12.09,8.26,52
58,4,Thursday,14,984.12,989,554.5,437,16.48,9.24,7.28,52
58,4,Thursday,15,1113.88,1126,572,564,18.77,9.53,9.4,52
58,4,Thursday,16,1538.88,1601,640,954.5,26.68,10.67,15.91,52
58,4,Thursday,17,1912.62,2010,793.5,1184.5,33.5,13.22,19.74,52
58,4,Thursday,18,1139.29,1114,589,525.5,18.57,9.82,8.76,52
58,4,Thursday,19,760.21,717.5,376.5,321.5,11.96,6.28,5.36,52
58,4,Thursday,20,527.19,510.5,250,264,8.51,4.17,4.4,52
58,4,Thursday,21,495.5,463,222,243,7.72,3.7,4.05,52
58,4,Thursday,22,472.88,391.5,189.5,200.5,6.53,3.16,3.34,52
58,4,Thursday,23,296.38,282.5,139.5,133.5,4.71,2.33,2.22,52
58,5,Friday,0,152.72,152,73,81,2.53,1.22,1.35,53
58,5,Friday,1,84.6,81,33,47,1.35,0.55,0.78,53
58,5,Friday,2,56.87,54,18,35,0.9,0.3,0.58,53
58,5,Friday,3,20.55,18,7,11,0.3,0.12,0.18,53
58,5,Friday,4,23.21,21,9,12,0.35,0.15,0.2,53
58,5,Friday,5,81.72,84,60,22,1.4,1,0.37,53
58,5,Friday,6,212.6,213,171,48,3.55,2.85,0.8,53
58,5,Friday,7,575.79,616,502,103,10.27,8.37,1.72,53
58,5,Friday,8,1188,1260,1109,150,21,18.48,2.5,53
58,5,Friday,9,958.87,1005,830,164,16.75,13.83,2.73,53
58,5,Friday,10,876.11,875,700,193,14.58,11.67,3.22,53
58,5,Friday,11,967.09,952,718,248,15.87,11.97,4.13,53
58,5,Friday,12,1144.68,1177,773,380,19.62,12.88,6.33,53
58,5,Friday,13,1171.34,1193,747,455,19.88,12.45,7.58,53
58,5,Friday,14,1045.17,1034,620,419,17.23,10.33,6.98,53
58,5,Friday,15,1132.89,1146,618,502,19.1,10.3,8.37,53
58,5,Friday,16,1391.02,1429,702,728,23.82,11.7,12.13,53
58,5,Friday,17,1615.13,1641,827,822,27.35,13.78,13.7,53
58,5,Friday,18,1220.62,1119,662.5,466,18.65,11.04,7.77,52
58,5,Friday,19,874.29,836.5,484,333.5,13.94,8.07,5.56,52
58,5,Friday,20,597.57,591,318,274,9.85,5.3,4.57,53
58,5,Friday,21,576.02,566,286,276,9.43,4.77,4.6,53
58,5,Friday,22,632.74,508,262,238,8.47,4.37,3.97,53
58,5,Friday,23,537.87,401,206,200,6.68,3.43,3.33,53
58,6,Saturday,0,275.02,252,130.5,128.5,4.2,2.17,2.14,52
58,6,Saturday,1,166.67,156,63,97.5,2.6,1.05,1.62,52
58,6,Saturday,2,113.83,111,36,75.5,1.85,0.6,1.26,52
58,6,Saturday,3,57.81,55,21.5,35,0.92,0.36,0.58,52
58,6,Saturday,4,43.42,41,15,25,0.68,0.25,0.42,52
58,6,Saturday,5,45.12,44,22,21,0.73,0.37,0.35,52
58,6,Saturday,6,89.6,87,53,35.5,1.45,0.88,0.59,52
58,6,Saturday,7,180.29,176.5,111.5,62,2.94,1.86,1.03,52
58,6,Saturday,8,344.38,342,242.5,108,5.7,4.04,1.8,52
58,6,Saturday,9,598.98,613.5,469.5,142,10.22,7.82,2.37,52
58,6,Saturday,10,874.87,876.5,679.5,200,14.61,11.32,3.33,52
58,6,Saturday,11,1096.87,1095.5,817,258.5,18.26,13.62,4.31,52
58,6,Saturday,12,1127.15,1103,809.5,270.5,18.38,13.49,4.51,52
58,6,Saturday,13,1027.27,1015,714,297.5,16.92,11.9,4.96,52
58,6,Saturday,14,996.94,1004,642.5,338.5,16.73,10.71,5.64,52
58,6,Saturday,15,1080.21,1032.5,669.5,380.5,17.21,11.16,6.34,52
58,6,Saturday,16,1227.1,1117.5,711,417,18.62,11.85,6.95,52
58,6,Saturday,17,1165.73,1152,698.5,424,19.2,11.64,7.07,52
58,6,Saturday,18,1122.79,1045.5,634.5,389,17.42,10.57,6.48,52
58,6,Saturday,19,862.35,793,450,320.5,13.22,7.5,5.34,52
58,6,Saturday,20,624.92,627,335,270,10.45,5.58,4.5,52
58,6,Saturday,21,573.6,539.5,266.5,276,8.99,4.44,4.6,52
58,6,Saturday,22,722.94,529,256.5,248.5,8.82,4.28,4.14,52
58,6,Saturday,23,587.65,419,203.5,218,6.98,3.39,3.63,52
58,7,Sunday,0,301.75,282.5,126.5,145.5,4.71,2.11,2.42,52
58,7,Sunday,1,179.96,168.5,70.5,94,2.81,1.18,1.57,52
58,7,Sunday,2,135.61,124,41,85,2.07,0.68,1.42,51
58,7,Sunday,3,62.58,61.5,23,37.5,1.02,0.38,0.62,52
58,7,Sunday,4,47.56,46,18,26,0.77,0.3,0.43,52
58,7,Sunday,5,51.98,54,24.5,27,0.9,0.41,0.45,52
58,7,Sunday,6,91.98,89.5,50,40.5,1.49,0.83,0.68,52
58,7,Sunday,7,158.35,154,86,66.5,2.57,1.43,1.11,52
58,7,Sunday,8,272.65,264.5,176.5,86.5,4.41,2.94,1.44,52
58,7,Sunday,9,511.54,497,353.5,140.5,8.28,5.89,2.34,52
58,7,Sunday,10,773.4,787.5,577,193,13.12,9.62,3.22,52
58,7,Sunday,11,924.87,923.5,682,235,15.39,11.37,3.92,52
58,7,Sunday,12,936.81,897,648,248.5,14.95,10.8,4.14,52
58,7,Sunday,13,863.69,846.5,553.5,287.5,14.11,9.22,4.79,52
58,7,Sunday,14,899.79,833.5,507.5,324.5,13.89,8.46,5.41,52
58,7,Sunday,15,844.69,849,502.5,326.5,14.15,8.38,5.44,52
58,7,Sunday,16,921.4,833.5,503,332,13.89,8.38,5.53,52
58,7,Sunday,17,863.69,829.5,523,305,13.82,8.72,5.08,52
58,7,Sunday,18,875.87,745.5,452,297,12.43,7.53,4.95,52
58,7,Sunday,19,576.5,540,313.5,237,9,5.22,3.95,52
58,7,Sunday,20,457.52,438.5,229,211,7.31,3.82,3.52,52
58,7,Sunday,21,389.27,384,196.5,186.5,6.4,3.28,3.11,52
58,7,Sunday,22,317.96,282,145,138.5,4.7,2.42,2.31,52
58,7,Sunday,23,209.21,193,87,100,3.22,1.45,1.67,52
59,1,Monday,0,120.15,110,78,35,1.83,1.3,0.58,52
59,1,Monday,1,78.08,73.5,51,18,1.23,0.85,0.3,52
59,1,Monday,2,39.83,36.5,26,10.5,0.61,0.43,0.17,52
59,1,Monday,3,25.19,24,15,7,0.4,0.25,0.12,52
59,1,Monday,4,24,20,9,11,0.33,0.15,0.18,52
59,1,Monday,5,31.4,29,13,16,0.48,0.22,0.27,52
59,1,Monday,6,78.42,81.5,43.5,36,1.36,0.72,0.6,52
59,1,Monday,7,297.25,302.5,214.5,87,5.04,3.58,1.45,52
59,1,Monday,8,1077.56,1061,862.5,184.5,17.68,14.38,3.08,52
59,1,Monday,9,1019.52,950,641,293.5,15.83,10.68,4.89,52
59,1,Monday,10,1321.63,1009.5,552,480,16.82,9.2,8,52
59,1,Monday,11,1465.87,1276.5,589,676,21.27,9.82,11.27,52
59,1,Monday,12,2043.96,1777,850.5,876,29.62,14.18,14.6,52
59,1,Monday,13,1859,1727.5,966.5,744.5,28.79,16.11,12.41,52
59,1,Monday,14,1980.29,1354.5,762.5,666.5,22.58,12.71,11.11,52
59,1,Monday,15,1794.71,1572,792,896,26.2,13.2,14.93,52
59,1,Monday,16,2063.79,1700,738,978.5,28.33,12.3,16.31,52
59,1,Monday,17,1959.96,1781,784,942,29.68,13.07,15.7,51
59,1,Monday,18,1575.86,1471,691,639,24.52,11.52,10.65,51
59,1,Monday,19,1080.48,1037,532,471.5,17.28,8.87,7.86,52
59,1,Monday,20,832.12,786.5,390,374,13.11,6.5,6.23,52
59,1,Monday,21,545.52,554.5,303.5,247,9.24,5.06,4.12,52
59,1,Monday,22,358.21,364,216,149.5,6.07,3.6,2.49,52
59,1,Monday,23,222.92,220.5,119.5,101,3.67,1.99,1.68,52
59,2,Tuesday,0,99.56,96.5,60.5,38,1.61,1.01,0.63,52
59,2,Tuesday,1,62.33,64.5,42,19,1.07,0.7,0.32,52
59,2,Tuesday,2,33.87,31,20.5,11,0.52,0.34,0.18,52
59,2,Tuesday,3,19.27,19,12,7,0.32,0.2,0.12,52
59,2,Tuesday,4,16.98,17,7,9,0.28,0.12,0.15,52
59,2,Tuesday,5,31.29,30,12.5,16.5,0.5,0.21,0.28,52
59,2,Tuesday,6,101.6,102.5,57,41,1.71,0.95,0.68,52
59,2,Tuesday,7,330.5,325,239,95,5.42,3.98,1.58,52
59,2,Tuesday,8,1292.23,1217,992,213.5,20.28,16.53,3.56,52
59,2,Tuesday,9,1120.88,1136,820.5,321,18.93,13.68,5.35,52
59,2,Tuesday,10,1577.27,1233,715,533.5,20.55,11.92,8.89,52
59,2,Tuesday,11,1579.21,1506.5,735,762.5,25.11,12.25,12.71,52
59,2,Tuesday,12,2411.46,2312,1143.5,1162.5,38.53,19.06,19.38,52
59,2,Tuesday,13,2065.54,1974.5,1121,853.5,32.91,18.68,14.22,52
59,2,Tuesday,14,2167.88,1690.5,830,888,28.18,13.83,14.8,52
59,2,Tuesday,15,1989.02,1826,753.5,1078,30.43,12.56,17.97,52
59,2,Tuesday,16,2274.87,1846,777.5,1143.5,30.77,12.96,19.06,52
59,2,Tuesday,17,2103.79,1779,799.5,1008,29.65,13.32,16.8,52
59,2,Tuesday,18,1682.5,1417.5,726.5,689,23.62,12.11,11.48,52
59,2,Tuesday,19,1177.29,1176.5,529.5,576,19.61,8.82,9.6,52
59,2,Tuesday,20,897.23,884,425.5,412.5,14.73,7.09,6.88,52
59,2,Tuesday,21,560.71,577.5,312,267,9.62,5.2,4.45,52
59,2,Tuesday,22,382.15,392.5,235.5,163,6.54,3.92,2.72,52
59,2,Tuesday,23,235.96,233.5,132.5,95.5,3.89,2.21,1.59,52
59,3,Wednesday,0,116.25,110.5,71,41,1.84,1.18,0.68,52
59,3,Wednesday,1,72.19,70,48,20,1.17,0.8,0.33,52
59,3,Wednesday,2,40.6,38,26,13,0.63,0.43,0.22,52
59,3,Wednesday,3,27.69,26,17,9,0.43,0.28,0.15,52
59,3,Wednesday,4,21.42,20,10,11,0.33,0.17,0.18,52
59,3,Wednesday,5,31.31,31,14,16,0.52,0.23,0.27,52
59,3,Wednesday,6,107.92,102.5,58.5,45,1.71,0.98,0.75,52
59,3,Wednesday,7,335.65,339,230,99.5,5.65,3.83,1.66,52
59,3,Wednesday,8,1244.71,1251,1027,220,20.85,17.12,3.67,52
59,3,Wednesday,9,1047.62,1072,773,307.5,17.87,12.88,5.12,52
59,3,Wednesday,10,1569.25,1144,738,468,19.07,12.3,7.8,52
59,3,Wednesday,11,1476.15,1490,743,746.5,24.83,12.38,12.44,52
59,3,Wednesday,12,2475.98,2367,1140.5,1230.5,39.45,19.01,20.51,52
59,3,Wednesday,13,2036.54,1967.5,1040,894.5,32.79,17.33,14.91,52
59,3,Wednesday,14,2280.52,1663,799,883,27.72,13.32,14.72,52
59,3,Wednesday,15,1999.42,1820.5,792.5,1091,30.34,13.21,18.18,52
59,3,Wednesday,16,2330.58,1970.5,868.5,1145,32.84,14.47,19.08,52
59,3,Wednesday,17,2139.77,1939.5,901.5,1038.5,32.33,15.03,17.31,52
59,3,Wednesday,18,1729.5,1543.5,755.5,769.5,25.73,12.59,12.82,52
59,3,Wednesday,19,1164.71,1168,543,577,19.47,9.05,9.62,52
59,3,Wednesday,20,902.65,858.5,433,436.5,14.31,7.22,7.28,52
59,3,Wednesday,21,614.98,638.5,352,295.5,10.64,5.87,4.92,52
59,3,Wednesday,22,412.88,424,258,177.5,7.07,4.3,2.96,52
59,3,Wednesday,23,241.44,235,144.5,93.5,3.92,2.41,1.56,52
59,4,Thursday,0,124.23,112,72,41.5,1.87,1.2,0.69,52
59,4,Thursday,1,77.81,66,46.5,20.5,1.1,0.78,0.34,52
59,4,Thursday,2,45.29,40.5,23.5,12.5,0.68,0.39,0.21,52
59,4,Thursday,3,32.42,29.5,19,10,0.49,0.32,0.17,52
59,4,Thursday,4,21.69,20,9,10.5,0.33,0.15,0.17,52
59,4,Thursday,5,33.9,34,15,19,0.57,0.25,0.32,52
59,4,Thursday,6,93.48,93.5,52,41,1.56,0.87,0.68,52
59,4,Thursday,7,318.54,318,223,94,5.3,3.72,1.57,52
59,4,Thursday,8,1227.9,1163.5,975.5,197,19.39,16.26,3.28,52
59,4,Thursday,9,1144.85,1109,805.5,337,18.48,13.43,5.62,52
59,4,Thursday,10,1590.88,1328.5,833,618.5,22.14,13.88,10.31,52
59,4,Thursday,11,1572.27,1594.5,808,831.5,26.58,13.47,13.86,52
59,4,Thursday,12,2440.46,2394.5,1091.5,1212,39.91,18.19,20.2,52
59,4,Thursday,13,2017.83,1975,1116.5,927,32.92,18.61,15.45,52
59,4,Thursday,14,2235.63,1967,990,1046,32.78,16.5,17.43,52
59,4,Thursday,15,1938.35,2012.5,810.5,1160.5,33.54,13.51,19.34,52
59,4,Thursday,16,2259.13,2021,867.5,1147.5,33.68,14.46,19.12,52
59,4,Thursday,17,2163.87,2160,1038.5,1179,36,17.31,19.65,52
59,4,Thursday,18,1712.25,1638.5,814,803,27.31,13.57,13.38,52
59,4,Thursday,19,1202.17,1139,573.5,575,18.98,9.56,9.58,52
59,4,Thursday,20,978.17,955.5,485,460,15.93,8.08,7.67,52
59,4,Thursday,21,732.52,763.5,427,346,12.72,7.12,5.77,52
59,4,Thursday,22,469.63,464,280.5,186.5,7.73,4.68,3.11,52
59,4,Thursday,23,311.12,306.5,183.5,123.5,5.11,3.06,2.06,52
59,5,Friday,0,148.79,137,88,46,2.28,1.47,0.77,53
59,5,Friday,1,95.57,88,62,26,1.47,1.03,0.43,53
59,5,Friday,2,54.21,51,36,12,0.85,0.6,0.2,53
59,5,Friday,3,39.74,37,25,9,0.62,0.42,0.15,53
59,5,Friday,4,30.11,28,16,12,0.47,0.27,0.2,53
59,5,Friday,5,35.36,35,16,19,0.58,0.27,0.32,53
59,5,Friday,6,81.79,86,46,39,1.43,0.77,0.65,53
59,5,Friday,7,247.83,259,173,85,4.32,2.88,1.42,53
59,5,Friday,8,1018.91,854,711,182,14.23,11.85,3.03,53
59,5,Friday,9,922.89,860,565,287,14.33,9.42,4.78,53
59,5,Friday,10,1338.09,955,530,439,15.92,8.83,7.32,53
59,5,Friday,11,1385.28,1159,595,570,19.32,9.92,9.5,53
59,5,Friday,12,2075.09,1753,799,917,29.22,13.32,15.28,53
59,5,Friday,13,1821.91,1622,876,763,27.03,14.6,12.72,53
59,5,Friday,14,1903.53,1579,751,828,26.32,12.52,13.8,53
59,5,Friday,15,1769.96,1692,731,989,28.2,12.18,16.48,53
59,5,Friday,16,1954.06,1642,754,946,27.37,12.57,15.77,53
59,5,Friday,17,1814.3,1739,792,928,28.98,13.2,15.47,53
59,5,Friday,18,1541.89,1431,702,682,23.85,11.7,11.37,53
59,5,Friday,19,1160.38,1123,556,537,18.72,9.27,8.95,53
59,5,Friday,20,973.3,1009,525,433,16.82,8.75,7.22,53
59,5,Friday,21,771.83,787,434,346,13.12,7.23,5.77,53
59,5,Friday,22,585.66,576,336,250,9.6,5.6,4.17,53
59,5,Friday,23,446.58,454,262,183,7.57,4.37,3.05,53
59,6,Saturday,0,248.77,247.5,154,94.5,4.12,2.57,1.57,52
59,6,Saturday,1,157.12,157,105.5,51,2.62,1.76,0.85,52
59,6,Saturday,2,116.38,115,79,34,1.92,1.32,0.57,52
59,6,Saturday,3,89.96,90,67,22,1.5,1.12,0.37,52
59,6,Saturday,4,44.19,44.5,28.5,12.5,0.74,0.48,0.21,52
59,6,Saturday,5,29.92,29,16.5,13,0.48,0.28,0.22,52
59,6,Saturday,6,43.58,44,19.5,23,0.73,0.32,0.38,52
59,6,Saturday,7,101.08,97.5,54,42,1.62,0.9,0.7,52
59,6,Saturday,8,199.46,197,107,89.5,3.28,1.78,1.49,52
59,6,Saturday,9,370.6,370,178,181,6.17,2.97,3.02,52
59,6,Saturday,10,572.52,586.5,291,286,9.78,4.85,4.77,52
59,6,Saturday,11,784.69,795,400.5,394.5,13.25,6.68,6.58,52
59,6,Saturday,12,987.56,979,490.5,473.5,16.32,8.18,7.89,52
59,6,Saturday,13,1111.9,1148,609,545,19.13,10.15,9.08,52
59,6,Saturday,14,1175.58,1209,632.5,575.5,20.15,10.54,9.59,52
59,6,Saturday,15,1224.73,1273.5,640,624.5,21.23,10.67,10.41,52
59,6,Saturday,16,1190.35,1218.5,650,566.5,20.31,10.83,9.44,52
59,6,Saturday,17,1146.44,1156,603,534,19.27,10.05,8.9,52
59,6,Saturday,18,1060.69,1105.5,583.5,494.5,18.42,9.72,8.24,52
59,6,Saturday,19,936.96,950.5,520.5,418.5,15.84,8.68,6.97,52
59,6,Saturday,20,768.77,784.5,435.5,348,13.07,7.26,5.8,52
59,6,Saturday,21,614.19,646,375.5,266.5,10.77,6.26,4.44,52
59,6,Saturday,22,487.67,497,295,206,8.28,4.92,3.43,52
59,6,Saturday,23,394.46,407,248,157,6.78,4.13,2.62,52
59,7,Sunday,0,246.33,243,143.5,100,4.05,2.39,1.67,52
59,7,Sunday,1,157.62,162,110,50.5,2.7,1.83,0.84,52
59,7,Sunday,2,123.29,121,89,33,2.02,1.48,0.55,51
59,7,Sunday,3,111,110,90,18,1.83,1.5,0.3,52
59,7,Sunday,4,51.44,50,36.5,14,0.83,0.61,0.23,52
59,7,Sunday,5,38.9,37,23,14,0.62,0.38,0.23,52
59,7,Sunday,6,45.38,45,21.5,21.5,0.75,0.36,0.36,52
59,7,Sunday,7,79.15,75,33,42.5,1.25,0.55,0.71,52
59,7,Sunday,8,166.83,156.5,76.5,81,2.61,1.27,1.35,52
59,7,Sunday,9,356.6,336,143.5,180,5.6,2.39,3,52
59,7,Sunday,10,599.98,527,249.5,267.5,8.78,4.16,4.46,52
59,7,Sunday,11,854.75,725.5,366,361,12.09,6.1,6.02,52
59,7,Sunday,12,1091.56,987.5,554.5,439,16.46,9.24,7.32,52
59,7,Sunday,13,1286.48,1205,655,490.5,20.08,10.92,8.18,52
59,7,Sunday,14,1305.19,1185.5,630,501.5,19.76,10.5,8.36,52
59,7,Sunday,15,1201.73,1079.5,594.5,515.5,17.99,9.91,8.59,52
59,7,Sunday,16,1104,1045.5,543,508.5,17.42,9.05,8.47,52
59,7,Sunday,17,988.1,964.5,516.5,454.5,16.08,8.61,7.58,52
59,7,Sunday,18,890.48,870.5,485,391.5,14.51,8.08,6.53,52
59,7,Sunday,19,744.44,758.5,436.5,323,12.64,7.28,5.38,52
59,7,Sunday,20,582.21,612,353.5,251.5,10.2,5.89,4.19,52
59,7,Sunday,21,463.62,483.5,298,183.5,8.06,4.97,3.06,52
59,7,Sunday,22,325.44,334,210,122.5,5.57,3.5,2.04,52
59,7,Sunday,23,209.15,196.5,120.5,76,3.28,2.01,1.27,52
61,1,Monday,0,57.92,53,32,21,0.88,0.53,0.35,52
61,1,Monday,1,37.6,34.5,27,9,0.58,0.45,0.15,52
61,1,Monday,2,18.54,16.5,11.5,5,0.28,0.19,0.08,52
61,1,Monday,3,13.17,12,7,4,0.2,0.12,0.07,52
61,1,Monday,4,12.69,12,5,6,0.2,0.08,0.1,52
61,1,Monday,5,24.77,22,10,13.5,0.37,0.17,0.22,52
61,1,Monday,6,62.54,61,21,38.5,1.02,0.35,0.64,52
61,1,Monday,7,195.48,208.5,83.5,123,3.48,1.39,2.05,52
61,1,Monday,8,558.69,622,245,349.5,10.37,4.08,5.82,52
61,1,Monday,9,570.23,609,225,384.5,10.15,3.75,6.41,52
61,1,Monday,10,694.79,711,252.5,447.5,11.85,4.21,7.46,52
61,1,Monday,11,801.85,787,277,513,13.12,4.62,8.55,52
61,1,Monday,12,1099.12,1217.5,459.5,674,20.29,7.66,11.23,52
61,1,Monday,13,1002.21,1061,472,586.5,17.68,7.87,9.78,52
61,1,Monday,14,965.75,965.5,380,596.5,16.09,6.33,9.94,52
61,1,Monday,15,972.04,965.5,372,583.5,16.09,6.2,9.72,52
61,1,Monday,16,1006.04,957,364.5,608.5,15.95,6.08,10.14,52
61,1,Monday,17,1047.96,1119,484,647,18.65,8.07,10.78,51
61,1,Monday,18,789.63,773,339,404,12.88,5.65,6.73,51
61,1,Monday,19,626.59,617,289,337,10.28,4.82,5.62,51
61,1,Monday,20,493.37,491,234,260,8.18,3.9,4.33,51
61,1,Monday,21,340.02,340,180,162,5.67,3,2.7,51
61,1,Monday,22,208.14,214,121,92,3.57,2.02,1.53,51
61,1,Monday,23,108.56,109,66.5,40,1.82,1.11,0.67,52
61,2,Tuesday,0,46.08,42.5,26,18,0.71,0.43,0.3,52
61,2,Tuesday,1,28.73,27.5,18,8,0.46,0.3,0.13,52
61,2,Tuesday,2,16.87,15,12,4,0.25,0.2,0.07,52
61,2,Tuesday,3,11.67,11,6.5,4,0.18,0.11,0.07,52
61,2,Tuesday,4,10.58,10.5,4.5,5,0.17,0.07,0.08,52
61,2,Tuesday,5,24.85,24.5,9,15,0.41,0.15,0.25,52
61,2,Tuesday,6,67.67,66.5,25,40.5,1.11,0.42,0.68,52
61,2,Tuesday,7,220.56,231,99,133.5,3.85,1.65,2.22,52
61,2,Tuesday,8,644.56,685.5,303.5,380.5,11.43,5.06,6.34,52
61,2,Tuesday,9,639.77,665,268,405.5,11.08,4.47,6.76,52
61,2,Tuesday,10,766.83,738.5,298.5,453,12.31,4.97,7.55,52
61,2,Tuesday,11,886.85,947.5,355.5,573.5,15.79,5.92,9.56,52
61,2,Tuesday,12,1246.1,1357.5,531,755,22.62,8.85,12.58,52
61,2,Tuesday,13,1159.67,1247,540,692,20.78,9,11.53,52
61,2,Tuesday,14,1091.62,1129.5,433.5,688,18.82,7.22,11.47,52
61,2,Tuesday,15,1043.65,1100,403.5,672,18.33,6.72,11.2,52
61,2,Tuesday,16,1118.35,1058.5,443.5,686,17.64,7.39,11.43,52
61,2,Tuesday,17,1122.5,1104,491,612.5,18.4,8.18,10.21,52
61,2,Tuesday,18,867.69,831.5,386,445.5,13.86,6.43,7.42,52
61,2,Tuesday,19,689.17,686.5,313.5,365.5,11.44,5.22,6.09,52
61,2,Tuesday,20,542.48,543,253,289,9.05,4.22,4.82,52
61,2,Tuesday,21,354.08,346,178.5,169,5.77,2.98,2.82,52
61,2,Tuesday,22,232.27,232,134,92,3.87,2.23,1.53,52
61,2,Tuesday,23,120.9,114.5,72.5,48,1.91,1.21,0.8,52
61,3,Wednesday,0,56.88,56,36,21,0.93,0.6,0.35,52
61,3,Wednesday,1,37.02,37.5,27,9,0.62,0.45,0.15,52
61,3,Wednesday,2,23.5,20,14,6,0.33,0.23,0.1,52
61,3,Wednesday,3,15.19,14,11,3,0.23,0.18,0.05,52
61,3,Wednesday,4,13.35,12,6,5,0.2,0.1,0.08,52
61,3,Wednesday,5,31.02,28,10,17,0.47,0.17,0.28,52
61,3,Wednesday,6,78.1,75.5,28,47.5,1.26,0.47,0.79,52
61,3,Wednesday,7,233.75,235,100,137,3.92,1.67,2.28,51
61,3,Wednesday,8,660.52,696.5,298.5,391.5,11.61,4.97,6.53,52
61,3,Wednesday,9,618.4,630,240,389.5,10.5,4,6.49,52
61,3,Wednesday,10,767.19,750,282.5,478.5,12.5,4.71,7.97,52
61,3,Wednesday,11,865.23,853.5,327.5,548,14.22,5.46,9.13,52
61,3,Wednesday,12,1213.33,1309,530.5,755.5,21.82,8.84,12.59,52
61,3,Wednesday,13,1112.79,1146.5,480,640,19.11,8,10.67,52
61,3,Wednesday,14,1091.75,1098,450.5,655.5,18.3,7.51,10.93,52
61,3,Wednesday,15,1055.63,1049.5,407,639.5,17.49,6.78,10.66,52
61,3,Wednesday,16,1103.56,1035,429.5,628.5,17.25,7.16,10.47,52
61,3,Wednesday,17,1181.17,1190.5,513,659,19.84,8.55,10.98,52
61,3,Wednesday,18,901.25,884,400.5,483,14.73,6.68,8.05,52
61,3,Wednesday,19,716.96,716.5,331,376,11.94,5.52,6.27,52
61,3,Wednesday,20,558.69,560,254.5,298,9.33,4.24,4.97,52
61,3,Wednesday,21,415.46,410,210,206.5,6.83,3.5,3.44,52
61,3,Wednesday,22,265.73,253,139.5,111,4.22,2.33,1.85,52
61,3,Wednesday,23,134.02,125,71.5,46.5,2.08,1.19,0.78,52
61,4,Thursday,0,60.31,58,30.5,21.5,0.97,0.51,0.36,52
61,4,Thursday,1,37.4,29.5,19,10,0.49,0.32,0.17,52
61,4,Thursday,2,21.69,18,12,6,0.3,0.2,0.1,52
61,4,Thursday,3,15.27,13,9,4,0.22,0.15,0.07,52
61,4,Thursday,4,12.79,11,5,6.5,0.18,0.08,0.11,52
61,4,Thursday,5,28.73,29,12.5,16,0.48,0.21,0.27,52
61,4,Thursday,6,71.13,70,26,44.5,1.17,0.43,0.74,52
61,4,Thursday,7,219.42,227.5,90,134,3.79,1.5,2.23,52
61,4,Thursday,8,618.75,652,271.5,361,10.87,4.53,6.02,52
61,4,Thursday,9,628.96,672,281,385.5,11.2,4.68,6.42,52
61,4,Thursday,10,772.29,806,303.5,484.5,13.43,5.06,8.07,52
61,4,Thursday,11,875.19,960.5,360.5,572,16.01,6.01,9.53,52
61,4,Thursday,12,1210.81,1329,498.5,791,22.15,8.31,13.18,52
61,4,Thursday,13,1127.02,1200.5,499,692,20.01,8.32,11.53,52
61,4,Thursday,14,1098.37,1067.5,402.5,683,17.79,6.71,11.38,52
61,4,Thursday,15,1057.29,1043.5,402,671.5,17.39,6.7,11.19,52
61,4,Thursday,16,1085.31,1102.5,416,699.5,18.38,6.93,11.66,52
61,4,Thursday,17,1162.6,1243,508,716,20.72,8.47,11.93,52
61,4,Thursday,18,905.17,898,408,498,14.97,6.8,8.3,52
61,4,Thursday,19,712.73,725.5,323.5,385.5,12.09,5.39,6.42,52
61,4,Thursday,20,556.65,556.5,269,287,9.28,4.48,4.78,52
61,4,Thursday,21,432.62,426,230.5,197,7.1,3.84,3.28,52
61,4,Thursday,22,275.35,267.5,156,112.5,4.46,2.6,1.88,52
61,4,Thursday,23,148.83,143.5,85.5,59,2.39,1.43,0.98,52
61,5,Friday,0,67.94,62,39,26,1.03,0.65,0.43,53
61,5,Friday,1,45.34,41,28,13,0.68,0.47,0.22,53
61,5,Friday,2,26.26,24,18,6,0.4,0.3,0.1,53
61,5,Friday,3,20.43,18,13,5,0.3,0.22,0.08,53
61,5,Friday,4,14.77,13,8,5,0.22,0.13,0.08,53
61,5,Friday,5,28.28,27,11,17,0.45,0.18,0.28,53
61,5,Friday,6,67.6,65,23,43,1.08,0.38,0.72,53
61,5,Friday,7,192.32,200,83,114,3.33,1.38,1.9,53
61,5,Friday,8,529.74,574,248,326,9.57,4.13,5.43,53
61,5,Friday,9,579.36,642,234,383,10.7,3.9,6.38,53
61,5,Friday,10,723,731,269,461,12.18,4.48,7.68,53
61,5,Friday,11,823.26,868,334,528,14.47,5.57,8.8,53
61,5,Friday,12,1120.02,1182,466,672,19.7,7.77,11.2,53
61,5,Friday,13,1051.04,1050,444,606,17.5,7.4,10.1,53
61,5,Friday,14,1036.96,980,374,592,16.33,6.23,9.87,53
61,5,Friday,15,1003.02,986,375,633,16.43,6.25,10.55,53
61,5,Friday,16,1009.09,1001,390,611,16.68,6.5,10.18,53
61,5,Friday,17,1052.53,1028,426,596,17.13,7.1,9.93,53
61,5,Friday,18,873.68,846,366,480,14.1,6.1,8,53
61,5,Friday,19,727.06,717,320,402,11.95,5.33,6.7,53
61,5,Friday,20,575.94,566,273,291,9.43,4.55,4.85,53
61,5,Friday,21,474.47,475,257,212,7.92,4.28,3.53,53
61,5,Friday,22,350.02,336,185,154,5.6,3.08,2.57,53
61,5,Friday,23,215.23,224,124,90,3.73,2.07,1.5,53
61,6,Saturday,0,113.56,116,65.5,51,1.93,1.09,0.85,52
61,6,Saturday,1,63.56,65,39,25,1.08,0.65,0.42,52
61,6,Saturday,2,48.54,51,32,16.5,0.85,0.53,0.28,52
61,6,Saturday,3,38.35,35,24.5,9,0.58,0.41,0.15,52
61,6,Saturday,4,22.87,21.5,14.5,7,0.36,0.24,0.12,52
61,6,Saturday,5,19.77,19,7,10.5,0.32,0.12,0.17,52
61,6,Saturday,6,35.75,34,8,26,0.57,0.13,0.43,52
61,6,Saturday,7,77.02,76,22,51,1.27,0.37,0.85,51
61,6,Saturday,8,163.02,161,50,109,2.68,0.83,1.82,51
61,6,Saturday,9,289.4,293.5,86.5,207.5,4.89,1.44,3.46,52
61,6,Saturday,10,429.23,438,135,305.5,7.3,2.25,5.09,52
61,6,Saturday,11,567.31,578.5,190,379.5,9.64,3.17,6.32,52
61,6,Saturday,12,674.31,675.5,236.5,439.5,11.26,3.94,7.32,52
61,6,Saturday,13,766.19,776,277.5,484.5,12.93,4.62,8.07,52
61,6,Saturday,14,788.13,810.5,293,504.5,13.51,4.88,8.41,52
61,6,Saturday,15,777.83,790.5,297.5,485,13.18,4.96,8.08,52
61,6,Saturday,16,751.31,780,314,464,13,5.23,7.73,52
61,6,Saturday,17,706,719.5,308,412,11.99,5.13,6.87,52
61,6,Saturday,18,634.23,619.5,274,348.5,10.32,4.57,5.81,52
61,6,Saturday,19,581.6,572.5,271,305,9.54,4.52,5.08,52
61,6,Saturday,20,497.13,506,242,257.5,8.43,4.03,4.29,52
61,6,Saturday,21,402.17,399.5,217.5,190,6.66,3.62,3.17,52
61,6,Saturday,22,293.31,286.5,161,130,4.78,2.68,2.17,52
61,6,Saturday,23,196.73,195,110,85.5,3.25,1.83,1.43,52
61,7,Sunday,0,107.02,110.5,57,50,1.84,0.95,0.83,52
61,7,Sunday,1,70.63,71.5,42,27,1.19,0.7,0.45,52
61,7,Sunday,2,52.63,53,35,19,0.88,0.58,0.32,51
61,7,Sunday,3,43.62,42.5,33,10,0.71,0.55,0.17,52
61,7,Sunday,4,24.6,24,16.5,7,0.4,0.28,0.12,52
61,7,Sunday,5,28.44,26.5,13,13.5,0.44,0.22,0.22,52
61,7,Sunday,6,38.85,36,8,27,0.6,0.13,0.45,52
61,7,Sunday,7,77.87,72,16,55.5,1.2,0.27,0.92,52
61,7,Sunday,8,152.44,143,45,98.5,2.38,0.75,1.64,52
61,7,Sunday,9,295.87,286,72,216,4.77,1.2,3.6,52
61,7,Sunday,10,442.71,410,117.5,290,6.83,1.96,4.83,52
61,7,Sunday,11,561.5,535.5,171.5,360,8.93,2.86,6,52
61,7,Sunday,12,721.56,653,234,411,10.88,3.9,6.85,52
61,7,Sunday,13,795.44,761.5,291,469.5,12.69,4.85,7.82,52
61,7,Sunday,14,800.29,767.5,306,457,12.79,5.1,7.62,52
61,7,Sunday,15,754.48,748,284,446.5,12.47,4.73,7.44,52
61,7,Sunday,16,689.65,692.5,267.5,422.5,11.54,4.46,7.04,52
61,7,Sunday,17,636.73,626,277.5,350.5,10.43,4.62,5.84,52
61,7,Sunday,18,542.31,541,250.5,292,9.02,4.18,4.87,52
61,7,Sunday,19,466.37,465,232.5,236.5,7.75,3.88,3.94,52
61,7,Sunday,20,399.58,403.5,195.5,204.5,6.72,3.26,3.41,52
61,7,Sunday,21,304.13,300.5,165.5,137.5,5.01,2.76,2.29,52
61,7,Sunday,22,204.42,198.5,112.5,85,3.31,1.88,1.42,52
61,7,Sunday,23,109.48,104.5,63,42,1.74,1.05,0.7,52
62,1,Monday,0,100.46,94.5,48.5,47,1.57,0.81,0.78,52
62,1,Monday,1,59.19,55.5,30,26,0.92,0.5,0.43,52
62,1,Monday,2,35.19,32.5,19,15,0.54,0.32,0.25,52
62,1,Monday,3,22.23,22,11.5,8,0.37,0.19,0.13,52
62,1,Monday,4,18.33,17,9,7,0.28,0.15,0.12,52
62,1,Monday,5,17.79,17.5,10.5,6,0.29,0.17,0.1,52
62,1,Monday,6,48.79,46,26,19,0.77,0.43,0.32,52
62,1,Monday,7,87.75,83,40,43.5,1.38,0.67,0.72,52
62,1,Monday,8,208.19,194.5,90,102,3.24,1.5,1.7,52
62,1,Monday,9,220.98,202,108.5,100,3.37,1.81,1.67,52
62,1,Monday,10,271.63,258,160,112.5,4.3,2.67,1.88,52
62,1,Monday,11,330.44,324.5,174,137.5,5.41,2.9,2.29,52
62,1,Monday,12,466.06,440.5,243.5,205,7.34,4.06,3.42,52
62,1,Monday,13,475.96,479,271,207.5,7.98,4.52,3.46,52
62,1,Monday,14,477.77,479.5,262,208,7.99,4.37,3.47,52
62,1,Monday,15,478.96,467.5,265.5,214.5,7.79,4.42,3.58,52
62,1,Monday,16,524.38,503.5,281,234,8.39,4.68,3.9,52
62,1,Monday,17,601.79,590.5,306,285,9.84,5.1,4.75,52
62,1,Monday,18,533.96,540.5,262,277.5,9.01,4.37,4.62,52
62,1,Monday,19,475.23,464.5,224,239,7.74,3.73,3.98,52
62,1,Monday,20,403.13,400.5,192,206.5,6.68,3.2,3.44,52
62,1,Monday,21,350.33,313.5,156.5,171.5,5.22,2.61,2.86,52
62,1,Monday,22,267.19,239.5,110.5,132,3.99,1.84,2.2,52
62,1,Monday,23,157.04,143,67,71,2.38,1.12,1.18,52
62,2,Tuesday,0,94.94,89,43.5,46,1.48,0.72,0.77,52
62,2,Tuesday,1,57.23,54,29,27,0.9,0.48,0.45,52
62,2,Tuesday,2,33.85,33.5,18,15,0.56,0.3,0.25,52
62,2,Tuesday,3,19.56,19,10,9,0.32,0.17,0.15,52
62,2,Tuesday,4,15.21,14,7.5,7,0.23,0.12,0.12,52
62,2,Tuesday,5,18.54,18,9,9,0.3,0.15,0.15,52
62,2,Tuesday,6,58.52,59,31,23.5,0.98,0.52,0.39,52
62,2,Tuesday,7,93.08,87.5,44,43,1.46,0.73,0.72,52
62,2,Tuesday,8,226.35,201.5,91,103.5,3.36,1.52,1.73,52
62,2,Tuesday,9,235.98,207,110,106,3.45,1.83,1.77,52
62,2,Tuesday,10,288.58,251.5,146.5,109.5,4.19,2.44,1.82,52
62,2,Tuesday,11,347.92,327,180,154.5,5.45,3,2.58,52
62,2,Tuesday,12,523.85,497,263.5,233.5,8.28,4.39,3.89,52
62,2,Tuesday,13,527.35,496.5,298,207,8.28,4.97,3.45,52
62,2,Tuesday,14,494.19,450,277,188.5,7.5,4.62,3.14,52
62,2,Tuesday,15,504.27,473,288,204.5,7.88,4.8,3.41,52
62,2,Tuesday,16,556.29,524.5,305.5,228.5,8.74,5.09,3.81,52
62,2,Tuesday,17,643.79,606.5,326,286.5,10.11,5.43,4.78,52
62,2,Tuesday,18,595.21,550,290.5,275,9.17,4.84,4.58,52
62,2,Tuesday,19,517.6,489,250.5,256.5,8.15,4.18,4.28,52
62,2,Tuesday,20,426.15,409,212.5,196,6.82,3.54,3.27,52
62,2,Tuesday,21,357.21,324.5,164.5,164,5.41,2.74,2.73,52
62,2,Tuesday,22,275.02,251.5,114.5,140,4.19,1.91,2.33,52
62,2,Tuesday,23,170.17,160.5,80.5,84.5,2.67,1.34,1.41,52
62,3,Wednesday,0,96.02,94,47,45,1.57,0.78,0.75,52
62,3,Wednesday,1,59.17,56.5,29,27.5,0.94,0.48,0.46,52
62,3,Wednesday,2,33.73,32,17,15,0.53,0.28,0.25,52
62,3,Wednesday,3,21.27,20.5,10.5,10,0.34,0.17,0.17,52
62,3,Wednesday,4,18.98,18.5,10,8,0.31,0.17,0.13,52
62,3,Wednesday,5,18.56,18,10,8,0.3,0.17,0.13,52
62,3,Wednesday,6,59.96,58,31.5,25,0.97,0.52,0.42,52
62,3,Wednesday,7,96.27,88,44.5,41,1.47,0.74,0.68,52
62,3,Wednesday,8,229,212,96.5,120,3.53,1.61,2,52
62,3,Wednesday,9,225.65,213.5,106.5,109,3.56,1.77,1.82,52
62,3,Wednesday,10,275.67,259,150,115,4.32,2.5,1.92,52
62,3,Wednesday,11,343.67,321.5,183,153,5.36,3.05,2.55,52
62,3,Wednesday,12,496.67,466,263,220,7.77,4.38,3.67,52
62,3,Wednesday,13,499.9,475,283,195,7.92,4.72,3.25,52
62,3,Wednesday,14,485.85,458,270,198,7.63,4.5,3.3,52
62,3,Wednesday,15,500.44,480,281,207.5,8,4.68,3.46,52
62,3,Wednesday,16,559.1,512,280.5,246,8.53,4.68,4.1,52
62,3,Wednesday,17,658.65,641.5,332,310.5,10.69,5.53,5.18,52
62,3,Wednesday,18,633.33,612,305,297,10.2,5.08,4.95,52
62,3,Wednesday,19,544.83,547,275,266.5,9.12,4.58,4.44,52
62,3,Wednesday,20,472.85,470.5,240,231,7.84,4,3.85,52
62,3,Wednesday,21,406.46,381.5,192,186.5,6.36,3.2,3.11,52
62,3,Wednesday,22,307.13,288.5,136,149,4.81,2.27,2.48,52
62,3,Wednesday,23,178.25,160.5,78,83,2.67,1.3,1.38,52
62,4,Thursday,0,109.98,94.5,48.5,48,1.57,0.81,0.8,52
62,4,Thursday,1,64.44,57,31,25,0.95,0.52,0.42,52
62,4,Thursday,2,39.75,34,18.5,16.5,0.57,0.31,0.28,52
62,4,Thursday,3,23.25,21,12.5,9,0.35,0.21,0.15,52
62,4,Thursday,4,17.38,16.5,9,7,0.28,0.15,0.12,52
62,4,Thursday,5,18.35,18,10,8,0.3,0.17,0.13,52
62,4,Thursday,6,58.69,57,30,26,0.95,0.5,0.43,52
62,4,Thursday,7,92.94,88,44,44,1.47,0.73,0.73,52
62,4,Thursday,8,222.35,207.5,94,118.5,3.46,1.57,1.98,52
62,4,Thursday,9,225.54,217.5,109.5,105,3.62,1.82,1.75,52
62,4,Thursday,10,276.31,274,156.5,118,4.57,2.61,1.97,52
62,4,Thursday,11,344.94,327,193,140.5,5.45,3.22,2.34,52
62,4,Thursday,12,511.42,484.5,282,223,8.07,4.7,3.72,52
62,4,Thursday,13,510.35,497.5,293,210,8.29,4.88,3.5,52
62,4,Thursday,14,491.37,482,275.5,196,8.03,4.59,3.27,52
62,4,Thursday,15,493.23,478.5,280,194,7.97,4.67,3.23,52
62,4,Thursday,16,550.6,544,315.5,249,9.07,5.26,4.15,52
62,4,Thursday,17,656.9,647.5,350,295.5,10.79,5.83,4.92,52
62,4,Thursday,18,615.21,594.5,298.5,298,9.91,4.97,4.97,52
62,4,Thursday,19,527.04,503,252.5,256.5,8.38,4.21,4.28,52
62,4,Thursday,20,452.73,444.5,214,223.5,7.41,3.57,3.72,52
62,4,Thursday,21,408.94,387,187,205,6.45,3.12,3.42,52
62,4,Thursday,22,310.13,289.5,137,154.5,4.82,2.28,2.58,52
62,4,Thursday,23,203.71,193.5,96,95.5,3.22,1.6,1.59,52
62,5,Friday,0,113.17,106,57,48,1.77,0.95,0.8,53
62,5,Friday,1,67.72,64,32,32,1.07,0.53,0.53,53
62,5,Friday,2,41.64,40,21,19,0.67,0.35,0.32,53
62,5,Friday,3,26.21,25,13,11,0.42,0.22,0.18,53
62,5,Friday,4,18.34,16,10,8,0.27,0.17,0.13,53
62,5,Friday,5,20.74,20,11,9,0.33,0.18,0.15,53
62,5,Friday,6,56.04,54,29,22,0.9,0.48,0.37,53
62,5,Friday,7,80.72,76,38,37,1.27,0.63,0.62,53
62,5,Friday,8,184.06,178,83,87,2.97,1.38,1.45,53
62,5,Friday,9,212.09,200,107,96,3.33,1.78,1.6,53
62,5,Friday,10,281.32,275,157,118,4.58,2.62,1.97,53
62,5,Friday,11,353.08,337,196,163,5.62,3.27,2.72,53
62,5,Friday,12,497.25,487,281,219,8.12,4.68,3.65,53
62,5,Friday,13,510.89,479,298,199,7.98,4.97,3.32,53
62,5,Friday,14,515.85,476,301,203,7.93,5.02,3.38,53
62,5,Friday,15,542.08,538,308,226,8.97,5.13,3.77,53
62,5,Friday,16,589.81,556,311,264,9.27,5.18,4.4,53
62,5,Friday,17,667.57,629,316,321,10.48,5.27,5.35,53
62,5,Friday,18,650.19,622,308,330,10.37,5.13,5.5,53
62,5,Friday,19,589.36,577,297,288,9.62,4.95,4.8,53
62,5,Friday,20,526.13,509,273,245,8.48,4.55,4.08,53
62,5,Friday,21,464.55,448,226,224,7.47,3.77,3.73,53
62,5,Friday,22,396.75,396,181,205,6.6,3.02,3.42,53
62,5,Friday,23,291.96,277,136,139,4.62,2.27,2.32,53
62,6,Saturday,0,174.4,170,87,86,2.83,1.45,1.43,52
62,6,Saturday,1,101.27,95,51.5,45.5,1.58,0.86,0.76,52
62,6,Saturday,2,74.87,69,38.5,34,1.15,0.64,0.57,52
62,6,Saturday,3,60.15,58,30.5,26.5,0.97,0.51,0.44,52
62,6,Saturday,4,40.62,36,22,14.5,0.6,0.37,0.24,52
62,6,Saturday,5,24.94,23.5,12.5,9,0.39,0.21,0.15,52
62,6,Saturday,6,43.44,40.5,24,15.5,0.68,0.4,0.26,52
62,6,Saturday,7,55.88,56,28,27,0.93,0.47,0.45,52
62,6,Saturday,8,87.6,91,44,45,1.52,0.73,0.75,52
62,6,Saturday,9,160.69,160,87,73,2.67,1.45,1.22,52
62,6,Saturday,10,264,261.5,153,113,4.36,2.55,1.88,52
62,6,Saturday,11,381.38,369,199,175.5,6.15,3.32,2.92,52
62,6,Saturday,12,496.58,473,284.5,215,7.88,4.74,3.58,52
62,6,Saturday,13,566.06,551.5,325.5,239,9.19,5.42,3.98,52
62,6,Saturday,14,596.96,571.5,343.5,244.5,9.53,5.72,4.08,52
62,6,Saturday,15,617.15,609.5,345,263,10.16,5.75,4.38,52
62,6,Saturday,16,613.81,602,326.5,275.5,10.03,5.44,4.59,52
62,6,Saturday,17,620.42,612,287,321,10.2,4.78,5.35,52
62,6,Saturday,18,640.75,625,304.5,323,10.42,5.08,5.38,52
62,6,Saturday,19,612.63,585.5,310.5,296,9.76,5.18,4.93,52
62,6,Saturday,20,511.73,502.5,258,246.5,8.38,4.3,4.11,52
62,6,Saturday,21,450.69,446,221,227,7.43,3.68,3.78,52
62,6,Saturday,22,374.23,363.5,175.5,198.5,6.06,2.92,3.31,52
62,6,Saturday,23,296.69,292,147.5,143.5,4.87,2.46,2.39,52
62,7,Sunday,0,189.88,186.5,99.5,95,3.11,1.66,1.58,52
62,7,Sunday,1,114.6,112,60,52,1.87,1,0.87,52
62,7,Sunday,2,76.41,73,38,36,1.22,0.63,0.6,51
62,7,Sunday,3,58.87,55.5,25.5,28,0.92,0.42,0.47,52
62,7,Sunday,4,42.35,41,24,17,0.68,0.4,0.28,52
62,7,Sunday,5,28.94,27.5,15,11.5,0.46,0.25,0.19,52
62,7,Sunday,6,34.5,31,19.5,13,0.52,0.32,0.22,52
62,7,Sunday,7,45.06,43,23.5,19,0.72,0.39,0.32,52
62,7,Sunday,8,75.58,76.5,35,39,1.27,0.58,0.65,52
62,7,Sunday,9,151.94,153,76.5,71.5,2.55,1.27,1.19,52
62,7,Sunday,10,260.21,251.5,141,112.5,4.19,2.35,1.88,52
62,7,Sunday,11,353.12,346,181.5,162.5,5.77,3.02,2.71,52
62,7,Sunday,12,489.92,467.5,250,220.5,7.79,4.17,3.67,52
62,7,Sunday,13,575.06,551.5,300.5,255.5,9.19,5.01,4.26,52
62,7,Sunday,14,591.65,583,323,251.5,9.72,5.38,4.19,52
62,7,Sunday,15,578.81,562.5,331.5,246.5,9.38,5.53,4.11,52
62,7,Sunday,16,558.87,550,298,243.5,9.17,4.97,4.06,52
62,7,Sunday,17,548.48,529.5,256,273.5,8.82,4.27,4.56,52
62,7,Sunday,18,523.96,504.5,247,268,8.41,4.12,4.47,52
62,7,Sunday,19,493.31,478.5,234.5,238,7.97,3.91,3.97,52
62,7,Sunday,20,421.69,414,213,203.5,6.9,3.55,3.39,52
62,7,Sunday,21,356.62,341.5,167.5,179.5,5.69,2.79,2.99,52
62,7,Sunday,22,281.56,282.5,121,150.5,4.71,2.02,2.51,52
62,7,Sunday,23,175.71,166,84.5,83.5,2.77,1.41,1.39,52
63,1,Monday,0,79.13,68.5,20,47,1.14,0.33,0.78,52
63,1,Monday,1,42.38,31,13,18,0.52,0.22,0.3,52
63,1,Monday,2,28.19,22.5,7,16,0.38,0.12,0.27,52
63,1,Monday,3,19.12,15,5,9,0.25,0.08,0.15,52
63,1,Monday,4,11.13,10,3.5,5.5,0.17,0.06,0.09,52
63,1,Monday,5,16.46,17,6,10,0.28,0.1,0.17,52
63,1,Monday,6,60.1,61,25,36,1.02,0.42,0.6,52
63,1,Monday,7,137.83,146,75.5,68.5,2.43,1.26,1.14,52
63,1,Monday,8,292.62,305,158.5,146,5.08,2.64,2.43,52
63,1,Monday,9,358.27,361,155,203,6.02,2.58,3.38,52
63,1,Monday,10,462.77,460.5,199,260,7.68,3.32,4.33,52
63,1,Monday,11,627.56,617,274.5,345,10.28,4.58,5.75,52
63,1,Monday,12,1107.67,1115,502,611,18.58,8.37,10.18,52
63,1,Monday,13,1140.29,1105.5,525,566,18.42,8.75,9.43,52
63,1,Monday,14,841.44,808.5,384.5,433.5,13.47,6.41,7.22,52
63,1,Monday,15,741.96,739.5,335,402,12.32,5.58,6.7,52
63,1,Monday,16,732.96,720,317,395,12,5.28,6.58,52
63,1,Monday,17,772.06,755,353.5,415,12.58,5.89,6.92,52
63,1,Monday,18,577.94,564.5,269,316.5,9.41,4.48,5.28,52
63,1,Monday,19,468.54,474,211,264.5,7.9,3.52,4.41,52
63,1,Monday,20,384,384,137,235.5,6.4,2.28,3.92,52
63,1,Monday,21,274.44,285,90.5,189.5,4.75,1.51,3.16,52
63,1,Monday,22,179.37,188.5,53,134,3.14,0.88,2.23,52
63,1,Monday,23,90.65,90.5,26,64.5,1.51,0.43,1.07,52
63,2,Tuesday,0,52.27,53.5,16.5,35,0.89,0.28,0.58,52
63,2,Tuesday,1,27.35,27,10,15.5,0.45,0.17,0.26,52
63,2,Tuesday,2,20.06,18,5,12,0.3,0.08,0.2,52
63,2,Tuesday,3,14.08,14,5,9,0.23,0.08,0.15,51
63,2,Tuesday,4,9.65,9,2,7,0.15,0.03,0.12,51
63,2,Tuesday,5,17.13,16.5,6,11,0.28,0.1,0.18,52
63,2,Tuesday,6,72.54,79.5,29.5,45,1.32,0.49,0.75,52
63,2,Tuesday,7,165.1,165,90,80,2.75,1.5,1.33,52
63,2,Tuesday,8,350.65,360,189.5,171,6,3.16,2.85,52
63,2,Tuesday,9,383.35,385.5,175,215,6.42,2.92,3.58,52
63,2,Tuesday,10,463.33,451.5,189,262.5,7.53,3.15,4.38,52
63,2,Tuesday,11,645.35,632.5,277,356.5,10.54,4.62,5.94,52
63,2,Tuesday,12,1276.69,1256,556,698.5,20.93,9.27,11.64,52
63,2,Tuesday,13,1241.12,1200.5,575.5,629.5,20.01,9.59,10.49,52
63,2,Tuesday,14,860.75,862,385.5,469.5,14.37,6.42,7.82,52
63,2,Tuesday,15,768.54,748.5,334.5,414,12.47,5.58,6.9,52
63,2,Tuesday,16,803.63,804.5,350.5,448.5,13.41,5.84,7.47,52
63,2,Tuesday,17,944.75,925.5,421.5,510,15.43,7.03,8.5,52
63,2,Tuesday,18,698.4,720,349.5,358,12,5.82,5.97,52
63,2,Tuesday,19,604.13,604.5,269.5,338.5,10.07,4.49,5.64,52
63,2,Tuesday,20,496.13,495,183,305,8.25,3.05,5.08,52
63,2,Tuesday,21,383.08,395,116.5,282,6.58,1.94,4.7,52
63,2,Tuesday,22,223.65,217,62.5,155,3.62,1.04,2.58,52
63,2,Tuesday,23,124.21,125.5,33.5,87.5,2.09,0.56,1.46,52
63,3,Wednesday,0,65.65,68.5,18.5,45,1.14,0.31,0.75,52
63,3,Wednesday,1,32.48,34,12,21,0.57,0.2,0.35,52
63,3,Wednesday,2,21.85,21,5.5,13,0.35,0.09,0.22,52
63,3,Wednesday,3,14.85,13,5,8,0.22,0.08,0.13,52
63,3,Wednesday,4,10.5,9,3,6,0.15,0.05,0.1,50
63,3,Wednesday,5,19.21,19,6,12,0.32,0.1,0.2,52
63,3,Wednesday,6,76.42,81.5,28,52,1.36,0.47,0.87,52
63,3,Wednesday,7,160.37,163.5,79.5,81,2.72,1.32,1.35,52
63,3,Wednesday,8,339.04,349,174.5,165.5,5.82,2.91,2.76,52
63,3,Wednesday,9,382.6,381.5,172,211,6.36,2.87,3.52,52
63,3,Wednesday,10,473.33,461.5,194.5,274.5,7.69,3.24,4.58,52
63,3,Wednesday,11,675.54,672,300,360.5,11.2,5,6.01,52
63,3,Wednesday,12,1242.17,1242.5,556,698.5,20.71,9.27,11.64,52
63,3,Wednesday,13,1228.75,1229.5,581.5,638.5,20.49,9.69,10.64,52
63,3,Wednesday,14,881.75,890.5,410.5,483,14.84,6.84,8.05,52
63,3,Wednesday,15,805.87,797.5,357,435,13.29,5.95,7.25,52
63,3,Wednesday,16,864.48,855,378,477,14.25,6.3,7.95,52
63,3,Wednesday,17,986.19,973.5,466.5,503,16.23,7.78,8.38,52
63,3,Wednesday,18,759.92,775,387.5,398.5,12.92,6.46,6.64,52
63,3,Wednesday,19,647.25,649,318.5,341.5,10.82,5.31,5.69,52
63,3,Wednesday,20,518.69,510,195,313.5,8.5,3.25,5.22,52
63,3,Wednesday,21,438.42,442.5,133,316.5,7.38,2.22,5.28,52
63,3,Wednesday,22,276.63,286,81,190,4.77,1.35,3.17,52
63,3,Wednesday,23,153.56,143.5,46,101,2.39,0.77,1.68,52
63,4,Thursday,0,93.06,79,25.5,52.5,1.32,0.42,0.88,52
63,4,Thursday,1,55.62,42,14.5,27.5,0.7,0.24,0.46,52
63,4,Thursday,2,35.37,23.5,7,15,0.39,0.12,0.25,52
63,4,Thursday,3,22.58,14.5,4,9,0.24,0.07,0.15,52
63,4,Thursday,4,12.73,10,3,7,0.17,0.05,0.12,51
63,4,Thursday,5,18.98,19,6,12,0.32,0.1,0.2,52
63,4,Thursday,6,72.69,74.5,27,46,1.24,0.45,0.77,52
63,4,Thursday,7,174.21,179.5,91,86,2.99,1.52,1.43,52
63,4,Thursday,8,356.98,366,191,173.5,6.1,3.18,2.89,52
63,4,Thursday,9,409.25,407.5,185,226.5,6.79,3.08,3.78,52
63,4,Thursday,10,493.35,484.5,202.5,283.5,8.07,3.38,4.72,52
63,4,Thursday,11,708.42,707,317,384,11.78,5.28,6.4,52
63,4,Thursday,12,1306.6,1334,576.5,737,22.23,9.61,12.28,52
63,4,Thursday,13,1263.56,1273,615.5,674,21.22,10.26,11.23,52
63,4,Thursday,14,926.06,928.5,426,503.5,15.47,7.1,8.39,52
63,4,Thursday,15,823.62,850,382.5,461,14.17,6.38,7.68,52
63,4,Thursday,16,884.27,913.5,405,507.5,15.22,6.75,8.46,52
63,4,Thursday,17,1113.15,1142.5,536,598,19.04,8.93,9.97,52
63,4,Thursday,18,871.12,872,408.5,450.5,14.53,6.81,7.51,52
63,4,Thursday,19,778.73,790,334.5,434.5,13.17,5.58,7.24,52
63,4,Thursday,20,625.81,624,242,382,10.4,4.03,6.37,52
63,4,Thursday,21,522.9,523,172.5,342.5,8.72,2.88,5.71,52
63,4,Thursday,22,356.38,345.5,116,223.5,5.76,1.93,3.72,52
63,4,Thursday,23,203.79,206.5,69.5,134.5,3.44,1.16,2.24,52
63,5,Friday,0,123.77,118,37,77,1.97,0.62,1.28,53
63,5,Friday,1,69.96,61,23,37,1.02,0.38,0.62,53
63,5,Friday,2,41.96,42,11,28,0.7,0.18,0.47,53
63,5,Friday,3,22.85,21,7,15,0.35,0.12,0.25,53
63,5,Friday,4,15.02,15,4,10,0.25,0.07,0.17,53
63,5,Friday,5,18.83,19,6,13,0.32,0.1,0.22,53
63,5,Friday,6,63.72,69,23,43,1.15,0.38,0.72,53
63,5,Friday,7,131.3,129,60,71,2.15,1,1.18,53
63,5,Friday,8,283.98,282,137,140,4.7,2.28,2.33,53
63,5,Friday,9,388.42,378,161,224,6.3,2.68,3.73,53
63,5,Friday,10,517.75,522,213,300,8.7,3.55,5,53
63,5,Friday,11,713.19,706,327,386,11.77,5.45,6.43,53
63,5,Friday,12,1070.09,1075,494,579,17.92,8.23,9.65,53
63,5,Friday,13,1119.94,1127,531,587,18.78,8.85,9.78,53
63,5,Friday,14,947.98,945,433,513,15.75,7.22,8.55,53
63,5,Friday,15,885.08,877,405,476,14.62,6.75,7.93,53
63,5,Friday,16,951.64,935,451,493,15.58,7.52,8.22,53
63,5,Friday,17,1096.64,1091,556,529,18.18,9.27,8.82,53
63,5,Friday,18,1022.43,1058,525,508,17.63,8.75,8.47,53
63,5,Friday,19,1005.85,1015,495,532,16.92,8.25,8.87,53
63,5,Friday,20,866.55,878,382,453,14.63,6.37,7.55,53
63,5,Friday,21,696.42,714,279,437,11.9,4.65,7.28,53
63,5,Friday,22,618.79,639,212,422,10.65,3.53,7.03,53
63,5,Friday,23,465,491,153,319,8.18,2.55,5.32,53
63,6,Saturday,0,329.19,333.5,95,246,5.56,1.58,4.1,52
63,6,Saturday,1,217.9,216.5,62,154.5,3.61,1.03,2.58,52
63,6,Saturday,2,135.9,147.5,31,110,2.46,0.52,1.83,52
63,6,Saturday,3,89.44,89.5,17,70,1.49,0.28,1.17,52
63,6,Saturday,4,28.4,28,7,20,0.47,0.12,0.33,52
63,6,Saturday,5,18.27,18,5,12,0.3,0.08,0.2,51
63,6,Saturday,6,33.27,34,12,20.5,0.57,0.2,0.34,52
63,6,Saturday,7,66.12,63,22.5,38.5,1.05,0.38,0.64,52
63,6,Saturday,8,149.9,152,55,95.5,2.53,0.92,1.59,52
63,6,Saturday,9,308.35,317.5,112,193.5,5.29,1.87,3.22,52
63,6,Saturday,10,518.48,511.5,204.5,315.5,8.53,3.41,5.26,52
63,6,Saturday,11,768.42,785,366.5,412,13.08,6.11,6.87,52
63,6,Saturday,12,977.81,990,511,496.5,16.5,8.52,8.28,52
63,6,Saturday,13,1130.88,1163.5,556.5,580,19.39,9.28,9.67,52
63,6,Saturday,14,1162.38,1195,556,631.5,19.92,9.27,10.53,52
63,6,Saturday,15,1142.65,1177,572,611,19.62,9.53,10.18,52
63,6,Saturday,16,1172.67,1202,575.5,623.5,20.03,9.59,10.39,52
63,6,Saturday,17,1135.27,1116,602.5,524,18.6,10.04,8.73,52
63,6,Saturday,18,1042.37,1056,531.5,520,17.6,8.86,8.67,52
63,6,Saturday,19,1013.23,1046,515.5,511.5,17.43,8.59,8.53,52
63,6,Saturday,20,824.19,840,376.5,451,14,6.28,7.52,52
63,6,Saturday,21,734.81,745,301.5,449.5,12.42,5.03,7.49,52
63,6,Saturday,22,668.98,664,255.5,405,11.07,4.26,6.75,52
63,6,Saturday,23,544.85,566,223,332.5,9.43,3.72,5.54,52
63,7,Sunday,0,413.94,419.5,134.5,295.5,6.99,2.24,4.92,52
63,7,Sunday,1,307.92,318.5,91,219.5,5.31,1.52,3.66,52
63,7,Sunday,2,203.86,211,50,164,3.52,0.83,2.73,51
63,7,Sunday,3,142.71,149.5,27,124,2.49,0.45,2.07,52
63,7,Sunday,4,43.06,44.5,10,33,0.74,0.17,0.55,52
63,7,Sunday,5,28.63,25.5,8,16,0.42,0.13,0.27,52
63,7,Sunday,6,26.38,27.5,9,15.5,0.46,0.15,0.26,52
63,7,Sunday,7,56.21,55.5,22,32.5,0.92,0.37,0.54,52
63,7,Sunday,8,117.83,114,41.5,71,1.9,0.69,1.18,52
63,7,Sunday,9,256.37,256.5,87.5,169.5,4.28,1.46,2.83,52
63,7,Sunday,10,456.87,449.5,171.5,286.5,7.49,2.86,4.78,52
63,7,Sunday,11,683.5,675.5,319.5,361,11.26,5.32,6.02,52
63,7,Sunday,12,854.43,866,429,430,14.43,7.15,7.17,51
63,7,Sunday,13,972.9,960,453,496,16,7.55,8.27,51
63,7,Sunday,14,1051.71,1027,470,532,17.12,7.83,8.87,51
63,7,Sunday,15,1017.04,1000,463,518,16.67,7.72,8.63,51
63,7,Sunday,16,917.71,904,452.5,453,15.07,7.54,7.55,52
63,7,Sunday,17,831.25,816,423.5,392,13.6,7.06,6.53,52
63,7,Sunday,18,684.25,701.5,333.5,346,11.69,5.56,5.77,52
63,7,Sunday,19,568.13,587.5,258.5,319.5,9.79,4.31,5.32,52
63,7,Sunday,20,434.37,441,161.5,269.5,7.35,2.69,4.49,52
63,7,Sunday,21,339.67,348,110,225,5.8,1.83,3.75,52
63,7,Sunday,22,224.56,211.5,74,133.5,3.52,1.23,2.22,52
63,7,Sunday,23,134.92,123.5,40,80,2.06,0.67,1.33,52
66,1,Monday,0,121.56,106,63.5,44,1.77,1.06,0.73,52
66,1,Monday,1,63.42,56.5,36,20,0.94,0.6,0.33,52
66,1,Monday,2,32.42,29,20,9,0.48,0.33,0.15,52
66,1,Monday,3,20.33,18,12,5,0.3,0.2,0.08,52
66,1,Monday,4,19.77,16.5,11.5,6,0.28,0.19,0.1,52
66,1,Monday,5,34.5,33.5,10,24,0.56,0.17,0.4,52
66,1,Monday,6,84.19,88.5,20,66,1.48,0.33,1.1,52
66,1,Monday,7,270.21,283,66.5,213.5,4.72,1.11,3.56,52
66,1,Monday,8,597.9,625.5,172.5,467.5,10.43,2.88,7.79,52
66,1,Monday,9,655,662,256,408,11.03,4.27,6.8,52
66,1,Monday,10,958.62,950.5,450.5,510,15.84,7.51,8.5,52
66,1,Monday,11,1456.58,1468,658.5,809,24.47,10.97,13.48,52
66,1,Monday,12,2153.83,2203.5,940.5,1215,36.73,15.68,20.25,52
66,1,Monday,13,2353.08,2300.5,1139,1168,38.34,18.98,19.47,52
66,1,Monday,14,2324.02,2323.5,1125.5,1153.5,38.73,18.76,19.23,52
66,1,Monday,15,2457.13,2391.5,1176.5,1231.5,39.86,19.61,20.52,52
66,1,Monday,16,2580.15,2589.5,1246,1352,43.16,20.77,22.53,52
66,1,Monday,17,2761.42,2795,1319.5,1502,46.58,21.99,25.03,52
66,1,Monday,18,2264.35,2290,1107.5,1153,38.17,18.46,19.22,52
66,1,Monday,19,1899.21,1947,1023,907.5,32.45,17.05,15.12,52
66,1,Monday,20,1544.63,1573.5,897.5,688.5,26.23,14.96,11.47,52
66,1,Monday,21,1120.06,1107.5,662,456,18.46,11.03,7.6,52
66,1,Monday,22,608.62,617,367.5,238.5,10.28,6.12,3.98,52
66,1,Monday,23,234.85,223.5,130,94.5,3.72,2.17,1.57,52
66,2,Tuesday,0,93.08,88,56,37,1.47,0.93,0.62,52
66,2,Tuesday,1,45.37,44,26,17,0.73,0.43,0.28,52
66,2,Tuesday,2,24.46,23,15.5,8,0.38,0.26,0.13,52
66,2,Tuesday,3,15.37,14,9,4.5,0.23,0.15,0.07,52
66,2,Tuesday,4,14.48,14,8,5,0.23,0.13,0.08,52
66,2,Tuesday,5,35.12,35.5,10.5,25.5,0.59,0.17,0.42,52
66,2,Tuesday,6,94.98,96.5,24.5,73.5,1.61,0.41,1.23,52
66,2,Tuesday,7,312.1,329.5,71.5,256,5.49,1.19,4.27,52
66,2,Tuesday,8,769.13,795.5,196.5,586,13.26,3.28,9.77,52
66,2,Tuesday,9,784.94,776.5,296.5,493,12.94,4.94,8.22,52
66,2,Tuesday,10,1007,977,470.5,533,16.28,7.84,8.88,52
66,2,Tuesday,11,1459.44,1436.5,636.5,794,23.94,10.61,13.23,52
66,2,Tuesday,12,2241.54,2175,1003.5,1192.5,36.25,16.73,19.88,52
66,2,Tuesday,13,2400.42,2416,1152,1242.5,40.27,19.2,20.71,52
66,2,Tuesday,14,2276.58,2238,1122,1144,37.3,18.7,19.07,52
66,2,Tuesday,15,2435.5,2450,1202.5,1268.5,40.83,20.04,21.14,52
66,2,Tuesday,16,2674.9,2712,1330.5,1350,45.2,22.18,22.5,52
66,2,Tuesday,17,2954.88,3033.5,1449,1561,50.56,24.15,26.02,52
66,2,Tuesday,18,2399.02,2382,1183.5,1172.5,39.7,19.73,19.54,52
66,2,Tuesday,19,2034.25,2034.5,1070.5,976,33.91,17.84,16.27,52
66,2,Tuesday,20,1682.87,1681.5,952,756,28.02,15.87,12.6,52
66,2,Tuesday,21,1240.38,1258.5,754.5,511.5,20.98,12.57,8.53,52
66,2,Tuesday,22,704.77,678,408,281,11.3,6.8,4.68,52
66,2,Tuesday,23,278.79,274,153.5,118.5,4.57,2.56,1.98,52
66,3,Wednesday,0,116.88,114,67.5,46,1.9,1.12,0.77,52
66,3,Wednesday,1,66.35,63.5,45,19,1.06,0.75,0.32,52
66,3,Wednesday,2,36.71,35,26,9,0.58,0.43,0.15,52
66,3,Wednesday,3,24.79,23,16.5,6,0.38,0.28,0.1,52
66,3,Wednesday,4,20.4,19.5,12.5,7,0.32,0.21,0.12,52
66,3,Wednesday,5,39.69,40,11,28,0.67,0.18,0.47,52
66,3,Wednesday,6,95.33,97.5,25.5,70,1.62,0.42,1.17,52
66,3,Wednesday,7,322.44,331,77,253,5.52,1.28,4.22,52
66,3,Wednesday,8,763.21,777,217.5,569,12.95,3.62,9.48,52
66,3,Wednesday,9,755.25,774,286.5,489,12.9,4.78,8.15,52
66,3,Wednesday,10,990.13,1012,464,532.5,16.87,7.73,8.88,52
66,3,Wednesday,11,1470,1500,657,842.5,25,10.95,14.04,52
66,3,Wednesday,12,2306.46,2289.5,1055,1265,38.16,17.58,21.08,52
66,3,Wednesday,13,2441.35,2360,1158,1239,39.33,19.3,20.65,52
66,3,Wednesday,14,2389.83,2362,1172,1178.5,39.37,19.53,19.64,52
66,3,Wednesday,15,2511.65,2457.5,1217.5,1263,40.96,20.29,21.05,52
66,3,Wednesday,16,2773.56,2766,1386.5,1361,46.1,23.11,22.68,52
66,3,Wednesday,17,3012.87,3033.5,1432.5,1595,50.56,23.88,26.58,52
66,3,Wednesday,18,2440.23,2527,1225,1267.5,42.12,20.42,21.12,52
66,3,Wednesday,19,2053.92,2116,1105.5,1013.5,35.27,18.42,16.89,52
66,3,Wednesday,20,1732.71,1775.5,993.5,777,29.59,16.56,12.95,52
66,3,Wednesday,21,1343.27,1337.5,770,568.5,22.29,12.83,9.47,52
66,3,Wednesday,22,771.02,730.5,444,288,12.18,7.4,4.8,52
66,3,Wednesday,23,304.33,268.5,159.5,107.5,4.47,2.66,1.79,52
66,4,Thursday,0,130,106,62,45,1.77,1.03,0.75,52
66,4,Thursday,1,70.73,53,30.5,18.5,0.88,0.51,0.31,52
66,4,Thursday,2,37.71,26.5,17,10,0.44,0.28,0.17,52
66,4,Thursday,3,25.6,19.5,12.5,5,0.32,0.21,0.08,52
66,4,Thursday,4,19.58,15,10,6,0.25,0.17,0.1,52
66,4,Thursday,5,39.98,38,11.5,26.5,0.63,0.19,0.44,52
66,4,Thursday,6,93.02,96.5,24.5,70.5,1.61,0.41,1.18,52
66,4,Thursday,7,301.85,310,75,239.5,5.17,1.25,3.99,52
66,4,Thursday,8,760.23,776,210,579.5,12.93,3.5,9.66,52
66,4,Thursday,9,784.5,791.5,310,502,13.19,5.17,8.37,52
66,4,Thursday,10,1025.98,981,466.5,515.5,16.35,7.78,8.59,52
66,4,Thursday,11,1449.79,1438.5,651,777,23.98,10.85,12.95,52
66,4,Thursday,12,2288.02,2270.5,1025.5,1248,37.84,17.09,20.8,52
66,4,Thursday,13,2419.77,2362,1156.5,1235,39.37,19.27,20.58,52
66,4,Thursday,14,2329.29,2283,1118.5,1177.5,38.05,18.64,19.62,52
66,4,Thursday,15,2426.73,2400.5,1173.5,1251.5,40.01,19.56,20.86,52
66,4,Thursday,16,2671.1,2682.5,1314,1364.5,44.71,21.9,22.74,52
66,4,Thursday,17,3065.29,3102.5,1465.5,1633,51.71,24.42,27.22,52
66,4,Thursday,18,2565.4,2605.5,1288,1321.5,43.42,21.47,22.02,52
66,4,Thursday,19,2164.98,2148,1146,1009.5,35.8,19.1,16.82,52
66,4,Thursday,20,1918.04,1954.5,1059,871.5,32.58,17.65,14.53,52
66,4,Thursday,21,1526.83,1526.5,907,614,25.44,15.12,10.23,52
66,4,Thursday,22,903.96,884,529.5,354.5,14.73,8.82,5.91,52
66,4,Thursday,23,365.42,358.5,203.5,147.5,5.97,3.39,2.46,52
66,5,Friday,0,154.23,151,88,61,2.52,1.47,1.02,53
66,5,Friday,1,84.26,76,53,26,1.27,0.88,0.43,53
66,5,Friday,2,45.98,41,28,11,0.68,0.47,0.18,53
66,5,Friday,3,30.02,29,20,7,0.48,0.33,0.12,53
66,5,Friday,4,23.62,21,15,7,0.35,0.25,0.12,53
66,5,Friday,5,37.66,37,11,25,0.62,0.18,0.42,53
66,5,Friday,6,81.7,81,23,58,1.35,0.38,0.97,53
66,5,Friday,7,225.38,230,61,170,3.83,1.02,2.83,53
66,5,Friday,8,519.81,530,168,350,8.83,2.8,5.83,53
66,5,Friday,9,641.09,651,264,380,10.85,4.4,6.33,53
66,5,Friday,10,990.47,973,460,511,16.22,7.67,8.52,53
66,5,Friday,11,1453.49,1429,632,793,23.82,10.53,13.22,53
66,5,Friday,12,2097.26,2082,933,1165,34.7,15.55,19.42,53
66,5,Friday,13,2345.64,2315,1132,1199,38.58,18.87,19.98,53
66,5,Friday,14,2422.66,2393,1170,1217,39.88,19.5,20.28,53
66,5,Friday,15,2580.51,2597,1243,1339,43.28,20.72,22.32,53
66,5,Friday,16,2778.42,2796,1351,1446,46.6,22.52,24.1,53
66,5,Friday,17,3034.09,3032,1361,1654,50.53,22.68,27.57,53
66,5,Friday,18,2709.43,2690,1287,1392,44.83,21.45,23.2,53
66,5,Friday,19,2503.77,2513,1289,1192,41.88,21.48,19.87,52
66,5,Friday,20,2358.38,2329.5,1288.5,1049.5,38.83,21.48,17.49,52
66,5,Friday,21,2038.23,2025,1150,845,33.75,19.17,14.08,52
66,5,Friday,22,1423.54,1394,826.5,565,23.23,13.78,9.42,52
66,5,Friday,23,767.46,754.5,422,342,12.57,7.03,5.7,52
66,6,Saturday,0,378.59,366,197,181,6.1,3.28,3.02,51
66,6,Saturday,1,189.41,182,100,82,3.03,1.67,1.37,51
66,6,Saturday,2,110.12,107,62,45,1.78,1.03,0.75,51
66,6,Saturday,3,69.33,67,42,25,1.12,0.7,0.42,51
66,6,Saturday,4,39.1,36,21,13,0.6,0.35,0.22,51
66,6,Saturday,5,28.41,26,12,13,0.43,0.2,0.22,51
66,6,Saturday,6,42.51,39,13,28,0.65,0.22,0.47,51
66,6,Saturday,7,92.33,90,33,53,1.5,0.55,0.88,51
66,6,Saturday,8,197.2,187,72,114,3.12,1.2,1.9,51
66,6,Saturday,9,459.94,469,193,277,7.82,3.22,4.62,51
66,6,Saturday,10,934.22,921,423,497,15.35,7.05,8.28,51
66,6,Saturday,11,1569.1,1552,680,851,25.87,11.33,14.18,51
66,6,Saturday,12,2192.2,2162,956,1217,36.03,15.93,20.28,51
66,6,Saturday,13,2689.49,2636,1280,1352,43.93,21.33,22.53,51
66,6,Saturday,14,2957.65,2948,1475,1478,49.13,24.58,24.63,51
66,6,Saturday,15,3190.55,3239,1592,1616,53.98,26.53,26.93,51
66,6,Saturday,16,3200.96,3280,1584,1701,54.67,26.4,28.35,51
66,6,Saturday,17,3133.75,3183,1472,1721,53.05,24.53,28.68,51
66,6,Saturday,18,2747.49,2815,1369,1441,46.92,22.82,24.02,51
66,6,Saturday,19,2614.18,2634,1337,1281,43.9,22.28,21.35,51
66,6,Saturday,20,2303.73,2262,1267,1006,37.7,21.12,16.77,51
66,6,Saturday,21,1915.16,1852,1031,823,30.87,17.18,13.72,51
66,6,Saturday,22,1425.25,1402,780,601,23.37,13,10.02,51
66,6,Saturday,23,805.12,774,406,349,12.9,6.77,5.82,51
66,7,Sunday,0,424.65,417,206,215,6.95,3.43,3.58,51
66,7,Sunday,1,236.84,226,132,99,3.77,2.2,1.65,51
66,7,Sunday,2,131.6,129.5,78,54,2.16,1.3,0.9,50
66,7,Sunday,3,89,87,53,35,1.45,0.88,0.58,51
66,7,Sunday,4,47.57,49,32,16,0.82,0.53,0.27,51
66,7,Sunday,5,47.25,44,24,20,0.73,0.4,0.33,51
66,7,Sunday,6,56.71,52,16,36,0.87,0.27,0.6,51
66,7,Sunday,7,88.49,83,30,51,1.38,0.5,0.85,51
66,7,Sunday,8,178.16,161,67,97,2.68,1.12,1.62,51
66,7,Sunday,9,442.41,427,184,240,7.12,3.07,4,51
66,7,Sunday,10,931.41,897,418,472,14.95,6.97,7.87,51
66,7,Sunday,11,1628.04,1649,710,887,27.48,11.83,14.78,51
66,7,Sunday,12,2251.31,2224,1005,1182,37.07,16.75,19.7,51
66,7,Sunday,13,2713.78,2715,1243,1450,45.25,20.72,24.17,51
66,7,Sunday,14,3006.43,2987,1455,1528,49.78,24.25,25.47,51
66,7,Sunday,15,2971.96,2906,1443,1491,48.43,24.05,24.85,51
66,7,Sunday,16,2891.76,2897,1403,1493,48.28,23.38,24.88,51
66,7,Sunday,17,2724.65,2663,1246,1443,44.38,20.77,24.05,51
66,7,Sunday,18,2193.1,2168,1076,1097,36.13,17.93,18.28,51
66,7,Sunday,19,1923.73,1993,1073,931,33.22,17.88,15.52,51
66,7,Sunday,20,1635.76,1668,976,694,27.8,16.27,11.57,51
66,7,Sunday,21,1241.06,1258,753,499,20.97,12.55,8.32,51
66,7,Sunday,22,695.67,670,408,244,11.17,6.8,4.07,51
66,7,Sunday,23,287.75,266,156,108,4.43,2.6,1.8,51
67,1,Monday,0,29.55,25,10,15,0.42,0.17,0.25,51
67,1,Monday,1,13.4,10.5,4,6,0.17,0.07,0.1,52
67,1,Monday,2,8.57,7,3,4,0.12,0.05,0.07,51
67,1,Monday,3,8.27,7,3,4,0.12,0.05,0.07,51
67,1,Monday,4,9.4,8,4,4.5,0.13,0.07,0.07,52
67,1,Monday,5,26.48,23.5,8,14.5,0.39,0.13,0.24,52
67,1,Monday,6,112.67,118,54,56.5,1.97,0.9,0.94,52
67,1,Monday,7,258.79,274,132.5,128,4.57,2.21,2.13,52
67,1,Monday,8,620.42,652.5,302,267.5,10.88,5.03,4.46,52
67,1,Monday,9,739.54,782,439.5,341.5,13.03,7.32,5.69,52
67,1,Monday,10,702.27,702.5,341.5,357.5,11.71,5.69,5.96,52
67,1,Monday,11,840.4,839.5,386,457,13.99,6.43,7.62,52
67,1,Monday,12,1153.9,1155,498.5,671.5,19.25,8.31,11.19,52
67,1,Monday,13,1154.04,1169,523,656,19.48,8.72,10.93,52
67,1,Monday,14,915.13,915,383.5,527,15.25,6.39,8.78,52
67,1,Monday,15,893.67,903,343.5,554.5,15.05,5.72,9.24,52
67,1,Monday,16,824.58,825.5,327,485,13.76,5.45,8.08,52
67,1,Monday,17,967.42,987.5,350.5,576,16.46,5.84,9.6,52
67,1,Monday,18,685.06,663,285.5,383,11.05,4.76,6.38,52
67,1,Monday,19,471.81,445.5,196,253.5,7.42,3.27,4.22,52
67,1,Monday,20,361.77,348.5,137.5,211,5.81,2.29,3.52,52
67,1,Monday,21,265.56,243,93.5,154,4.05,1.56,2.57,52
67,1,Monday,22,137.52,118.5,46,77,1.98,0.77,1.28,52
67,1,Monday,23,51.48,48,18,28.5,0.8,0.3,0.48,52
67,2,Tuesday,0,22.54,20,8.5,11.5,0.33,0.14,0.19,52
67,2,Tuesday,1,11.56,11.5,5,6,0.19,0.08,0.1,52
67,2,Tuesday,2,6.6,6,3,3,0.1,0.05,0.05,52
67,2,Tuesday,3,6.17,5.5,2.5,3,0.09,0.04,0.05,52
67,2,Tuesday,4,9.08,9,4.5,4.5,0.15,0.07,0.07,52
67,2,Tuesday,5,25.06,25.5,9,15,0.42,0.15,0.25,52
67,2,Tuesday,6,137.02,139,65.5,72.5,2.32,1.09,1.21,52
67,2,Tuesday,7,332.75,349.5,171.5,170,5.82,2.86,2.83,52
67,2,Tuesday,8,749.83,782,355.5,353,13.03,5.92,5.88,52
67,2,Tuesday,9,832.08,866.5,480.5,382.5,14.44,8.01,6.38,52
67,2,Tuesday,10,744.33,741,365.5,380.5,12.35,6.09,6.34,52
67,2,Tuesday,11,871.9,873.5,408.5,460,14.56,6.81,7.67,52
67,2,Tuesday,12,1261.98,1273.5,572,690.5,21.23,9.53,11.51,52
67,2,Tuesday,13,1220.27,1234,543.5,683.5,20.57,9.06,11.39,52
67,2,Tuesday,14,926.81,927.5,395.5,537.5,15.46,6.59,8.96,52
67,2,Tuesday,15,928.65,938.5,372.5,559,15.64,6.21,9.32,52
67,2,Tuesday,16,936.21,951,401.5,545.5,15.85,6.69,9.09,52
67,2,Tuesday,17,1128.29,1182,483.5,628.5,19.7,8.06,10.47,52
67,2,Tuesday,18,790.21,785,348.5,432.5,13.08,5.81,7.21,52
67,2,Tuesday,19,561.73,536.5,238,309,8.94,3.97,5.15,52
67,2,Tuesday,20,418.75,392,161.5,239.5,6.53,2.69,3.99,52
67,2,Tuesday,21,336.87,320.5,122.5,189.5,5.34,2.04,3.16,52
67,2,Tuesday,22,180.9,159,58,102.5,2.65,0.97,1.71,52
67,2,Tuesday,23,79.92,73.5,30,45,1.23,0.5,0.75,52
67,3,Wednesday,0,28.42,26,10,15,0.43,0.17,0.25,52
67,3,Wednesday,1,13.42,11.5,5,6.5,0.19,0.08,0.11,52
67,3,Wednesday,2,8.58,7.5,3,4,0.12,0.05,0.07,52
67,3,Wednesday,3,6.44,7,2,4,0.12,0.03,0.07,52
67,3,Wednesday,4,11.17,11,4,6.5,0.18,0.07,0.11,52
67,3,Wednesday,5,30.56,32,13,18.5,0.53,0.22,0.31,52
67,3,Wednesday,6,154.62,159,77,76,2.65,1.28,1.27,52
67,3,Wednesday,7,341.12,353.5,171.5,163,5.89,2.86,2.72,52
67,3,Wednesday,8,763.21,759.5,366.5,337.5,12.66,6.11,5.62,52
67,3,Wednesday,9,812.6,836,451,385.5,13.93,7.52,6.42,52
67,3,Wednesday,10,769.9,793,389.5,402.5,13.22,6.49,6.71,52
67,3,Wednesday,11,902.23,910,430,477.5,15.17,7.17,7.96,52
67,3,Wednesday,12,1342.62,1356,617,740.5,22.6,10.28,12.34,52
67,3,Wednesday,13,1290.31,1290,605.5,691.5,21.5,10.09,11.53,52
67,3,Wednesday,14,991.17,991,432.5,565.5,16.52,7.21,9.43,52
67,3,Wednesday,15,1036.44,1055.5,428.5,606,17.59,7.14,10.1,52
67,3,Wednesday,16,1019.38,1012.5,414.5,590.5,16.88,6.91,9.84,52
67,3,Wednesday,17,1184.67,1198,478,680.5,19.97,7.97,11.34,52
67,3,Wednesday,18,817.1,833,348.5,472.5,13.88,5.81,7.88,52
67,3,Wednesday,19,561.75,550.5,236.5,307.5,9.18,3.94,5.12,52
67,3,Wednesday,20,452.65,438.5,176.5,264,7.31,2.94,4.4,52
67,3,Wednesday,21,354.44,329,123.5,208.5,5.48,2.06,3.48,52
67,3,Wednesday,22,212.96,189,69,119,3.15,1.15,1.98,52
67,3,Wednesday,23,91.27,75,29.5,49,1.25,0.49,0.82,52
67,4,Thursday,0,35.25,28.5,12,16.5,0.48,0.2,0.28,52
67,4,Thursday,1,23.8,13,7,6,0.22,0.12,0.1,51
67,4,Thursday,2,11.37,7,3,4,0.12,0.05,0.07,51
67,4,Thursday,3,7.35,6,3,3,0.1,0.05,0.05,51
67,4,Thursday,4,9.45,8,4,5,0.13,0.07,0.08,51
67,4,Thursday,5,25.94,26,10,15,0.43,0.17,0.25,52
67,4,Thursday,6,137.77,142.5,73,67,2.38,1.22,1.12,52
67,4,Thursday,7,328.6,344.5,169.5,171.5,5.74,2.83,2.86,52
67,4,Thursday,8,756.29,778,365.5,356,12.97,6.09,5.93,52
67,4,Thursday,9,797.38,828,447,358.5,13.8,7.45,5.97,52
67,4,Thursday,10,760.13,779.5,388,395.5,12.99,6.47,6.59,52
67,4,Thursday,11,867.75,891.5,427,470,14.86,7.12,7.83,52
67,4,Thursday,12,1265.65,1321.5,592.5,729.5,22.02,9.88,12.16,52
67,4,Thursday,13,1225.71,1274.5,567.5,710,21.24,9.46,11.83,52
67,4,Thursday,14,952.42,967.5,433,550.5,16.12,7.22,9.18,52
67,4,Thursday,15,937.6,963,391,576,16.05,6.52,9.6,52
67,4,Thursday,16,944.06,976.5,431.5,552,16.27,7.19,9.2,52
67,4,Thursday,17,1194.08,1216.5,518.5,676,20.27,8.64,11.27,52
67,4,Thursday,18,869.42,885,382,495,14.75,6.37,8.25,52
67,4,Thursday,19,631.75,626.5,273.5,367.5,10.44,4.56,6.12,52
67,4,Thursday,20,533.94,523.5,212.5,315.5,8.72,3.54,5.26,52
67,4,Thursday,21,413.6,410.5,161,251,6.84,2.68,4.18,52
67,4,Thursday,22,259.45,240,85,149,4,1.42,2.48,51
67,4,Thursday,23,112.08,105,42,60,1.75,0.7,1,51
67,5,Friday,0,45.17,42.5,17,24.5,0.71,0.28,0.41,52
67,5,Friday,1,21.32,20,7,12,0.33,0.12,0.2,53
67,5,Friday,2,11.45,11,5,5,0.18,0.08,0.08,53
67,5,Friday,3,10.51,9,4,5,0.15,0.07,0.08,53
67,5,Friday,4,11.68,11,5,6,0.18,0.08,0.1,53
67,5,Friday,5,29.43,26,10,15,0.43,0.17,0.25,53
67,5,Friday,6,125.68,132,68,60,2.2,1.13,1,53
67,5,Friday,7,269.26,284,135,139,4.73,2.25,2.32,53
67,5,Friday,8,621.36,652,307,285,10.87,5.12,4.75,53
67,5,Friday,9,739.38,766,419,352,12.77,6.98,5.87,53
67,5,Friday,10,780.9,774.5,373,399.5,12.91,6.22,6.66,52
67,5,Friday,11,923.47,932,442,500,15.53,7.37,8.33,53
67,5,Friday,12,1191.53,1188,540,665,19.8,9,11.08,53
67,5,Friday,13,1171.4,1177,521,659,19.62,8.68,10.98,53
67,5,Friday,14,996.13,994,420,593,16.57,7,9.88,53
67,5,Friday,15,1003.79,1025,412,589,17.08,6.87,9.82,53
67,5,Friday,16,991.42,985,415,576,16.42,6.92,9.6,53
67,5,Friday,17,1158.51,1162,498,661,19.37,8.3,11.02,53
67,5,Friday,18,938.13,944,443,500,15.73,7.38,8.33,53
67,5,Friday,19,767.89,756,346,416,12.6,5.77,6.93,53
67,5,Friday,20,730.92,701,307,397,11.68,5.12,6.62,53
67,5,Friday,21,612.32,612,253,355,10.2,4.22,5.92,53
67,5,Friday,22,469.83,469,178,284,7.82,2.97,4.73,53
67,5,Friday,23,290.6,294,108,173,4.9,1.8,2.88,53
67,6,Saturday,0,128.15,129.5,52,76,2.16,0.87,1.27,52
67,6,Saturday,1,62.21,64,24.5,33,1.07,0.41,0.55,52
67,6,Saturday,2,39.81,37,13.5,21.5,0.62,0.22,0.36,52
67,6,Saturday,3,24.73,23.5,10,14,0.39,0.17,0.23,52
67,6,Saturday,4,14.1,12.5,6,7,0.21,0.1,0.12,52
67,6,Saturday,5,16.35,15,6,8,0.25,0.1,0.13,52
67,6,Saturday,6,66.58,64.5,30.5,30.5,1.07,0.51,0.51,52
67,6,Saturday,7,138.21,129,64.5,64,2.15,1.07,1.07,52
67,6,Saturday,8,304.42,308,146,147.5,5.13,2.43,2.46,52
67,6,Saturday,9,558.33,551.5,273,276,9.19,4.55,4.6,52
67,6,Saturday,10,758.52,774,376.5,393,12.9,6.28,6.55,52
67,6,Saturday,11,953.73,962.5,447,509.5,16.04,7.45,8.49,52
67,6,Saturday,12,1049.35,1048,478,577.5,17.47,7.97,9.62,52
67,6,Saturday,13,1102.65,1115.5,509.5,628,18.59,8.49,10.47,52
67,6,Saturday,14,1070.23,1068,464.5,607,17.8,7.74,10.12,52
67,6,Saturday,15,1096.5,1107,438,683,18.45,7.3,11.38,52
67,6,Saturday,16,980.56,1000,415.5,583.5,16.67,6.92,9.72,52
67,6,Saturday,17,882.33,881.5,380,500.5,14.69,6.33,8.34,52
67,6,Saturday,18,875.04,897,396,481.5,14.95,6.6,8.03,52
67,6,Saturday,19,816.65,816,385.5,435,13.6,6.42,7.25,52
67,6,Saturday,20,678.98,668.5,297.5,364,11.14,4.96,6.07,52
67,6,Saturday,21,579.92,554,238,317.5,9.23,3.97,5.29,52
67,6,Saturday,22,499.73,488.5,198.5,294,8.14,3.31,4.9,52
67,6,Saturday,23,314.58,310.5,119,185.5,5.18,1.98,3.09,52
67,7,Sunday,0,154.48,152,60,89,2.53,1,1.48,52
67,7,Sunday,1,80.48,77.5,34,45.5,1.29,0.57,0.76,52
67,7,Sunday,2,51,49,21,29,0.82,0.35,0.48,51
67,7,Sunday,3,34.73,35,15,19.5,0.58,0.25,0.32,52
67,7,Sunday,4,18.65,18,8,8.5,0.3,0.13,0.14,52
67,7,Sunday,5,17.5,15.5,7,8.5,0.26,0.12,0.14,52
67,7,Sunday,6,38.77,38,18,19,0.63,0.3,0.32,52
67,7,Sunday,7,101.88,96.5,41,54.5,1.61,0.68,0.91,52
67,7,Sunday,8,202.37,197.5,95,102,3.29,1.58,1.7,52
67,7,Sunday,9,404.48,389,185,207.5,6.48,3.08,3.46,52
67,7,Sunday,10,622.42,608.5,290.5,323,10.14,4.84,5.38,52
67,7,Sunday,11,817.77,805.5,363,434.5,13.43,6.05,7.24,52
67,7,Sunday,12,876.9,845,398,456.5,14.08,6.63,7.61,52
67,7,Sunday,13,883.75,879.5,390.5,505,14.66,6.51,8.42,52
67,7,Sunday,14,884.25,892,357.5,540.5,14.87,5.96,9.01,52
67,7,Sunday,15,887.04,857,334.5,528.5,14.28,5.58,8.81,52
67,7,Sunday,16,753.81,755.5,305,462.5,12.59,5.08,7.71,52
67,7,Sunday,17,643.02,629,281,363.5,10.48,4.68,6.06,52
67,7,Sunday,18,567.21,554,246,302.5,9.23,4.1,5.04,52
67,7,Sunday,19,487.06,459.5,217,260,7.66,3.62,4.33,52
67,7,Sunday,20,384.87,364.5,157,212,6.08,2.62,3.53,52
67,7,Sunday,21,290.35,270.5,106.5,163,4.51,1.77,2.72,52
67,7,Sunday,22,164.52,131,53,83,2.18,0.88,1.38,52
67,7,Sunday,23,73.59,57,19,37,0.95,0.32,0.62,51
68,1,Monday,0,6.04,5,3,2,0.08,0.05,0.03,47
68,1,Monday,1,3.98,3,2,1,0.05,0.03,0.02,45
68,1,Monday,2,3.23,3,1,1,0.05,0.02,0.02,35
68,1,Monday,3,2.14,2,1,1,0.03,0.02,0.02,28
68,1,Monday,4,2.82,2.5,2,1,0.04,0.03,0.02,44
68,1,Monday,5,3.2,3,1,1,0.05,0.02,0.02,49
68,1,Monday,6,25.65,23,14.5,9,0.38,0.24,0.15,52
68,1,Monday,7,126.79,130,73,56,2.17,1.22,0.93,52
68,1,Monday,8,382.29,413,191,186.5,6.88,3.18,3.11,52
68,1,Monday,9,435.29,432.5,226,215,7.21,3.77,3.58,52
68,1,Monday,10,485.37,483,239,233.5,8.05,3.98,3.89,52
68,1,Monday,11,601.27,592,302.5,292.5,9.87,5.04,4.88,52
68,1,Monday,12,921.17,968.5,485.5,457.5,16.14,8.09,7.62,52
68,1,Monday,13,865.27,886,450,429,14.77,7.5,7.15,52
68,1,Monday,14,678.54,660.5,338,323,11.01,5.63,5.38,52
68,1,Monday,15,578.25,581,289.5,285,9.68,4.82,4.75,52
68,1,Monday,16,493.63,487,249.5,233,8.12,4.16,3.88,52
68,1,Monday,17,480.96,457.5,267,194.5,7.62,4.45,3.24,52
68,1,Monday,18,346.12,345.5,203.5,137,5.76,3.39,2.28,52
68,1,Monday,19,259.6,234,143.5,93.5,3.9,2.39,1.56,52
68,1,Monday,20,192.31,174,107.5,64.5,2.9,1.79,1.07,52
68,1,Monday,21,119.15,109.5,60,51,1.82,1,0.85,52
68,1,Monday,22,54.06,48,27.5,21.5,0.8,0.46,0.36,52
68,1,Monday,23,19.88,18,13,6,0.3,0.22,0.1,52
68,2,Tuesday,0,3.89,3,2,1,0.05,0.03,0.02,46
68,2,Tuesday,1,2.15,2,1,0,0.03,0.02,0,39
68,2,Tuesday,2,1.69,1,1,1,0.02,0.02,0.02,35
68,2,Tuesday,3,2.71,2,1,0,0.03,0.02,0,31
68,2,Tuesday,4,3.9,3,1,1,0.05,0.02,0.02,39
68,2,Tuesday,5,3.35,3,2,1,0.05,0.03,0.02,48
68,2,Tuesday,6,31.85,31,19,11,0.52,0.32,0.18,52
68,2,Tuesday,7,163.27,166.5,90.5,73.5,2.78,1.51,1.23,52
68,2,Tuesday,8,464.96,492,222,233.5,8.2,3.7,3.89,52
68,2,Tuesday,9,479.08,476,239.5,249,7.93,3.99,4.15,52
68,2,Tuesday,10,476.08,481,236,238,8.02,3.93,3.97,52
68,2,Tuesday,11,601.92,594.5,299,299.5,9.91,4.98,4.99,52
68,2,Tuesday,12,1034.12,1046.5,541,503,17.44,9.02,8.38,52
68,2,Tuesday,13,923.44,948,472.5,462,15.8,7.88,7.7,52
68,2,Tuesday,14,678.37,681.5,349.5,331.5,11.36,5.82,5.53,52
68,2,Tuesday,15,593.62,586.5,289,293,9.78,4.82,4.88,52
68,2,Tuesday,16,507.6,509,262,233,8.48,4.37,3.88,52
68,2,Tuesday,17,525.58,532,311.5,230,8.87,5.19,3.83,52
68,2,Tuesday,18,371.13,391.5,214,137.5,6.53,3.57,2.29,52
68,2,Tuesday,19,283.42,260,158,96.5,4.33,2.63,1.61,52
68,2,Tuesday,20,202.37,190.5,112.5,77,3.17,1.88,1.28,52
68,2,Tuesday,21,136.29,130.5,72.5,58,2.17,1.21,0.97,52
68,2,Tuesday,22,63.44,58.5,32,25.5,0.98,0.53,0.42,52
68,2,Tuesday,23,24.29,21.5,14,8.5,0.36,0.23,0.14,52
68,3,Wednesday,0,3.33,3,2,1,0.05,0.03,0.02,51
68,3,Wednesday,1,2.37,2,1,1,0.03,0.02,0.02,35
68,3,Wednesday,2,2.75,2,1,1,0.03,0.02,0.02,32
68,3,Wednesday,3,2.29,2,1,1,0.03,0.02,0.02,28
68,3,Wednesday,4,2.52,2,1,1,0.03,0.02,0.02,42
68,3,Wednesday,5,3.15,2,1,1,0.03,0.02,0.02,48
68,3,Wednesday,6,32.37,31,19,13,0.52,0.32,0.22,52
68,3,Wednesday,7,160.63,159,88.5,72.5,2.65,1.48,1.21,52
68,3,Wednesday,8,456.88,472.5,215.5,225,7.88,3.59,3.75,52
68,3,Wednesday,9,480.5,480,245.5,235,8,4.09,3.92,52
68,3,Wednesday,10,510.67,538.5,266,265.5,8.97,4.43,4.42,52
68,3,Wednesday,11,648.83,661,323.5,322,11.02,5.39,5.37,52
68,3,Wednesday,12,1092.4,1126,581.5,536.5,18.77,9.69,8.94,52
68,3,Wednesday,13,954.48,987,494.5,483.5,16.45,8.24,8.06,52
68,3,Wednesday,14,721.37,731.5,365.5,363.5,12.19,6.09,6.06,52
68,3,Wednesday,15,619.6,624.5,308.5,309.5,10.41,5.14,5.16,52
68,3,Wednesday,16,559.46,548.5,291.5,261.5,9.14,4.86,4.36,52
68,3,Wednesday,17,560.15,561,320.5,249,9.35,5.34,4.15,52
68,3,Wednesday,18,382.92,375,228.5,147.5,6.25,3.81,2.46,52
68,3,Wednesday,19,282.21,272.5,168,99.5,4.54,2.8,1.66,52
68,3,Wednesday,20,207.75,194.5,119,73.5,3.24,1.98,1.23,52
68,3,Wednesday,21,139.27,141,73.5,62.5,2.35,1.23,1.04,52
68,3,Wednesday,22,68.94,62,35.5,28.5,1.03,0.59,0.48,52
68,3,Wednesday,23,28.69,24,15.5,10,0.4,0.26,0.17,52
68,4,Thursday,0,6.33,5,3,2,0.08,0.05,0.03,48
68,4,Thursday,1,5,2,2,1,0.03,0.03,0.02,39
68,4,Thursday,2,2.59,2,1,0.5,0.03,0.02,0.01,32
68,4,Thursday,3,2.31,2,1,1,0.03,0.02,0.02,36
68,4,Thursday,4,2.74,2,1,0.5,0.03,0.02,0.01,42
68,4,Thursday,5,4.45,4,2,1,0.07,0.03,0.02,47
68,4,Thursday,6,30.31,28,15.5,10,0.47,0.26,0.17,52
68,4,Thursday,7,157.62,158,86,74.5,2.63,1.43,1.24,52
68,4,Thursday,8,464.17,475.5,231,242.5,7.92,3.85,4.04,52
68,4,Thursday,9,488.58,515,249,258.5,8.58,4.15,4.31,52
68,4,Thursday,10,499.65,514,264,254,8.57,4.4,4.23,52
68,4,Thursday,11,617.79,636.5,327,315,10.61,5.45,5.25,52
68,4,Thursday,12,1018.92,1078,564,512.5,17.97,9.4,8.54,52
68,4,Thursday,13,939.92,973,499,485,16.22,8.32,8.08,52
68,4,Thursday,14,713.19,743.5,375,352.5,12.39,6.25,5.88,52
68,4,Thursday,15,610.54,639.5,322.5,316,10.66,5.38,5.27,52
68,4,Thursday,16,549.37,584.5,316,269.5,9.74,5.27,4.49,52
68,4,Thursday,17,580.98,614,346,263.5,10.23,5.77,4.39,52
68,4,Thursday,18,415.23,374.5,246,137.5,6.24,4.1,2.29,52
68,4,Thursday,19,302.71,301.5,188.5,96,5.03,3.14,1.6,52
68,4,Thursday,20,226.06,220.5,139.5,77.5,3.67,2.33,1.29,52
68,4,Thursday,21,165,167,96,70,2.78,1.6,1.17,51
68,4,Thursday,22,90.55,85,47,37,1.42,0.78,0.62,51
68,4,Thursday,23,46.04,41,25,15,0.68,0.42,0.25,51
68,5,Friday,0,11.04,9,5,3.5,0.15,0.08,0.06,52
68,5,Friday,1,5.17,3.5,2,1,0.06,0.03,0.02,46
68,5,Friday,2,2.46,2,1,1,0.03,0.02,0.02,41
68,5,Friday,3,2.12,1.5,1,1,0.03,0.02,0.02,32
68,5,Friday,4,2.93,3,2,1,0.05,0.03,0.02,42
68,5,Friday,5,3.82,3,2,1,0.05,0.03,0.02,51
68,5,Friday,6,27.3,25,14,10,0.42,0.23,0.17,53
68,5,Friday,7,133.47,136,73,62,2.27,1.22,1.03,53
68,5,Friday,8,391.42,406,205,199,6.77,3.42,3.32,53
68,5,Friday,9,490.49,498,248,241,8.3,4.13,4.02,53
68,5,Friday,10,549.63,575,278.5,283,9.58,4.64,4.72,52
68,5,Friday,11,665.28,673,341,328,11.22,5.68,5.47,53
68,5,Friday,12,951.94,989,508,468,16.48,8.47,7.8,53
68,5,Friday,13,896.02,920,466,447,15.33,7.77,7.45,53
68,5,Friday,14,764.85,775,399,372,12.92,6.65,6.2,53
68,5,Friday,15,680.66,693,339,333,11.55,5.65,5.55,53
68,5,Friday,16,608.32,616,309,296,10.27,5.15,4.93,53
68,5,Friday,17,583.06,625,335,272,10.42,5.58,4.53,53
68,5,Friday,18,474.6,477,272,200,7.95,4.53,3.33,53
68,5,Friday,19,368.04,362,217,142,6.03,3.62,2.37,53
68,5,Friday,20,312.38,310,190,108,5.17,3.17,1.8,53
68,5,Friday,21,249.55,237,145,96,3.95,2.42,1.6,53
68,5,Friday,22,201.23,194,108,84,3.23,1.8,1.4,53
68,5,Friday,23,121.83,114,65,53,1.9,1.08,0.88,53
68,6,Saturday,0,27.27,21,13.5,9,0.35,0.22,0.15,52
68,6,Saturday,1,11.73,9.5,6,4,0.16,0.1,0.07,52
68,6,Saturday,2,7.58,6.5,4,2,0.11,0.07,0.03,52
68,6,Saturday,3,5.09,4,3,1,0.07,0.05,0.02,47
68,6,Saturday,4,2.92,2,2,0,0.03,0.03,0,39
68,6,Saturday,5,3.49,3,2,1,0.05,0.03,0.02,45
68,6,Saturday,6,15.79,13,8,5.5,0.22,0.13,0.09,52
68,6,Saturday,7,76.44,73,38.5,30,1.22,0.64,0.5,52
68,6,Saturday,8,190.25,179,92,89.5,2.98,1.53,1.49,52
68,6,Saturday,9,402.46,393.5,204.5,189,6.56,3.41,3.15,52
68,6,Saturday,10,567.77,574,292,279,9.57,4.87,4.65,52
68,6,Saturday,11,718.54,726.5,376.5,351,12.11,6.28,5.85,52
68,6,Saturday,12,813.38,821,422.5,397,13.68,7.04,6.62,52
68,6,Saturday,13,831.1,851.5,449.5,398.5,14.19,7.49,6.64,52
68,6,Saturday,14,840.06,860,455,409.5,14.33,7.58,6.82,52
68,6,Saturday,15,802.17,817,414,403.5,13.62,6.9,6.72,52
68,6,Saturday,16,700.42,724.5,355,357.5,12.07,5.92,5.96,52
68,6,Saturday,17,538.62,537.5,285.5,251.5,8.96,4.76,4.19,52
68,6,Saturday,18,461.4,473,270.5,206,7.88,4.51,3.43,52
68,6,Saturday,19,423.77,436.5,246,173,7.28,4.1,2.88,52
68,6,Saturday,20,330.04,342,201.5,129.5,5.7,3.36,2.16,52
68,6,Saturday,21,251.73,251.5,153,102.5,4.19,2.55,1.71,52
68,6,Saturday,22,207.29,204.5,106.5,95.5,3.41,1.77,1.59,52
68,6,Saturday,23,122.77,116,65.5,55.5,1.93,1.09,0.92,52
68,7,Sunday,0,26.4,22.5,13,10,0.38,0.22,0.17,52
68,7,Sunday,1,12.17,10.5,6,4,0.17,0.1,0.07,52
68,7,Sunday,2,6.14,5,3,2,0.08,0.05,0.03,51
68,7,Sunday,3,4.58,4,3,1,0.07,0.05,0.02,48
68,7,Sunday,4,3.18,3,2,1,0.05,0.03,0.02,39
68,7,Sunday,5,3.43,3,2,1,0.05,0.03,0.02,42
68,7,Sunday,6,12,9,7,4,0.15,0.12,0.07,51
68,7,Sunday,7,51.1,47.5,26,23.5,0.79,0.43,0.39,52
68,7,Sunday,8,149.37,147,80.5,67.5,2.45,1.34,1.12,52
68,7,Sunday,9,322.62,314,167,149.5,5.23,2.78,2.49,52
68,7,Sunday,10,506.31,492.5,252,244.5,8.21,4.2,4.08,52
68,7,Sunday,11,676.92,679,342.5,340.5,11.32,5.71,5.68,52
68,7,Sunday,12,696.38,722,355.5,350,12.03,5.92,5.83,52
68,7,Sunday,13,732.06,735.5,374,367,12.26,6.23,6.12,52
68,7,Sunday,14,738.42,750,395,351,12.5,6.58,5.85,52
68,7,Sunday,15,665.23,662,343.5,320.5,11.03,5.72,5.34,52
68,7,Sunday,16,552.73,553,284,270,9.22,4.73,4.5,52
68,7,Sunday,17,412.6,395.5,216.5,188,6.59,3.61,3.13,52
68,7,Sunday,18,324.08,290,178.5,121,4.83,2.98,2.02,52
68,7,Sunday,19,273.58,254,151,99.5,4.23,2.52,1.66,52
68,7,Sunday,20,205.51,188,105,81,3.13,1.75,1.35,51
68,7,Sunday,21,134.92,128,65,60,2.13,1.08,1,51
68,7,Sunday,22,60.37,50,25,23.5,0.83,0.42,0.39,52
68,7,Sunday,23,26.14,22,14,7,0.37,0.23,0.12,51
69,1,Monday,0,5.96,4,2,2,0.07,0.03,0.03,47
69,1,Monday,1,4,2,1,1,0.03,0.02,0.02,41
69,1,Monday,2,3.65,3,1,2,0.05,0.02,0.03,31
69,1,Monday,3,3.74,3,1,1.5,0.05,0.02,0.03,38
69,1,Monday,4,4.09,3,1,2,0.05,0.02,0.03,44
69,1,Monday,5,5.63,5,2,2,0.08,0.03,0.03,49
69,1,Monday,6,24.77,25,17,6,0.42,0.28,0.1,52
69,1,Monday,7,143.15,149.5,127.5,25.5,2.49,2.12,0.42,52
69,1,Monday,8,386.69,421,341.5,68.5,7.02,5.69,1.14,52
69,1,Monday,9,399.15,418,276.5,129.5,6.97,4.61,2.16,52
69,1,Monday,10,435.04,428.5,250.5,172,7.14,4.18,2.87,52
69,1,Monday,11,518,501,273.5,228.5,8.35,4.56,3.81,52
69,1,Monday,12,679.56,688,350.5,332,11.47,5.84,5.53,52
69,1,Monday,13,638.4,650.5,299,351,10.84,4.98,5.85,52
69,1,Monday,14,529.54,506,232.5,282.5,8.43,3.88,4.71,52
69,1,Monday,15,430.87,435,193.5,241.5,7.25,3.22,4.03,52
69,1,Monday,16,318.9,336.5,130,197.5,5.61,2.17,3.29,52
69,1,Monday,17,256.79,266.5,88.5,167.5,4.44,1.48,2.79,52
69,1,Monday,18,139.08,152.5,60,82.5,2.54,1,1.38,52
69,1,Monday,19,51.26,41.5,20.5,19,0.69,0.34,0.32,50
69,1,Monday,20,28.49,22,10,10,0.37,0.17,0.17,49
69,1,Monday,21,18.54,15,5.5,6,0.25,0.09,0.1,48
69,1,Monday,22,15.29,13,7,7,0.22,0.12,0.12,52
69,1,Monday,23,6.03,5,2,2,0.08,0.03,0.03,40
69,2,Tuesday,0,3.11,2,1,1,0.03,0.02,0.02,36
69,2,Tuesday,1,1.85,1,1,1,0.02,0.02,0.02,26
69,2,Tuesday,2,3.38,2,1,1,0.03,0.02,0.02,26
69,2,Tuesday,3,3.24,2,1,1,0.03,0.02,0.02,29
69,2,Tuesday,4,6.57,3.5,2,2,0.06,0.03,0.03,42
69,2,Tuesday,5,6.87,5.5,3,2,0.09,0.05,0.03,46
69,2,Tuesday,6,30.75,28.5,20,9,0.48,0.33,0.15,52
69,2,Tuesday,7,177.13,190,158.5,30,3.17,2.64,0.5,52
69,2,Tuesday,8,475.54,498,419,79.5,8.3,6.98,1.32,52
69,2,Tuesday,9,436.4,441,315.5,127,7.35,5.26,2.12,52
69,2,Tuesday,10,415.92,416.5,243,166,6.94,4.05,2.77,52
69,2,Tuesday,11,485.33,463,255,219.5,7.72,4.25,3.66,52
69,2,Tuesday,12,688.08,689,334,360,11.48,5.57,6,52
69,2,Tuesday,13,631.77,632.5,294.5,340,10.54,4.91,5.67,52
69,2,Tuesday,14,505.62,490,222.5,267.5,8.17,3.71,4.46,52
69,2,Tuesday,15,447.08,422,194.5,237.5,7.03,3.24,3.96,52
69,2,Tuesday,16,399.46,393.5,147,245,6.56,2.45,4.08,52
69,2,Tuesday,17,442.38,460,133,329,7.67,2.22,5.48,52
69,2,Tuesday,18,244.92,241,101,141.5,4.02,1.68,2.36,52
69,2,Tuesday,19,100.17,97,52,50,1.62,0.87,0.83,52
69,2,Tuesday,20,67.08,71,33,33,1.18,0.55,0.55,52
69,2,Tuesday,21,37.98,37.5,16.5,18.5,0.62,0.28,0.31,52
69,2,Tuesday,22,21.58,19,9,10,0.32,0.15,0.17,52
69,2,Tuesday,23,9.2,8,4,4,0.13,0.07,0.07,50
69,3,Wednesday,0,3.35,3,1,1,0.05,0.02,0.02,46
69,3,Wednesday,1,2.87,2,1,1,0.03,0.02,0.02,38
69,3,Wednesday,2,4.56,4,2,2,0.07,0.03,0.03,39
69,3,Wednesday,3,3.38,3,2,1,0.05,0.03,0.02,34
69,3,Wednesday,4,4.8,5,2,2,0.08,0.03,0.03,46
69,3,Wednesday,5,6.78,6,4,3,0.1,0.07,0.05,51
69,3,Wednesday,6,30.35,29,21.5,7,0.48,0.36,0.12,52
69,3,Wednesday,7,186.29,186.5,156.5,32,3.11,2.61,0.53,52
69,3,Wednesday,8,490.17,494,410,83,8.23,6.83,1.38,52
69,3,Wednesday,9,437.63,435,292.5,129.5,7.25,4.88,2.16,52
69,3,Wednesday,10,448.83,449.5,265.5,181.5,7.49,4.42,3.02,52
69,3,Wednesday,11,538.79,536.5,293,244,8.94,4.88,4.07,52
69,3,Wednesday,12,739.56,747.5,374,361.5,12.46,6.23,6.03,52
69,3,Wednesday,13,642.25,629,294,338,10.48,4.9,5.63,52
69,3,Wednesday,14,538.25,528,247,272,8.8,4.12,4.53,52
69,3,Wednesday,15,470.92,454.5,198,260.5,7.58,3.3,4.34,52
69,3,Wednesday,16,404.71,409.5,153,252,6.82,2.55,4.2,52
69,3,Wednesday,17,413.06,433,126,299.5,7.22,2.1,4.99,52
69,3,Wednesday,18,220.77,228,93.5,128.5,3.8,1.56,2.14,52
69,3,Wednesday,19,79.35,72,39,37,1.2,0.65,0.62,51
69,3,Wednesday,20,51.02,48.5,24,23,0.81,0.4,0.38,52
69,3,Wednesday,21,32.13,27.5,13,15.5,0.46,0.22,0.26,52
69,3,Wednesday,22,21.37,19.5,9,9.5,0.32,0.15,0.16,52
69,3,Wednesday,23,9.49,7,4,4,0.12,0.07,0.07,51
69,4,Thursday,0,4.77,3,1,2,0.05,0.02,0.03,43
69,4,Thursday,1,2.92,2,1,1,0.03,0.02,0.02,36
69,4,Thursday,2,3.55,3,2,2,0.05,0.03,0.03,29
69,4,Thursday,3,4.26,4,2,2,0.07,0.03,0.03,39
69,4,Thursday,4,5.02,5,2,2,0.08,0.03,0.03,47
69,4,Thursday,5,7.82,5,3,2,0.08,0.05,0.03,50
69,4,Thursday,6,28.02,27,20.5,7,0.45,0.34,0.12,52
69,4,Thursday,7,176.31,185.5,150,31,3.09,2.5,0.52,52
69,4,Thursday,8,477.25,491,402.5,86,8.18,6.71,1.43,52
69,4,Thursday,9,430.6,443,310.5,126.5,7.38,5.18,2.11,52
69,4,Thursday,10,433.15,432,264,177,7.2,4.4,2.95,52
69,4,Thursday,11,498.83,508.5,267,229.5,8.47,4.45,3.83,52
69,4,Thursday,12,706.62,722,351.5,360.5,12.03,5.86,6.01,52
69,4,Thursday,13,652.65,680.5,320,360,11.34,5.33,6,52
69,4,Thursday,14,523.19,525.5,235.5,282,8.76,3.92,4.7,52
69,4,Thursday,15,464.08,479.5,210,264.5,7.99,3.5,4.41,52
69,4,Thursday,16,403.62,427.5,164.5,255.5,7.12,2.74,4.26,52
69,4,Thursday,17,418.85,461,142.5,318,7.68,2.38,5.3,52
69,4,Thursday,18,254.02,272.5,107.5,165.5,4.54,1.79,2.76,52
69,4,Thursday,19,86.5,82.5,44,39,1.38,0.73,0.65,52
69,4,Thursday,20,50.25,42.5,18.5,21,0.71,0.31,0.35,52
69,4,Thursday,21,31.78,25,12,13,0.42,0.2,0.22,51
69,4,Thursday,22,21.29,19,9,9,0.32,0.15,0.15,51
69,4,Thursday,23,9.86,7,4,3,0.12,0.07,0.05,43
69,5,Friday,0,5.05,4,2,2,0.07,0.03,0.03,43
69,5,Friday,1,3.22,2,1,1,0.03,0.02,0.02,32
69,5,Friday,2,4.18,3,2,2,0.05,0.03,0.03,40
69,5,Friday,3,3.76,3.5,1.5,2,0.06,0.03,0.03,42
69,5,Friday,4,4.11,4,1,2,0.07,0.02,0.03,44
69,5,Friday,5,6.45,6,3,2,0.1,0.05,0.03,49
69,5,Friday,6,30.32,30,20,10,0.5,0.33,0.17,53
69,5,Friday,7,137.85,145,114,28,2.42,1.9,0.47,53
69,5,Friday,8,374.55,394,311,80,6.57,5.18,1.33,53
69,5,Friday,9,426.38,444,304,142,7.4,5.07,2.37,53
69,5,Friday,10,480.71,471,296.5,191.5,7.85,4.94,3.19,52
69,5,Friday,11,550.94,555,301,248,9.25,5.02,4.13,53
69,5,Friday,12,695.21,687,358,336,11.45,5.97,5.6,53
69,5,Friday,13,666.89,666,320,351,11.1,5.33,5.85,53
69,5,Friday,14,589.36,584,263,315,9.73,4.38,5.25,53
69,5,Friday,15,528,540,239,299,9,3.98,4.98,53
69,5,Friday,16,464.34,475,196,282,7.92,3.27,4.7,53
69,5,Friday,17,475.55,494,199,293,8.23,3.32,4.88,53
69,5,Friday,18,363.25,346,173,188,5.77,2.88,3.13,53
69,5,Friday,19,260.57,260,122,131,4.33,2.03,2.18,53
69,5,Friday,20,146.91,153,75,71,2.55,1.25,1.18,53
69,5,Friday,21,109.49,109,53,54,1.82,0.88,0.9,53
69,5,Friday,22,84.45,84,41,41,1.4,0.68,0.68,53
69,5,Friday,23,50.3,49,23,24,0.82,0.38,0.4,53
69,6,Saturday,0,18.58,18.5,8,9.5,0.31,0.13,0.16,52
69,6,Saturday,1,9.96,9,4,4,0.15,0.07,0.07,52
69,6,Saturday,2,6.15,5,2.5,3,0.08,0.04,0.05,52
69,6,Saturday,3,6.1,6,3,3,0.1,0.05,0.05,49
69,6,Saturday,4,3.87,3,2,2,0.05,0.03,0.03,47
69,6,Saturday,5,4.18,4,2,1,0.07,0.03,0.02,49
69,6,Saturday,6,15.33,13.5,7,7,0.22,0.12,0.12,52
69,6,Saturday,7,48.12,38,25,12.5,0.63,0.42,0.21,52
69,6,Saturday,8,149.94,146.5,94.5,46.5,2.44,1.57,0.78,52
69,6,Saturday,9,354.83,338.5,228.5,118.5,5.64,3.81,1.98,52
69,6,Saturday,10,513.58,501.5,327,191,8.36,5.45,3.18,52
69,6,Saturday,11,628.29,628,352,264.5,10.47,5.87,4.41,52
69,6,Saturday,12,719.87,737.5,378.5,328,12.29,6.31,5.47,52
69,6,Saturday,13,712.5,732,346,362.5,12.2,5.77,6.04,52
69,6,Saturday,14,707.58,713.5,331.5,375,11.89,5.53,6.25,52
69,6,Saturday,15,669.23,665,293.5,379.5,11.08,4.89,6.32,52
69,6,Saturday,16,566.58,560,244,327,9.33,4.07,5.45,52
69,6,Saturday,17,447.69,444,199.5,257.5,7.4,3.33,4.29,52
69,6,Saturday,18,243.92,242.5,129,106.5,4.04,2.15,1.77,52
69,6,Saturday,19,199.29,198,112.5,87.5,3.3,1.88,1.46,52
69,6,Saturday,20,161.42,160,79,77.5,2.67,1.32,1.29,52
69,6,Saturday,21,124.35,123,65.5,59,2.05,1.09,0.98,52
69,6,Saturday,22,105.33,109,52,56.5,1.82,0.87,0.94,52
69,6,Saturday,23,63.04,61.5,29,32,1.02,0.48,0.53,52
69,7,Sunday,0,22.27,19.5,8.5,12,0.32,0.14,0.2,52
69,7,Sunday,1,11.25,10,5,5,0.17,0.08,0.08,52
69,7,Sunday,2,7.59,7,3,3,0.12,0.05,0.05,51
69,7,Sunday,3,4.96,4,2,2,0.07,0.03,0.03,47
69,7,Sunday,4,2.96,2,1,1,0.03,0.02,0.02,46
69,7,Sunday,5,4.32,3,2,2,0.05,0.03,0.03,44
69,7,Sunday,6,9.42,8,4,4,0.13,0.07,0.07,52
69,7,Sunday,7,33.23,33.5,17.5,12,0.56,0.29,0.2,52
69,7,Sunday,8,113.04,105.5,67,38,1.76,1.12,0.63,52
69,7,Sunday,9,284.6,263,171.5,97,4.38,2.86,1.62,52
69,7,Sunday,10,466.46,456.5,278,167.5,7.61,4.63,2.79,52
69,7,Sunday,11,597.21,592.5,344,248,9.88,5.73,4.13,52
69,7,Sunday,12,634.92,620.5,334,294,10.34,5.57,4.9,52
69,7,Sunday,13,643.69,628,305.5,331.5,10.47,5.09,5.53,52
69,7,Sunday,14,616.65,609,284.5,341,10.15,4.74,5.68,52
69,7,Sunday,15,549.44,543,237.5,302,9.05,3.96,5.03,52
69,7,Sunday,16,436.33,430,186,255.5,7.17,3.1,4.26,52
69,7,Sunday,17,290.54,281.5,117.5,159.5,4.69,1.96,2.66,52
69,7,Sunday,18,112.58,106,58,47,1.77,0.97,0.78,52
69,7,Sunday,19,79.23,72,37,34.5,1.2,0.62,0.58,52
69,7,Sunday,20,64.61,55,23,30,0.92,0.38,0.5,51
69,7,Sunday,21,39.13,34.5,13,20,0.58,0.22,0.33,52
69,7,Sunday,22,25.73,20,10,11,0.33,0.17,0.18,51
69,7,Sunday,23,8,7,3,3,0.12,0.05,0.05,46
70,1,Monday,0,4.88,4,1,2,0.07,0.02,0.03,52
70,1,Monday,1,4.22,3,1,3,0.05,0.02,0.05,45
70,1,Monday,2,2.59,2,1,2,0.03,0.02,0.03,44
70,1,Monday,3,2.23,2,1,1,0.03,0.02,0.02,35
70,1,Monday,4,2.73,2,0,2,0.03,0,0.03,52
70,1,Monday,5,4.5,4,2,2.5,0.07,0.03,0.04,48
70,1,Monday,6,15.73,16,7.5,9,0.27,0.12,0.15,52
70,1,Monday,7,56.5,57.5,31.5,25,0.96,0.52,0.42,52
70,1,Monday,8,138.12,142,78,65.5,2.37,1.3,1.09,52
70,1,Monday,9,141.75,141.5,71.5,70,2.36,1.19,1.17,52
70,1,Monday,10,176.17,177.5,88,88,2.96,1.47,1.47,52
70,1,Monday,11,219.21,216,112,103,3.6,1.87,1.72,52
70,1,Monday,12,292.15,293.5,143.5,146,4.89,2.39,2.43,52
70,1,Monday,13,294.79,303.5,150,149,5.06,2.5,2.48,52
70,1,Monday,14,223.46,223.5,111.5,112.5,3.72,1.86,1.88,52
70,1,Monday,15,267.42,271,143.5,126,4.52,2.39,2.1,52
70,1,Monday,16,274.48,282,144,140,4.7,2.4,2.33,52
70,1,Monday,17,318.75,325,158,163,5.42,2.63,2.72,51
70,1,Monday,18,281.65,288.5,133,153,4.81,2.22,2.55,52
70,1,Monday,19,211.77,207.5,101,108,3.46,1.68,1.8,52
70,1,Monday,20,160.38,154.5,71,83.5,2.58,1.18,1.39,52
70,1,Monday,21,105.19,93,45.5,48,1.55,0.76,0.8,52
70,1,Monday,22,57.21,53,25.5,26.5,0.88,0.42,0.44,52
70,1,Monday,23,11.73,10,4,7,0.17,0.07,0.12,52
70,2,Tuesday,0,4.78,4,2,2,0.07,0.03,0.03,50
70,2,Tuesday,1,4.48,4,1.5,2,0.07,0.03,0.03,48
70,2,Tuesday,2,2.58,2,1,1,0.03,0.02,0.02,40
70,2,Tuesday,3,2.8,2,1,1,0.03,0.02,0.02,35
70,2,Tuesday,4,2.55,2,1,2,0.03,0.02,0.03,42
70,2,Tuesday,5,4.22,4,2,2,0.07,0.03,0.03,50
70,2,Tuesday,6,18.42,17.5,9,8,0.29,0.15,0.13,52
70,2,Tuesday,7,65.83,67,38,28.5,1.12,0.63,0.48,52
70,2,Tuesday,8,139.12,142,77,65,2.37,1.28,1.08,52
70,2,Tuesday,9,149.75,146,68,76,2.43,1.13,1.27,52
70,2,Tuesday,10,177.5,176,86.5,87.5,2.93,1.44,1.46,52
70,2,Tuesday,11,231.04,226.5,114,112,3.78,1.9,1.87,52
70,2,Tuesday,12,317.35,322.5,157.5,159.5,5.38,2.62,2.66,52
70,2,Tuesday,13,303.06,303,154.5,150,5.05,2.58,2.5,52
70,2,Tuesday,14,227.67,225,115.5,115,3.75,1.93,1.92,52
70,2,Tuesday,15,259.35,258,135,123.5,4.3,2.25,2.06,52
70,2,Tuesday,16,266.04,269.5,137,131.5,4.49,2.28,2.19,52
70,2,Tuesday,17,328.85,334,163.5,168,5.57,2.72,2.8,52
70,2,Tuesday,18,356.29,350,155.5,197.5,5.83,2.59,3.29,52
70,2,Tuesday,19,336.98,346,136,206.5,5.77,2.27,3.44,52
70,2,Tuesday,20,232.81,211.5,105.5,109.5,3.52,1.76,1.82,52
70,2,Tuesday,21,187.94,185,97.5,83.5,3.08,1.62,1.39,52
70,2,Tuesday,22,166.42,174.5,122.5,51,2.91,2.04,0.85,52
70,2,Tuesday,23,27.87,24.5,12,12.5,0.41,0.2,0.21,52
70,3,Wednesday,0,6.29,6,2,4,0.1,0.03,0.07,51
70,3,Wednesday,1,5,4,1,3,0.07,0.02,0.05,49
70,3,Wednesday,2,2.48,2,1,1,0.03,0.02,0.02,40
70,3,Wednesday,3,1.91,2,1,1,0.03,0.02,0.02,33
70,3,Wednesday,4,2.73,2,0,1,0.03,0,0.02,48
70,3,Wednesday,5,6.08,6,2,3,0.1,0.03,0.05,52
70,3,Wednesday,6,20.35,20,9.5,11,0.33,0.16,0.18,52
70,3,Wednesday,7,66.63,68,35,29,1.13,0.58,0.48,52
70,3,Wednesday,8,149.23,150.5,77,71.5,2.51,1.28,1.19,52
70,3,Wednesday,9,156.6,157.5,77.5,78.5,2.62,1.29,1.31,52
70,3,Wednesday,10,185.25,178.5,88.5,91,2.98,1.48,1.52,52
70,3,Wednesday,11,250.44,251.5,122.5,125,4.19,2.04,2.08,52
70,3,Wednesday,12,328.31,326.5,162.5,165,5.44,2.71,2.75,52
70,3,Wednesday,13,327.33,329.5,165.5,165,5.49,2.76,2.75,52
70,3,Wednesday,14,250.37,246,125,122.5,4.1,2.08,2.04,52
70,3,Wednesday,15,282.13,282,153.5,128.5,4.7,2.56,2.14,52
70,3,Wednesday,16,288.44,291.5,148.5,141,4.86,2.48,2.35,52
70,3,Wednesday,17,336.27,338,169.5,172,5.63,2.83,2.87,52
70,3,Wednesday,18,363.83,355,164,194.5,5.92,2.73,3.24,52
70,3,Wednesday,19,346.87,354,138.5,216,5.9,2.31,3.6,52
70,3,Wednesday,20,254.12,237,114.5,131,3.95,1.91,2.18,52
70,3,Wednesday,21,174.56,167.5,85.5,78.5,2.79,1.43,1.31,52
70,3,Wednesday,22,152.87,151.5,107,46.5,2.52,1.78,0.78,52
70,3,Wednesday,23,26.58,18.5,7,11,0.31,0.12,0.18,52
70,4,Thursday,0,8.02,6,2,3,0.1,0.03,0.05,51
70,4,Thursday,1,4.3,3,1,2,0.05,0.02,0.03,46
70,4,Thursday,2,3.4,2,1,1,0.03,0.02,0.02,35
70,4,Thursday,3,2.31,2,1,1,0.03,0.02,0.02,39
70,4,Thursday,4,2.1,2,1,1,0.03,0.02,0.02,40
70,4,Thursday,5,4.44,3.5,2,2,0.06,0.03,0.03,50
70,4,Thursday,6,17.44,17,9,8,0.28,0.15,0.13,52
70,4,Thursday,7,67.65,67.5,39,29.5,1.12,0.65,0.49,52
70,4,Thursday,8,150.6,151,79.5,73.5,2.52,1.32,1.23,52
70,4,Thursday,9,147.54,142,72.5,71.5,2.37,1.21,1.19,52
70,4,Thursday,10,179.5,183,90,91,3.05,1.5,1.52,52
70,4,Thursday,11,217.06,219.5,106.5,106.5,3.66,1.77,1.77,52
70,4,Thursday,12,313.63,309.5,157.5,154,5.16,2.62,2.57,52
70,4,Thursday,13,312.27,314.5,160.5,153,5.24,2.67,2.55,52
70,4,Thursday,14,229.38,236.5,116.5,118,3.94,1.94,1.97,52
70,4,Thursday,15,258.9,262.5,135.5,125,4.38,2.26,2.08,52
70,4,Thursday,16,266.08,274,142.5,132.5,4.57,2.38,2.21,52
70,4,Thursday,17,319.33,326.5,162.5,161.5,5.44,2.71,2.69,52
70,4,Thursday,18,361.33,358.5,156,202,5.97,2.6,3.37,52
70,4,Thursday,19,336,338,133.5,206.5,5.63,2.22,3.44,52
70,4,Thursday,20,269.96,244,116.5,129,4.07,1.94,2.15,52
70,4,Thursday,21,180.92,182.5,87,89,3.04,1.45,1.48,52
70,4,Thursday,22,173.69,184,120.5,59.5,3.07,2.01,0.99,52
70,4,Thursday,23,40.31,28,12,16,0.47,0.2,0.27,51
70,5,Friday,0,6.49,6,2,3,0.1,0.03,0.05,53
70,5,Friday,1,4.88,4,1,3,0.07,0.02,0.05,51
70,5,Friday,2,2.78,2,0,2,0.03,0,0.03,40
70,5,Friday,3,2.63,2.5,1,1.5,0.04,0.02,0.03,38
70,5,Friday,4,2.4,2,1,1,0.03,0.02,0.02,40
70,5,Friday,5,4.26,4,2,2,0.07,0.03,0.03,53
70,5,Friday,6,18.06,16,8,8,0.27,0.13,0.13,53
70,5,Friday,7,65,64,34,29,1.07,0.57,0.48,53
70,5,Friday,8,141.49,142,71,72,2.37,1.18,1.2,53
70,5,Friday,9,156.02,154,79,77,2.57,1.32,1.28,53
70,5,Friday,10,184.47,185,92,88,3.08,1.53,1.47,53
70,5,Friday,11,223.47,220,113,109,3.67,1.88,1.82,53
70,5,Friday,12,318.06,319,159,159,5.32,2.65,2.65,53
70,5,Friday,13,327.51,330,168,163,5.5,2.8,2.72,53
70,5,Friday,14,256.23,253,127,127,4.22,2.12,2.12,53
70,5,Friday,15,282.92,286,151,134,4.77,2.52,2.23,53
70,5,Friday,16,295.09,301,153,147,5.02,2.55,2.45,53
70,5,Friday,17,351.45,364,179,178,6.07,2.98,2.97,53
70,5,Friday,18,420.09,416,185,227,6.93,3.08,3.78,53
70,5,Friday,19,402.91,408,158,245,6.8,2.63,4.08,53
70,5,Friday,20,350.06,312,139,168,5.2,2.32,2.8,53
70,5,Friday,21,238.81,241,115,123,4.02,1.92,2.05,53
70,5,Friday,22,247.74,261,167,96,4.35,2.78,1.6,53
70,5,Friday,23,90.25,78,39,30,1.3,0.65,0.5,53
70,6,Saturday,0,18.92,19,7,10,0.32,0.12,0.17,52
70,6,Saturday,1,9.17,8.5,2,5.5,0.14,0.03,0.09,52
70,6,Saturday,2,4.46,4,1,3,0.07,0.02,0.05,52
70,6,Saturday,3,3.26,3,1,2,0.05,0.02,0.03,47
70,6,Saturday,4,3.23,2,1,2,0.03,0.02,0.03,43
70,6,Saturday,5,3.73,3,2,2,0.05,0.03,0.03,44
70,6,Saturday,6,8.38,8,3,4.5,0.13,0.05,0.07,52
70,6,Saturday,7,34.15,33,15.5,17,0.55,0.26,0.28,52
70,6,Saturday,8,90.46,89.5,45,45,1.49,0.75,0.75,52
70,6,Saturday,9,186.92,187,95.5,87,3.12,1.59,1.45,52
70,6,Saturday,10,271.33,270.5,140,133,4.51,2.33,2.22,52
70,6,Saturday,11,327.13,329.5,163.5,163.5,5.49,2.72,2.72,52
70,6,Saturday,12,337.6,344.5,174,166,5.74,2.9,2.77,52
70,6,Saturday,13,313.62,313.5,156,154.5,5.22,2.6,2.58,52
70,6,Saturday,14,299.75,283.5,138,145.5,4.72,2.3,2.42,52
70,6,Saturday,15,303.65,291,139,146,4.85,2.32,2.43,52
70,6,Saturday,16,287.38,279,132.5,141,4.65,2.21,2.35,52
70,6,Saturday,17,335.83,317,144,163,5.28,2.4,2.72,52
70,6,Saturday,18,410.31,387.5,173.5,214.5,6.46,2.89,3.58,52
70,6,Saturday,19,381.75,394,164.5,218,6.57,2.74,3.63,52
70,6,Saturday,20,399.9,351,154.5,191,5.85,2.58,3.18,52
70,6,Saturday,21,230,229.5,120.5,110.5,3.83,2.01,1.84,52
70,6,Saturday,22,249.69,262.5,164.5,88.5,4.38,2.74,1.48,52
70,6,Saturday,23,113.37,79.5,41,35.5,1.32,0.68,0.59,52
70,7,Sunday,0,26.37,18.5,9,9,0.31,0.15,0.15,52
70,7,Sunday,1,8.96,7,3,4.5,0.12,0.05,0.07,52
70,7,Sunday,2,4.36,4,1,3,0.07,0.02,0.05,50
70,7,Sunday,3,3.77,3,1,2,0.05,0.02,0.03,44
70,7,Sunday,4,3.33,3,1,2,0.05,0.02,0.03,51
70,7,Sunday,5,3.51,3,2,1,0.05,0.03,0.02,43
70,7,Sunday,6,7.25,7,2,4,0.12,0.03,0.07,52
70,7,Sunday,7,16.88,17.5,8,9,0.29,0.13,0.15,52
70,7,Sunday,8,55.73,53,27.5,25,0.88,0.46,0.42,52
70,7,Sunday,9,130.1,131,69.5,61.5,2.18,1.16,1.02,52
70,7,Sunday,10,190.02,190,93,92.5,3.17,1.55,1.54,52
70,7,Sunday,11,242.52,245,117.5,125.5,4.08,1.96,2.09,52
70,7,Sunday,12,275.96,279.5,133.5,144.5,4.66,2.22,2.41,52
70,7,Sunday,13,267.12,270.5,131.5,138,4.51,2.19,2.3,52
70,7,Sunday,14,280.57,265,131,133,4.42,2.18,2.22,51
70,7,Sunday,15,270.41,261,129,130,4.35,2.15,2.17,51
70,7,Sunday,16,269.04,251,120,131,4.18,2,2.18,51
70,7,Sunday,17,278.37,255,121,140,4.25,2.02,2.33,51
70,7,Sunday,18,304.88,280,130,150,4.67,2.17,2.5,51
70,7,Sunday,19,247.08,233.5,109,125.5,3.89,1.82,2.09,52
70,7,Sunday,20,205.62,180.5,89.5,92.5,3.01,1.49,1.54,52
70,7,Sunday,21,145.9,123.5,67,58.5,2.06,1.12,0.98,52
70,7,Sunday,22,37,29,11.5,17.5,0.48,0.19,0.29,52
70,7,Sunday,23,11.46,7,3,5,0.12,0.05,0.08,52
71,1,Monday,0,6.42,4,2,2,0.07,0.03,0.03,43
71,1,Monday,1,5.93,4,2,1,0.07,0.03,0.02,43
71,1,Monday,2,3.52,3,2,1,0.05,0.03,0.02,40
71,1,Monday,3,3.67,2.5,1,1,0.04,0.02,0.02,40
71,1,Monday,4,3.59,2,1,1,0.03,0.02,0.02,37
71,1,Monday,5,3.82,3,2,1,0.05,0.03,0.02,49
71,1,Monday,6,6.35,6,3,2,0.1,0.05,0.03,51
71,1,Monday,7,19.9,19.5,10,10,0.32,0.17,0.17,52
71,1,Monday,8,33.54,29,18,12.5,0.48,0.3,0.21,52
71,1,Monday,9,55.06,55,28.5,25,0.92,0.48,0.42,52
71,1,Monday,10,55.69,58.5,25,31,0.98,0.42,0.52,52
71,1,Monday,11,58.87,60.5,35.5,26,1.01,0.59,0.43,52
71,1,Monday,12,71.67,73,32,41,1.22,0.53,0.68,52
71,1,Monday,13,42.52,41.5,16,22.5,0.69,0.27,0.38,52
71,1,Monday,14,21.15,17.5,9,8.5,0.29,0.15,0.14,52
71,1,Monday,15,20.46,18.5,10,9,0.31,0.17,0.15,52
71,1,Monday,16,35.88,36.5,21,13,0.61,0.35,0.22,52
71,1,Monday,17,55.37,60,30,29,1,0.5,0.48,51
71,1,Monday,18,44.23,46,18,26,0.77,0.3,0.43,52
71,1,Monday,19,25.67,24,10,14.5,0.4,0.17,0.24,52
71,1,Monday,20,11.81,9,5,5,0.15,0.08,0.08,52
71,1,Monday,21,10.15,9.5,4.5,4.5,0.16,0.07,0.07,52
71,1,Monday,22,8.02,6,2,3,0.1,0.03,0.05,51
71,1,Monday,23,5.23,3,2,1.5,0.05,0.03,0.03,48
71,2,Tuesday,0,5.42,4,2.5,2,0.07,0.04,0.03,48
71,2,Tuesday,1,4.37,3,2,2,0.05,0.03,0.03,43
71,2,Tuesday,2,3.61,3,1,2,0.05,0.02,0.03,44
71,2,Tuesday,3,3.79,2,1,1,0.03,0.02,0.02,38
71,2,Tuesday,4,3.82,2,1,1,0.03,0.02,0.02,39
71,2,Tuesday,5,5.79,4,2,2,0.07,0.03,0.03,47
71,2,Tuesday,6,12.51,10,5,4,0.17,0.08,0.07,49
71,2,Tuesday,7,19.41,16,8,7,0.27,0.13,0.12,51
71,2,Tuesday,8,36.18,33,20,14,0.55,0.33,0.23,51
71,2,Tuesday,9,57.24,60,31,26,1,0.52,0.43,51
71,2,Tuesday,10,56.63,57.5,25.5,30,0.96,0.42,0.5,52
71,2,Tuesday,11,57.55,56,31,25,0.93,0.52,0.42,51
71,2,Tuesday,12,65.98,67.5,29.5,36.5,1.12,0.49,0.61,52
71,2,Tuesday,13,41.76,40,17,24,0.67,0.28,0.4,51
71,2,Tuesday,14,23.47,22,10,11,0.37,0.17,0.18,51
71,2,Tuesday,15,21.18,19,9,10,0.32,0.15,0.17,51
71,2,Tuesday,16,35.8,34,20,14,0.57,0.33,0.23,51
71,2,Tuesday,17,57.58,56.5,29.5,27,0.94,0.49,0.45,50
71,2,Tuesday,18,44.42,44,19,25.5,0.73,0.32,0.42,50
71,2,Tuesday,19,24.73,23,10,12,0.38,0.17,0.2,51
71,2,Tuesday,20,13.55,14,6,6,0.23,0.1,0.1,51
71,2,Tuesday,21,12.56,12,7,4.5,0.2,0.12,0.07,50
71,2,Tuesday,22,7,6,4,2,0.1,0.07,0.03,51
71,2,Tuesday,23,6.16,5,3,2,0.08,0.05,0.03,50
71,3,Wednesday,0,6.45,5,3,2,0.08,0.05,0.03,47
71,3,Wednesday,1,5.8,4,2,2,0.07,0.03,0.03,44
71,3,Wednesday,2,4.55,4,2,1,0.07,0.03,0.02,47
71,3,Wednesday,3,3.32,2,1,1,0.03,0.02,0.02,41
71,3,Wednesday,4,3.89,3,1,1,0.05,0.02,0.02,45
71,3,Wednesday,5,4.31,3,2,1,0.05,0.03,0.02,51
71,3,Wednesday,6,6.87,6.5,4,2.5,0.11,0.07,0.04,52
71,3,Wednesday,7,25.85,24,12,12.5,0.4,0.2,0.21,52
71,3,Wednesday,8,36.5,35,20,14,0.58,0.33,0.23,52
71,3,Wednesday,9,61.48,61.5,30,29,1.02,0.5,0.48,52
71,3,Wednesday,10,57.94,53,25.5,28,0.88,0.42,0.47,52
71,3,Wednesday,11,59.48,57.5,33,25,0.96,0.55,0.42,52
71,3,Wednesday,12,72.23,73,33,40,1.22,0.55,0.67,52
71,3,Wednesday,13,41.46,41.5,16.5,25,0.69,0.28,0.42,52
71,3,Wednesday,14,20.94,20,10,9.5,0.33,0.17,0.16,52
71,3,Wednesday,15,26.02,24.5,11,14,0.41,0.18,0.23,52
71,3,Wednesday,16,38.87,39,25,14,0.65,0.42,0.23,52
71,3,Wednesday,17,71.92,69,36,33.5,1.15,0.6,0.56,52
71,3,Wednesday,18,111.81,75,33.5,43,1.25,0.56,0.72,52
71,3,Wednesday,19,46.9,38.5,16,21,0.64,0.27,0.35,52
71,3,Wednesday,20,17.71,15,7.5,7,0.25,0.12,0.12,52
71,3,Wednesday,21,15.63,12,6,6,0.2,0.1,0.1,51
71,3,Wednesday,22,10.56,9.5,5,4,0.16,0.08,0.07,52
71,3,Wednesday,23,8.9,7,4,3,0.12,0.07,0.05,52
71,4,Thursday,0,6.66,6,3.5,2.5,0.1,0.06,0.04,50
71,4,Thursday,1,6.07,4.5,3,2,0.07,0.05,0.03,46
71,4,Thursday,2,5.2,4,1.5,2,0.07,0.03,0.03,50
71,4,Thursday,3,3.82,3,2,1,0.05,0.03,0.02,44
71,4,Thursday,4,3.81,3,1,1,0.05,0.02,0.02,43
71,4,Thursday,5,4.3,3.5,2,1,0.06,0.03,0.02,50
71,4,Thursday,6,8.65,8,5,4,0.13,0.08,0.07,51
71,4,Thursday,7,22.12,20,11,9.5,0.33,0.18,0.16,52
71,4,Thursday,8,34.85,32.5,19,14.5,0.54,0.32,0.24,52
71,4,Thursday,9,56.27,55.5,28,26.5,0.92,0.47,0.44,52
71,4,Thursday,10,52,52.5,22.5,29,0.88,0.38,0.48,52
71,4,Thursday,11,53.06,51.5,29,21.5,0.86,0.48,0.36,52
71,4,Thursday,12,62.62,61.5,30,32,1.02,0.5,0.53,52
71,4,Thursday,13,41.42,38,15.5,23,0.63,0.26,0.38,52
71,4,Thursday,14,24.06,21.5,11,11.5,0.36,0.18,0.19,52
71,4,Thursday,15,22.52,21.5,11,10,0.36,0.18,0.17,52
71,4,Thursday,16,39.13,36.5,25,14,0.61,0.42,0.23,52
71,4,Thursday,17,70.27,70.5,38,31.5,1.18,0.63,0.52,52
71,4,Thursday,18,54.12,55,23,32,0.92,0.38,0.53,52
71,4,Thursday,19,33.37,34,13,19,0.57,0.22,0.32,52
71,4,Thursday,20,15.38,14,6,7,0.23,0.1,0.12,52
71,4,Thursday,21,12.67,10,6,5,0.17,0.1,0.08,52
71,4,Thursday,22,10.31,9,4,4,0.15,0.07,0.07,52
71,4,Thursday,23,8.85,7,4,3,0.12,0.07,0.05,52
71,5,Friday,0,7.75,6,4,3,0.1,0.07,0.05,51
71,5,Friday,1,7.3,5.5,3,3,0.09,0.05,0.05,50
71,5,Friday,2,5.85,5,3,2,0.08,0.05,0.03,53
71,5,Friday,3,4.59,3,1,1,0.05,0.02,0.02,39
71,5,Friday,4,3.41,3,1,2,0.05,0.02,0.03,46
71,5,Friday,5,5.73,4,3,2,0.07,0.05,0.03,51
71,5,Friday,6,10.65,9.5,5.5,4,0.16,0.09,0.07,52
71,5,Friday,7,18.58,17,8,8,0.28,0.13,0.13,53
71,5,Friday,8,30.15,26,17,10,0.43,0.28,0.17,53
71,5,Friday,9,53.96,56,29,27,0.93,0.48,0.45,53
71,5,Friday,10,51.36,52,24,26,0.87,0.4,0.43,53
71,5,Friday,11,52.08,56,30,21,0.93,0.5,0.35,53
71,5,Friday,12,66.02,67,29,37,1.12,0.48,0.62,53
71,5,Friday,13,39.15,35,15,22,0.58,0.25,0.37,53
71,5,Friday,14,23.74,23,10,12,0.38,0.17,0.2,53
71,5,Friday,15,25.43,24,12,11,0.4,0.2,0.18,53
71,5,Friday,16,42.62,43,26,17,0.72,0.43,0.28,53
71,5,Friday,17,66.26,68,35,31,1.13,0.58,0.52,53
71,5,Friday,18,49.57,51,22,27,0.85,0.37,0.45,53
71,5,Friday,19,32.47,33,14,18,0.55,0.23,0.3,53
71,5,Friday,20,17.77,17,9,8,0.28,0.15,0.13,53
71,5,Friday,21,14.42,13,7,6,0.22,0.12,0.1,53
71,5,Friday,22,15.7,13,7,6,0.22,0.12,0.1,53
71,5,Friday,23,14.42,13,8,6,0.22,0.13,0.1,53
71,6,Saturday,0,11.29,9.5,5,4,0.16,0.08,0.07,52
71,6,Saturday,1,11.73,10,6,4,0.17,0.1,0.07,51
71,6,Saturday,2,9.08,8,4,3,0.13,0.07,0.05,52
71,6,Saturday,3,6.18,5,2,2,0.08,0.03,0.03,45
71,6,Saturday,4,5.97,3,2,1,0.05,0.03,0.02,38
71,6,Saturday,5,4.55,3,2,1,0.05,0.03,0.02,51
71,6,Saturday,6,6.17,4,2,2,0.07,0.03,0.03,48
71,6,Saturday,7,6.34,5,2,2,0.08,0.03,0.03,47
71,6,Saturday,8,10.33,7,3,3,0.12,0.05,0.05,51
71,6,Saturday,9,15.77,12.5,6.5,6,0.21,0.11,0.1,52
71,6,Saturday,10,14.27,13,7,7,0.22,0.12,0.12,52
71,6,Saturday,11,14.94,14,7,6,0.23,0.12,0.1,52
71,6,Saturday,12,18.92,16.5,9,8,0.28,0.15,0.13,52
71,6,Saturday,13,18.15,16,8,7,0.27,0.13,0.12,52
71,6,Saturday,14,16.04,15,7,7.5,0.25,0.12,0.12,52
71,6,Saturday,15,17.69,15.5,8.5,7,0.26,0.14,0.12,52
71,6,Saturday,16,16.98,16,8,8,0.27,0.13,0.13,52
71,6,Saturday,17,18.31,18,10,7,0.3,0.17,0.12,52
71,6,Saturday,18,18.63,17,9,8,0.28,0.15,0.13,52
71,6,Saturday,19,17.9,15,8.5,7,0.25,0.14,0.12,52
71,6,Saturday,20,13.44,11,6,5,0.18,0.1,0.08,52
71,6,Saturday,21,13.42,12.5,7,5,0.21,0.12,0.08,52
71,6,Saturday,22,14.4,13,6,5,0.22,0.1,0.08,52
71,6,Saturday,23,13.46,13,7,5.5,0.22,0.12,0.09,52
71,7,Sunday,0,10.33,9,5,4,0.15,0.08,0.07,52
71,7,Sunday,1,9.62,9,5,4,0.15,0.08,0.07,50
71,7,Sunday,2,9.29,9,5,3,0.15,0.08,0.05,51
71,7,Sunday,3,6.96,5,4,2,0.08,0.07,0.03,48
71,7,Sunday,4,4.62,3,2,1,0.05,0.03,0.02,45
71,7,Sunday,5,3.76,2.5,2,1,0.04,0.03,0.02,46
71,7,Sunday,6,4,3,1,2,0.05,0.02,0.03,43
71,7,Sunday,7,3.61,3,2,1,0.05,0.03,0.02,49
71,7,Sunday,8,5.77,5,2,2,0.08,0.03,0.03,52
71,7,Sunday,9,9.21,9,4,4,0.15,0.07,0.07,52
71,7,Sunday,10,10.87,10.5,6,4.5,0.17,0.1,0.07,52
71,7,Sunday,11,12.35,11,5.5,5,0.18,0.09,0.08,52
71,7,Sunday,12,15.71,15.5,8,6.5,0.26,0.13,0.11,52
71,7,Sunday,13,13.65,12,7,5.5,0.2,0.12,0.09,52
71,7,Sunday,14,13.21,11,6,5,0.18,0.1,0.08,52
71,7,Sunday,15,12.85,10.5,5,5,0.17,0.08,0.08,52
71,7,Sunday,16,17.44,15,8.5,7,0.25,0.14,0.12,52
71,7,Sunday,17,14.73,13.5,8,5.5,0.22,0.13,0.09,52
71,7,Sunday,18,13.13,12,7,5,0.2,0.12,0.08,52
71,7,Sunday,19,9.81,9,5,5,0.15,0.08,0.08,52
71,7,Sunday,20,9.28,8,4,4,0.13,0.07,0.07,50
71,7,Sunday,21,8.36,8,3.5,4,0.13,0.06,0.07,50
71,7,Sunday,22,7.08,6,3,3,0.1,0.05,0.05,48
71,7,Sunday,23,5.67,4,2,2,0.07,0.03,0.03,52
72,1,Monday,0,17.4,12.5,5,6.5,0.21,0.08,0.11,52
72,1,Monday,1,6.27,4,2,3,0.07,0.03,0.05,51
72,1,Monday,2,5.02,4,1,2,0.07,0.02,0.03,51
72,1,Monday,3,4.47,3,1,2,0.05,0.02,0.03,49
72,1,Monday,4,5.27,4,1,3,0.07,0.02,0.05,52
72,1,Monday,5,19.13,19,11,7,0.32,0.18,0.12,52
72,1,Monday,6,61.73,59.5,40.5,22,0.99,0.68,0.37,52
72,1,Monday,7,165.02,182,139,38,3.03,2.32,0.63,52
72,1,Monday,8,517.31,557.5,498.5,73,9.29,8.31,1.22,52
72,1,Monday,9,312.38,307.5,218,91,5.12,3.63,1.52,52
72,1,Monday,10,301.96,293,150,142,4.88,2.5,2.37,52
72,1,Monday,11,373.25,369.5,157,213.5,6.16,2.62,3.56,52
72,1,Monday,12,470.1,478.5,191,281.5,7.97,3.18,4.69,52
72,1,Monday,13,448.12,434,174.5,251,7.23,2.91,4.18,52
72,1,Monday,14,447.33,433.5,135.5,292,7.22,2.26,4.87,52
72,1,Monday,15,432.08,426.5,131.5,296.5,7.11,2.19,4.94,52
72,1,Monday,16,573.63,568.5,114.5,452.5,9.47,1.91,7.54,52
72,1,Monday,17,796.6,820.5,137,681.5,13.68,2.28,11.36,52
72,1,Monday,18,422.33,395.5,97,304,6.59,1.62,5.07,52
72,1,Monday,19,185.35,167.5,49,117,2.79,0.82,1.95,52
72,1,Monday,20,149.88,112,37.5,68.5,1.87,0.62,1.14,52
72,1,Monday,21,119.63,84.5,31,58.5,1.41,0.52,0.98,52
72,1,Monday,22,101.94,72,18,47,1.2,0.3,0.78,52
72,1,Monday,23,47.48,27,9,19.5,0.45,0.15,0.32,52
72,2,Tuesday,0,16.08,9.5,4,6,0.16,0.07,0.1,52
72,2,Tuesday,1,6.37,6,2.5,4,0.1,0.04,0.07,52
72,2,Tuesday,2,5.21,5,1,3,0.08,0.02,0.05,48
72,2,Tuesday,3,3,2,1,1,0.03,0.02,0.02,47
72,2,Tuesday,4,4.35,3,1,2,0.05,0.02,0.03,49
72,2,Tuesday,5,23.25,23,14,10,0.38,0.23,0.17,52
72,2,Tuesday,6,78.4,80.5,53,26,1.34,0.88,0.43,52
72,2,Tuesday,7,219.04,228,179.5,47.5,3.8,2.99,0.79,52
72,2,Tuesday,8,664.69,677,589,93,11.28,9.82,1.55,52
72,2,Tuesday,9,384.27,369,267,98.5,6.15,4.45,1.64,52
72,2,Tuesday,10,320.96,318,174,129.5,5.3,2.9,2.16,52
72,2,Tuesday,11,346.02,341,147,189,5.68,2.45,3.15,52
72,2,Tuesday,12,472.75,476,194,277.5,7.93,3.23,4.62,52
72,2,Tuesday,13,441.37,415.5,174.5,253,6.92,2.91,4.22,52
72,2,Tuesday,14,454.46,441,151.5,295.5,7.35,2.52,4.92,52
72,2,Tuesday,15,430.23,426.5,129,296.5,7.11,2.15,4.94,52
72,2,Tuesday,16,639.77,659,133,509,10.98,2.22,8.48,52
72,2,Tuesday,17,974.5,1016,169.5,831.5,16.93,2.83,13.86,52
72,2,Tuesday,18,483.15,473.5,120,338.5,7.89,2,5.64,52
72,2,Tuesday,19,254.33,206,72.5,140,3.43,1.21,2.33,52
72,2,Tuesday,20,190.65,163,53,98,2.72,0.88,1.63,52
72,2,Tuesday,21,145.94,106.5,35,74.5,1.77,0.58,1.24,52
72,2,Tuesday,22,152.46,120,26,94.5,2,0.43,1.57,52
72,2,Tuesday,23,81.42,40,9.5,27.5,0.67,0.16,0.46,52
72,3,Wednesday,0,16.73,15,5,8,0.25,0.08,0.13,51
72,3,Wednesday,1,7.1,7,3,3,0.12,0.05,0.05,51
72,3,Wednesday,2,4.4,3.5,1,3,0.06,0.02,0.05,52
72,3,Wednesday,3,3.25,3,1,2,0.05,0.02,0.03,44
72,3,Wednesday,4,4.68,4,2,2,0.07,0.03,0.03,47
72,3,Wednesday,5,24.4,25,13.5,11,0.42,0.22,0.18,52
72,3,Wednesday,6,83.29,84.5,56,28.5,1.41,0.93,0.48,52
72,3,Wednesday,7,214.46,228,175,51,3.8,2.92,0.85,52
72,3,Wednesday,8,635.25,666,573,100.5,11.1,9.55,1.68,52
72,3,Wednesday,9,402.08,394.5,275,115.5,6.58,4.58,1.93,52
72,3,Wednesday,10,326.69,321.5,168.5,147.5,5.36,2.81,2.46,52
72,3,Wednesday,11,410.6,404,166,230.5,6.73,2.77,3.84,52
72,3,Wednesday,12,520.79,527,210,311.5,8.78,3.5,5.19,52
72,3,Wednesday,13,478.94,457,190.5,273,7.62,3.17,4.55,52
72,3,Wednesday,14,486.79,472.5,160,310,7.88,2.67,5.17,52
72,3,Wednesday,15,459.58,458.5,137.5,313.5,7.64,2.29,5.22,52
72,3,Wednesday,16,689.02,665.5,144,513,11.09,2.4,8.55,52
72,3,Wednesday,17,1016.87,996,198,798.5,16.6,3.3,13.31,52
72,3,Wednesday,18,571.15,566.5,175,390,9.44,2.92,6.5,52
72,3,Wednesday,19,334.48,302,95,202.5,5.03,1.58,3.38,52
72,3,Wednesday,20,259.04,218.5,76.5,139.5,3.64,1.27,2.33,52
72,3,Wednesday,21,217.29,151,48.5,93.5,2.52,0.81,1.56,52
72,3,Wednesday,22,246.92,147.5,38,98,2.46,0.63,1.63,52
72,3,Wednesday,23,123.87,57,18.5,36.5,0.95,0.31,0.61,52
72,4,Thursday,0,101.79,16.5,4.5,11,0.28,0.07,0.18,52
72,4,Thursday,1,25.76,7,3,4,0.12,0.05,0.07,49
72,4,Thursday,2,9.73,6,1,4,0.1,0.02,0.07,51
72,4,Thursday,3,5.73,3,1,2,0.05,0.02,0.03,49
72,4,Thursday,4,6.47,6,1,4,0.1,0.02,0.07,49
72,4,Thursday,5,24.81,25,12,12,0.42,0.2,0.2,52
72,4,Thursday,6,85.33,90,57.5,31.5,1.5,0.96,0.52,52
72,4,Thursday,7,213.67,225.5,169.5,54,3.76,2.83,0.9,52
72,4,Thursday,8,669.42,695,596,92.5,11.58,9.93,1.54,52
72,4,Thursday,9,449.06,441.5,309,127,7.36,5.15,2.12,52
72,4,Thursday,10,366.94,360.5,205.5,147.5,6.01,3.42,2.46,52
72,4,Thursday,11,421.08,397.5,176.5,233.5,6.62,2.94,3.89,52
72,4,Thursday,12,535,508.5,203,316,8.47,3.38,5.27,52
72,4,Thursday,13,494.54,509.5,199,282.5,8.49,3.32,4.71,52
72,4,Thursday,14,522.42,514.5,169.5,332,8.57,2.83,5.53,52
72,4,Thursday,15,481.35,466,142,335,7.77,2.37,5.58,52
72,4,Thursday,16,687.17,674,160,523.5,11.23,2.67,8.72,52
72,4,Thursday,17,1028.92,1055.5,240.5,822,17.59,4.01,13.7,52
72,4,Thursday,18,645.37,655.5,210.5,435.5,10.93,3.51,7.26,52
72,4,Thursday,19,418.38,386.5,127,248.5,6.44,2.12,4.14,52
72,4,Thursday,20,293.23,251.5,89.5,158,4.19,1.49,2.63,52
72,4,Thursday,21,241.62,201.5,68,129,3.36,1.13,2.15,52
72,4,Thursday,22,304.04,190,49,148.5,3.17,0.82,2.48,52
72,4,Thursday,23,143.23,128,27,82,2.13,0.45,1.37,52
72,5,Friday,0,29.26,23,8,17,0.38,0.13,0.28,53
72,5,Friday,1,12,10,4,6,0.17,0.07,0.1,53
72,5,Friday,2,7.81,7,2,5,0.12,0.03,0.08,52
72,5,Friday,3,5.15,4,1,3,0.07,0.02,0.05,53
72,5,Friday,4,5.21,4.5,1,3,0.07,0.02,0.05,52
72,5,Friday,5,21.02,21,12,8,0.35,0.2,0.13,53
72,5,Friday,6,77.26,81,51,29,1.35,0.85,0.48,53
72,5,Friday,7,147.62,162,112,46,2.7,1.87,0.77,53
72,5,Friday,8,451.68,480,395,82,8,6.58,1.37,53
72,5,Friday,9,356.4,344,224,114,5.73,3.73,1.9,53
72,5,Friday,10,369.08,376,173,179,6.27,2.88,2.98,53
72,5,Friday,11,444.85,433,185,243,7.22,3.08,4.05,53
72,5,Friday,12,535.34,534,217,315,8.9,3.62,5.25,53
72,5,Friday,13,538.34,543,215,318,9.05,3.58,5.3,53
72,5,Friday,14,545.45,507,193,327,8.45,3.22,5.45,53
72,5,Friday,15,515.83,480,175,319,8,2.92,5.32,53
72,5,Friday,16,657.62,649,186,457,10.82,3.1,7.62,53
72,5,Friday,17,824.36,817,247,560,13.62,4.12,9.33,53
72,5,Friday,18,636.09,560,239,337,9.33,3.98,5.62,53
72,5,Friday,19,500.43,407,166,247,6.78,2.77,4.12,53
72,5,Friday,20,426.34,299,133,166,4.98,2.22,2.77,53
72,5,Friday,21,350.3,263,118,153,4.38,1.97,2.55,53
72,5,Friday,22,461.42,354,93,238,5.9,1.55,3.97,53
72,5,Friday,23,309.55,261,62,203,4.35,1.03,3.38,53
72,6,Saturday,0,78.65,69.5,20,48.5,1.16,0.33,0.81,52
72,6,Saturday,1,31.1,30,8,19.5,0.5,0.13,0.32,52
72,6,Saturday,2,19.6,17,4,11,0.28,0.07,0.18,52
72,6,Saturday,3,14.06,10,2,8,0.17,0.03,0.13,52
72,6,Saturday,4,18.59,8,3,5,0.13,0.05,0.08,51
72,6,Saturday,5,21.25,15,8,8,0.25,0.13,0.13,51
72,6,Saturday,6,34.81,28,13,14,0.47,0.22,0.23,52
72,6,Saturday,7,78.96,56,23.5,32,0.93,0.39,0.53,52
72,6,Saturday,8,155.85,142,74,67.5,2.37,1.23,1.12,52
72,6,Saturday,9,233.15,210,102.5,105.5,3.5,1.71,1.76,52
72,6,Saturday,10,355.87,321,141.5,170.5,5.35,2.36,2.84,52
72,6,Saturday,11,470.81,443.5,189.5,251.5,7.39,3.16,4.19,52
72,6,Saturday,12,576.67,560,230.5,327.5,9.33,3.84,5.46,52
72,6,Saturday,13,618.58,608.5,259.5,359.5,10.14,4.32,5.99,52
72,6,Saturday,14,658.87,655.5,250,408,10.93,4.17,6.8,52
72,6,Saturday,15,705.44,698.5,266.5,432,11.64,4.44,7.2,52
72,6,Saturday,16,758,757.5,271.5,489,12.62,4.53,8.15,52
72,6,Saturday,17,727.63,715,271.5,425.5,11.92,4.53,7.09,52
72,6,Saturday,18,602.4,544,204.5,305,9.07,3.41,5.08,52
72,6,Saturday,19,532.06,488.5,185.5,313.5,8.14,3.09,5.22,52
72,6,Saturday,20,403.27,350.5,132,197,5.84,2.2,3.28,52
72,6,Saturday,21,327.17,279.5,111.5,173.5,4.66,1.86,2.89,52
72,6,Saturday,22,444.46,351,104,225,5.85,1.73,3.75,52
72,6,Saturday,23,278.94,242.5,66,169,4.04,1.1,2.82,52
72,7,Sunday,0,89.38,82.5,24.5,58,1.38,0.41,0.97,52
72,7,Sunday,1,40.79,40,10,27.5,0.67,0.17,0.46,52
72,7,Sunday,2,23.32,23,4.5,17,0.38,0.07,0.28,50
72,7,Sunday,3,16.9,17,4,13,0.28,0.07,0.22,52
72,7,Sunday,4,10.02,9,2,6,0.15,0.03,0.1,51
72,7,Sunday,5,14.48,12.5,5,8,0.21,0.08,0.13,52
72,7,Sunday,6,34.38,22.5,11,12,0.38,0.18,0.2,52
72,7,Sunday,7,64.9,52.5,18,31.5,0.88,0.3,0.52,52
72,7,Sunday,8,121.29,104.5,45.5,64,1.74,0.76,1.07,52
72,7,Sunday,9,201,184.5,84.5,101.5,3.08,1.41,1.69,52
72,7,Sunday,10,307.58,280,123.5,157,4.67,2.06,2.62,52
72,7,Sunday,11,446.69,425,176,237.5,7.08,2.93,3.96,52
72,7,Sunday,12,529.25,529.5,207.5,312,8.82,3.46,5.2,52
72,7,Sunday,13,576.69,574.5,223.5,343.5,9.57,3.72,5.72,52
72,7,Sunday,14,589.77,565,217.5,357,9.42,3.62,5.95,52
72,7,Sunday,15,622.9,638.5,219.5,402.5,10.64,3.66,6.71,52
72,7,Sunday,16,606.62,575.5,198.5,380.5,9.59,3.31,6.34,52
72,7,Sunday,17,501.73,460,167,286,7.67,2.78,4.77,52
72,7,Sunday,18,339.48,280.5,112.5,164.5,4.68,1.88,2.74,52
72,7,Sunday,19,254.87,195.5,86,127.5,3.26,1.43,2.12,52
72,7,Sunday,20,184.29,148,59.5,77,2.47,0.99,1.28,52
72,7,Sunday,21,159.83,91,33,58,1.52,0.55,0.97,52
72,7,Sunday,22,187.21,103,26,69.5,1.72,0.43,1.16,52
72,7,Sunday,23,139.06,52.5,15.5,39,0.88,0.26,0.65,52
75,1,Monday,0,2.98,2.5,1,1.5,0.04,0.02,0.03,42
75,1,Monday,1,1.81,1,1,0,0.02,0.02,0,27
75,1,Monday,2,1.74,1,1,1,0.02,0.02,0.02,19
75,1,Monday,3,1.52,1,0,1,0.02,0,0.02,25
75,1,Monday,4,3.06,2,2,0,0.03,0.03,0,35
75,1,Monday,5,9.45,8,5,2,0.13,0.08,0.03,49
75,1,Monday,6,29.69,27,11,16,0.45,0.18,0.27,49
75,1,Monday,7,60.1,64,34,29,1.07,0.57,0.48,50
75,1,Monday,8,110.44,120,66.5,53,2,1.11,0.88,50
75,1,Monday,9,80.02,79.5,46,33,1.32,0.77,0.55,50
75,1,Monday,10,73.9,68,32.5,34,1.13,0.54,0.57,50
75,1,Monday,11,80.32,74.5,35,38,1.24,0.58,0.63,50
75,1,Monday,12,126.28,129.5,64,61,2.16,1.07,1.02,50
75,1,Monday,13,133.58,137,72,64.5,2.28,1.2,1.07,50
75,1,Monday,14,115.02,101,53,52.5,1.68,0.88,0.88,50
75,1,Monday,15,93.54,91.5,43.5,50,1.52,0.72,0.83,50
75,1,Monday,16,102.16,101.5,48.5,51.5,1.69,0.81,0.86,50
75,1,Monday,17,125.62,126,61.5,61.5,2.1,1.02,1.02,50
75,1,Monday,18,74.14,65,33.5,30.5,1.08,0.56,0.51,50
75,1,Monday,19,37.88,30.5,15,16.5,0.51,0.25,0.28,50
75,1,Monday,20,25.88,22,8,12,0.37,0.13,0.2,50
75,1,Monday,21,17.52,17,5,10.5,0.28,0.08,0.17,50
75,1,Monday,22,11.08,10,4,5.5,0.17,0.07,0.09,50
75,1,Monday,23,6.78,4,2,2.5,0.07,0.03,0.04,50
75,2,Tuesday,0,3.57,2,0.5,1,0.03,0.01,0.02,42
75,2,Tuesday,1,1.82,1,1,1,0.02,0.02,0.02,28
75,2,Tuesday,2,1.28,1,1,0,0.02,0.02,0,18
75,2,Tuesday,3,1.5,1,1,0,0.02,0.02,0,22
75,2,Tuesday,4,4.11,3,2,0,0.05,0.03,0,37
75,2,Tuesday,5,10.92,8,6,4,0.13,0.1,0.07,50
75,2,Tuesday,6,41.38,40,13,23.5,0.67,0.22,0.39,50
75,2,Tuesday,7,74.54,78,40,36,1.3,0.67,0.6,50
75,2,Tuesday,8,140.28,146,80,64.5,2.43,1.33,1.07,50
75,2,Tuesday,9,93.16,92,50,40,1.53,0.83,0.67,51
75,2,Tuesday,10,79.74,77.5,40.5,38,1.29,0.68,0.63,50
75,2,Tuesday,11,82.56,84,42.5,39.5,1.4,0.71,0.66,50
75,2,Tuesday,12,151.34,154,75,74,2.57,1.25,1.23,50
75,2,Tuesday,13,157.8,152.5,78,71,2.54,1.3,1.18,50
75,2,Tuesday,14,112.18,115.5,55.5,57,1.93,0.92,0.95,50
75,2,Tuesday,15,101.76,104,47.5,55,1.73,0.79,0.92,50
75,2,Tuesday,16,114.2,115.5,60.5,56,1.93,1.01,0.93,50
75,2,Tuesday,17,151.6,154,78.5,71.5,2.57,1.31,1.19,50
75,2,Tuesday,18,84.02,74,39.5,37,1.23,0.66,0.62,50
75,2,Tuesday,19,46.6,43,15,27,0.72,0.25,0.45,50
75,2,Tuesday,20,32,25,10,15,0.42,0.17,0.25,49
75,2,Tuesday,21,27.18,24,5.5,19.5,0.4,0.09,0.32,50
75,2,Tuesday,22,17.76,14,4.5,9.5,0.23,0.07,0.16,50
75,2,Tuesday,23,11.57,7,2,4,0.12,0.03,0.07,49
75,3,Wednesday,0,3.19,3,0,2,0.05,0,0.03,43
75,3,Wednesday,1,2.21,1,1,1,0.02,0.02,0.02,28
75,3,Wednesday,2,1.67,1,1,0,0.02,0.02,0,24
75,3,Wednesday,3,1.37,1,1,0,0.02,0.02,0,19
75,3,Wednesday,4,3.69,3,2.5,0,0.05,0.04,0,36
75,3,Wednesday,5,12.94,11,6,5,0.18,0.1,0.08,49
75,3,Wednesday,6,44.98,43,16,27.5,0.72,0.27,0.46,50
75,3,Wednesday,7,79.98,79,41.5,37,1.32,0.69,0.62,50
75,3,Wednesday,8,131.36,136,77.5,57.5,2.27,1.29,0.96,50
75,3,Wednesday,9,94.54,91.5,51,39,1.52,0.85,0.65,50
75,3,Wednesday,10,86.54,82.5,42.5,37,1.38,0.71,0.62,50
75,3,Wednesday,11,92.22,89,49,41,1.48,0.82,0.68,51
75,3,Wednesday,12,151.29,153,79,73,2.55,1.32,1.22,51
75,3,Wednesday,13,146.49,151,75,74,2.52,1.25,1.23,51
75,3,Wednesday,14,119.24,119,60,58,1.98,1,0.97,51
75,3,Wednesday,15,107.45,105,54,51,1.75,0.9,0.85,51
75,3,Wednesday,16,128.1,124,61,59,2.07,1.02,0.98,51
75,3,Wednesday,17,157.02,153,81,76,2.55,1.35,1.27,51
75,3,Wednesday,18,104.18,81,40,36,1.35,0.67,0.6,51
75,3,Wednesday,19,63.02,40,16,25,0.67,0.27,0.42,51
75,3,Wednesday,20,38.12,32,11,19,0.53,0.18,0.32,51
75,3,Wednesday,21,33.63,30,8,20,0.5,0.13,0.33,51
75,3,Wednesday,22,31.08,18,6,12,0.3,0.1,0.2,51
75,3,Wednesday,23,20.55,9,4,5,0.15,0.07,0.08,51
75,4,Thursday,0,12.12,3,1,2,0.05,0.02,0.03,40
75,4,Thursday,1,3.97,1,1,1,0.02,0.02,0.02,29
75,4,Thursday,2,1.86,1,1,1,0.02,0.02,0.02,21
75,4,Thursday,3,1.79,1,0,1,0.02,0,0.02,38
75,4,Thursday,4,3.97,4,3,0.5,0.07,0.05,0.01,38
75,4,Thursday,5,12.33,11,6,4,0.18,0.1,0.07,51
75,4,Thursday,6,42.88,42,14,25,0.7,0.23,0.42,51
75,4,Thursday,7,73.19,76,38.5,35,1.27,0.64,0.58,52
75,4,Thursday,8,138,144,80.5,60,2.4,1.34,1,52
75,4,Thursday,9,95.6,95,52,42,1.58,0.87,0.7,52
75,4,Thursday,10,82.25,80.5,41,39.5,1.34,0.68,0.66,52
75,4,Thursday,11,99.17,92,48,43,1.53,0.8,0.72,52
75,4,Thursday,12,144.13,148.5,74.5,70.5,2.48,1.24,1.18,52
75,4,Thursday,13,148.38,152.5,81,70.5,2.54,1.35,1.18,52
75,4,Thursday,14,122.02,126,62,61,2.1,1.03,1.02,52
75,4,Thursday,15,109.29,116,55,57.5,1.93,0.92,0.96,52
75,4,Thursday,16,128.08,130,66,68,2.17,1.1,1.13,50
75,4,Thursday,17,164.26,168,84,78,2.8,1.4,1.3,50
75,4,Thursday,18,120.16,123,43.5,53,2.05,0.72,0.88,50
75,4,Thursday,19,71.22,58.5,19.5,33.5,0.98,0.32,0.56,50
75,4,Thursday,20,39.22,36,12,23,0.6,0.2,0.38,50
75,4,Thursday,21,32.16,34,9,21,0.57,0.15,0.35,50
75,4,Thursday,22,42.82,25,9,16,0.42,0.15,0.27,50
75,4,Thursday,23,15.3,13.5,5.5,6,0.22,0.09,0.1,50
75,5,Friday,0,4.54,4,1,2,0.07,0.02,0.03,46
75,5,Friday,1,2.46,2,1,1,0.03,0.02,0.02,37
75,5,Friday,2,2.05,2,0,1,0.03,0,0.02,22
75,5,Friday,3,1.95,2,1,0.5,0.03,0.02,0.01,20
75,5,Friday,4,3.61,3,2,0,0.05,0.03,0,41
75,5,Friday,5,11.43,9,6,3,0.15,0.1,0.05,51
75,5,Friday,6,42.5,39,14.5,25.5,0.65,0.24,0.42,50
75,5,Friday,7,60.69,63,31,32,1.05,0.52,0.53,51
75,5,Friday,8,91.78,95,50,41,1.58,0.83,0.68,51
75,5,Friday,9,83.43,79,44,35,1.32,0.73,0.58,51
75,5,Friday,10,87.63,83,38,40,1.38,0.63,0.67,51
75,5,Friday,11,93.43,87,47,43,1.45,0.78,0.72,51
75,5,Friday,12,119.69,118,61,54,1.97,1.02,0.9,51
75,5,Friday,13,119.47,119,62,60,1.98,1.03,1,51
75,5,Friday,14,119.76,119,61,57,1.98,1.02,0.95,51
75,5,Friday,15,106.78,107,55,49,1.78,0.92,0.82,51
75,5,Friday,16,114.9,115,54,56,1.92,0.9,0.93,51
75,5,Friday,17,148.57,144,77,67,2.4,1.28,1.12,51
75,5,Friday,18,135.69,115,47,53,1.92,0.78,0.88,51
75,5,Friday,19,96.39,89,25,43,1.48,0.42,0.72,51
75,5,Friday,20,45.29,42,14,27,0.7,0.23,0.45,51
75,5,Friday,21,34.16,35,12,20,0.58,0.2,0.33,51
75,5,Friday,22,67.1,42,17,21,0.7,0.28,0.35,51
75,5,Friday,23,33.04,25,10,12,0.42,0.17,0.2,51
75,6,Saturday,0,9.9,9,2,6,0.15,0.03,0.1,49
75,6,Saturday,1,4.89,4,1,3,0.07,0.02,0.05,46
75,6,Saturday,2,3.37,2,1,1,0.03,0.02,0.02,43
75,6,Saturday,3,2.56,2,1,1,0.03,0.02,0.02,39
75,6,Saturday,4,3.27,2,1,1,0.03,0.02,0.02,44
75,6,Saturday,5,5.94,5,4,1,0.08,0.07,0.02,48
75,6,Saturday,6,13.42,13,5.5,7,0.22,0.09,0.12,50
75,6,Saturday,7,33.42,34.5,13,18.5,0.58,0.22,0.31,50
75,6,Saturday,8,51.42,49.5,24,23,0.82,0.4,0.38,50
75,6,Saturday,9,62.06,61,29.5,27,1.02,0.49,0.45,50
75,6,Saturday,10,75.42,75.5,38.5,34.5,1.26,0.64,0.58,50
75,6,Saturday,11,87.72,80,43,35.5,1.33,0.72,0.59,50
75,6,Saturday,12,102.14,94.5,52,41,1.57,0.87,0.68,50
75,6,Saturday,13,109.4,99,52,49.5,1.65,0.87,0.82,50
75,6,Saturday,14,108.58,101.5,46,56,1.69,0.77,0.93,50
75,6,Saturday,15,110.98,101,42,54,1.68,0.7,0.9,50
75,6,Saturday,16,117.98,110,46.5,62.5,1.83,0.78,1.04,50
75,6,Saturday,17,122.56,109,54.5,49.5,1.82,0.91,0.82,50
75,6,Saturday,18,122.18,98.5,47.5,48.5,1.64,0.79,0.81,50
75,6,Saturday,19,99.58,92,35,44,1.53,0.58,0.73,50
75,6,Saturday,20,54.9,44,19,23.5,0.73,0.32,0.39,50
75,6,Saturday,21,28.58,26.5,11,15,0.44,0.18,0.25,50
75,6,Saturday,22,54.28,34.5,15,17,0.58,0.25,0.28,50
75,6,Saturday,23,27.34,24,9,13,0.4,0.15,0.22,50
75,7,Sunday,0,11.22,11,3,7,0.18,0.05,0.12,50
75,7,Sunday,1,5.88,5,1,3,0.08,0.02,0.05,49
75,7,Sunday,2,3.7,3,1,2,0.05,0.02,0.03,44
75,7,Sunday,3,3.23,2,1,1.5,0.03,0.02,0.03,44
75,7,Sunday,4,2.62,2,1,1,0.03,0.02,0.02,40
75,7,Sunday,5,7.36,2,1,1,0.03,0.02,0.02,44
75,7,Sunday,6,22.54,13.5,7,6.5,0.22,0.12,0.11,50
75,7,Sunday,7,31.58,29,12,15.5,0.48,0.2,0.26,50
75,7,Sunday,8,47.74,42.5,19,22,0.71,0.32,0.37,50
75,7,Sunday,9,68.2,55,25,30.5,0.92,0.42,0.51,50
75,7,Sunday,10,83.66,69,36.5,33.5,1.15,0.61,0.56,50
75,7,Sunday,11,90.02,80.5,45,34,1.34,0.75,0.57,50
75,7,Sunday,12,101.4,94.5,53.5,34.5,1.57,0.89,0.58,50
75,7,Sunday,13,103.76,90.5,45,42.5,1.51,0.75,0.71,50
75,7,Sunday,14,144.84,92.5,39,47,1.54,0.65,0.78,50
75,7,Sunday,15,95.22,89,34.5,49,1.48,0.58,0.82,50
75,7,Sunday,16,100.84,88,41,41,1.47,0.68,0.68,50
75,7,Sunday,17,89.96,70.5,38,32.5,1.18,0.63,0.54,50
75,7,Sunday,18,82.26,55.5,24,29.5,0.92,0.4,0.49,50
75,7,Sunday,19,45.84,33,13,21,0.55,0.22,0.35,49
75,7,Sunday,20,28.72,23,6.5,16,0.38,0.11,0.27,50
75,7,Sunday,21,20.82,16,4,11,0.27,0.07,0.18,49
75,7,Sunday,22,20.48,11,5,5.5,0.18,0.08,0.09,50
75,7,Sunday,23,15.47,6,2,3,0.1,0.03,0.05,49
76,1,Monday,0,2.03,2,1,1,0.03,0.02,0.02,33
76,1,Monday,1,1.42,1,1,0,0.02,0.02,0,26
76,1,Monday,2,1.43,1,1,1,0.02,0.02,0.02,21
76,1,Monday,3,1.56,1,1,1,0.02,0.02,0.02,27
76,1,Monday,4,1.23,1,1,0,0.02,0.02,0,22
76,1,Monday,5,3.27,3,2,1,0.05,0.03,0.02,51
76,1,Monday,6,17.04,18,10,8,0.3,0.17,0.13,52
76,1,Monday,7,54.62,56,36,20,0.93,0.6,0.33,52
76,1,Monday,8,116.92,131,85,43.5,2.18,1.42,0.72,52
76,1,Monday,9,105.38,105.5,60.5,47,1.76,1.01,0.78,52
76,1,Monday,10,97.88,97,53,45,1.62,0.88,0.75,52
76,1,Monday,11,102.5,103,55,49.5,1.72,0.92,0.82,52
76,1,Monday,12,127.25,131,67.5,63,2.18,1.12,1.05,52
76,1,Monday,13,114.1,115.5,56,57.5,1.93,0.93,0.96,52
76,1,Monday,14,97.83,98,47.5,50.5,1.63,0.79,0.84,52
76,1,Monday,15,126.58,129.5,53,74.5,2.16,0.88,1.24,52
76,1,Monday,16,114.54,116.5,47,70,1.94,0.78,1.17,52
76,1,Monday,17,121.92,126.5,54,71.5,2.11,0.9,1.19,52
76,1,Monday,18,96.94,101,49.5,49.5,1.68,0.82,0.82,52
76,1,Monday,19,56.27,54,24.5,30,0.9,0.41,0.5,52
76,1,Monday,20,35.17,33,13,21,0.55,0.22,0.35,52
76,1,Monday,21,16.85,15.5,7,8.5,0.26,0.12,0.14,52
76,1,Monday,22,10.13,9,3,6,0.15,0.05,0.1,52
76,1,Monday,23,3.63,3,1,2,0.05,0.02,0.03,49
76,2,Tuesday,0,2.16,2,1,1,0.03,0.02,0.02,38
76,2,Tuesday,1,1.82,1,1,0,0.02,0.02,0,22
76,2,Tuesday,2,1.4,1,1,0,0.02,0.02,0,15
76,2,Tuesday,3,1.19,1,0,1,0.02,0,0.02,26
76,2,Tuesday,4,1.35,1,1,0,0.02,0.02,0,26
76,2,Tuesday,5,4.13,4,2,2,0.07,0.03,0.03,52
76,2,Tuesday,6,18.04,18,8,9.5,0.3,0.13,0.16,52
76,2,Tuesday,7,55.62,57.5,34.5,22.5,0.96,0.58,0.38,52
76,2,Tuesday,8,119.33,133,82.5,47,2.22,1.38,0.78,52
76,2,Tuesday,9,108.48,109,61,47,1.82,1.02,0.78,52
76,2,Tuesday,10,94.62,96,49.5,45,1.6,0.82,0.75,52
76,2,Tuesday,11,98.65,97,53,46,1.62,0.88,0.77,52
76,2,Tuesday,12,130.73,129.5,65,64.5,2.16,1.08,1.07,52
76,2,Tuesday,13,116.4,119,60.5,59,1.98,1.01,0.98,52
76,2,Tuesday,14,90.38,92,44,48.5,1.53,0.73,0.81,52
76,2,Tuesday,15,119.5,122,50,73.5,2.03,0.83,1.23,52
76,2,Tuesday,16,118.04,118.5,51,68,1.98,0.85,1.13,52
76,2,Tuesday,17,129.71,135,57,76.5,2.25,0.95,1.27,52
76,2,Tuesday,18,103.21,107,53.5,52.5,1.78,0.89,0.88,52
76,2,Tuesday,19,62.83,64.5,27.5,34.5,1.07,0.46,0.58,52
76,2,Tuesday,20,36.94,36,13.5,21,0.6,0.22,0.35,52
76,2,Tuesday,21,25.58,24.5,7.5,18,0.41,0.12,0.3,52
76,2,Tuesday,22,12.15,12,4.5,7,0.2,0.07,0.12,52
76,2,Tuesday,23,5.29,4,2,2,0.07,0.03,0.03,48
76,3,Wednesday,0,1.84,2,1,1,0.03,0.02,0.02,38
76,3,Wednesday,1,1.86,1,1,1,0.02,0.02,0.02,21
76,3,Wednesday,2,1.4,1,1,0,0.02,0.02,0,15
76,3,Wednesday,3,1.55,2,1,1,0.03,0.02,0.02,11
76,3,Wednesday,4,1.38,1,1,0,0.02,0.02,0,21
76,3,Wednesday,5,4.27,4,2,2,0.07,0.03,0.03,52
76,3,Wednesday,6,18.54,19,9,9,0.32,0.15,0.15,52
76,3,Wednesday,7,63.69,63.5,43,22,1.06,0.72,0.37,52
76,3,Wednesday,8,123.9,131,82,45.5,2.18,1.37,0.76,52
76,3,Wednesday,9,101.52,101.5,55,45,1.69,0.92,0.75,52
76,3,Wednesday,10,93.9,94,49.5,43.5,1.57,0.82,0.72,52
76,3,Wednesday,11,102.69,98,51,47,1.63,0.85,0.78,52
76,3,Wednesday,12,137.4,134.5,71,64,2.24,1.18,1.07,52
76,3,Wednesday,13,123.69,122.5,60.5,61.5,2.04,1.01,1.02,52
76,3,Wednesday,14,99.25,101,49,51,1.68,0.82,0.85,52
76,3,Wednesday,15,130.79,133,56,76.5,2.22,0.93,1.27,52
76,3,Wednesday,16,126.17,127,53,75,2.12,0.88,1.25,52
76,3,Wednesday,17,136.19,139,59,79,2.32,0.98,1.32,52
76,3,Wednesday,18,104.56,103.5,50.5,54.5,1.73,0.84,0.91,52
76,3,Wednesday,19,67.6,67,30,38.5,1.12,0.5,0.64,52
76,3,Wednesday,20,43.46,45,17,25,0.75,0.28,0.42,52
76,3,Wednesday,21,24.04,23,9,14.5,0.38,0.15,0.24,52
76,3,Wednesday,22,14.23,13,5,8,0.22,0.08,0.13,52
76,3,Wednesday,23,6.94,6,1,4,0.1,0.02,0.07,51
76,4,Thursday,0,4.88,2,1,2,0.03,0.02,0.03,41
76,4,Thursday,1,2.58,1,1,1,0.02,0.02,0.02,31
76,4,Thursday,2,1.72,1,1,0.5,0.02,0.02,0.01,18
76,4,Thursday,3,1.4,1,1,1,0.02,0.02,0.02,15
76,4,Thursday,4,1.41,1,1,0,0.02,0.02,0,22
76,4,Thursday,5,3.79,3.5,1,2,0.06,0.02,0.03,52
76,4,Thursday,6,16.52,17.5,9.5,8,0.29,0.16,0.13,52
76,4,Thursday,7,56.65,56.5,35.5,22.5,0.94,0.59,0.38,52
76,4,Thursday,8,123.19,131,83,47,2.18,1.38,0.78,52
76,4,Thursday,9,102.46,103,59.5,46.5,1.72,0.99,0.78,52
76,4,Thursday,10,95.17,91.5,51.5,40.5,1.52,0.86,0.68,52
76,4,Thursday,11,102.87,101,54.5,48,1.68,0.91,0.8,52
76,4,Thursday,12,131.92,133,68.5,66,2.22,1.14,1.1,52
76,4,Thursday,13,118.81,117.5,58,60,1.96,0.97,1,52
76,4,Thursday,14,92.75,92.5,46.5,46.5,1.54,0.78,0.78,52
76,4,Thursday,15,127.6,134,55,77,2.23,0.92,1.28,52
76,4,Thursday,16,119.98,128.5,55,72.5,2.14,0.92,1.21,52
76,4,Thursday,17,130.52,135,58.5,75,2.25,0.98,1.25,52
76,4,Thursday,18,113.96,119,57.5,58,1.98,0.96,0.97,52
76,4,Thursday,19,78.5,76,34.5,42.5,1.27,0.58,0.71,52
76,4,Thursday,20,47,44,17,28,0.73,0.28,0.47,52
76,4,Thursday,21,25.67,26,10,15,0.43,0.17,0.25,52
76,4,Thursday,22,15.52,15,5,10,0.25,0.08,0.17,52
76,4,Thursday,23,7.43,7,2,5,0.12,0.03,0.08,51
76,5,Friday,0,2.7,2,1,1,0.03,0.02,0.02,43
76,5,Friday,1,1.84,1,1,1,0.02,0.02,0.02,31
76,5,Friday,2,1.3,1,1,0,0.02,0.02,0,20
76,5,Friday,3,1.26,1,0.5,1,0.02,0.01,0.02,34
76,5,Friday,4,1.4,1,1,0,0.02,0.02,0,20
76,5,Friday,5,3.23,3,2,1,0.05,0.03,0.02,52
76,5,Friday,6,16.62,17,9,8,0.28,0.15,0.13,53
76,5,Friday,7,55.06,58,38,19,0.97,0.63,0.32,53
76,5,Friday,8,123.45,133,80,49,2.22,1.33,0.82,53
76,5,Friday,9,108.94,108,59,51,1.8,0.98,0.85,53
76,5,Friday,10,106.19,105,56,47,1.75,0.93,0.78,53
76,5,Friday,11,113.87,112,59,54,1.87,0.98,0.9,53
76,5,Friday,12,140.66,141,74,66,2.35,1.23,1.1,53
76,5,Friday,13,128.11,131,60,69,2.18,1,1.15,53
76,5,Friday,14,102.06,100,50,53,1.67,0.83,0.88,53
76,5,Friday,15,134.09,142,59,83,2.37,0.98,1.38,53
76,5,Friday,16,130.3,131,58,73,2.18,0.97,1.22,53
76,5,Friday,17,141.72,145,74,70,2.42,1.23,1.17,53
76,5,Friday,18,122.15,123,58,63,2.05,0.97,1.05,53
76,5,Friday,19,93.55,91,39,48,1.52,0.65,0.8,53
76,5,Friday,20,52.47,51,21,30,0.85,0.35,0.5,53
76,5,Friday,21,29.26,29,11,17,0.48,0.18,0.28,53
76,5,Friday,22,24.26,21,7,12,0.35,0.12,0.2,53
76,5,Friday,23,14.13,11,3,8,0.18,0.05,0.13,53
76,6,Saturday,0,6.41,6,3,3,0.1,0.05,0.05,51
76,6,Saturday,1,3.36,2.5,1,1.5,0.04,0.02,0.03,42
76,6,Saturday,2,1.64,1,1,0,0.02,0.02,0,36
76,6,Saturday,3,1.93,1,0,1,0.02,0,0.02,30
76,6,Saturday,4,2.19,2,1,1,0.03,0.02,0.02,31
76,6,Saturday,5,1.93,2,1,0,0.03,0.02,0,42
76,6,Saturday,6,5.25,5,2,3,0.08,0.03,0.05,52
76,6,Saturday,7,29.15,29,20.5,8,0.48,0.34,0.13,52
76,6,Saturday,8,61.67,62.5,37,24.5,1.04,0.62,0.41,52
76,6,Saturday,9,112.25,114.5,63,49.5,1.91,1.05,0.82,52
76,6,Saturday,10,151.67,153.5,83.5,71,2.56,1.39,1.18,52
76,6,Saturday,11,161.81,165,86.5,77.5,2.75,1.44,1.29,52
76,6,Saturday,12,143.21,143.5,74.5,66,2.39,1.24,1.1,52
76,6,Saturday,13,122.42,118,60,60.5,1.97,1,1.01,52
76,6,Saturday,14,105.37,103.5,50,54.5,1.73,0.83,0.91,52
76,6,Saturday,15,91.94,93.5,47,48,1.56,0.78,0.8,52
76,6,Saturday,16,94.27,98.5,49,46.5,1.64,0.82,0.78,52
76,6,Saturday,17,96.17,94.5,48.5,46.5,1.57,0.81,0.78,52
76,6,Saturday,18,90.83,87,47,43.5,1.45,0.78,0.72,52
76,6,Saturday,19,72.17,70,32.5,38,1.17,0.54,0.63,52
76,6,Saturday,20,43.37,44,17,24,0.73,0.28,0.4,52
76,6,Saturday,21,25.81,25.5,9,16,0.42,0.15,0.27,52
76,6,Saturday,22,20.17,20,6,11.5,0.33,0.1,0.19,52
76,6,Saturday,23,11.9,11,3,7,0.18,0.05,0.12,52
76,7,Sunday,0,6.04,5,2,2,0.08,0.03,0.03,51
76,7,Sunday,1,3.49,3,1,1,0.05,0.02,0.02,49
76,7,Sunday,2,2.44,2,1,0,0.03,0.02,0,34
76,7,Sunday,3,1.84,1,1,1,0.02,0.02,0.02,37
76,7,Sunday,4,1.89,1,1,0.5,0.02,0.02,0.01,28
76,7,Sunday,5,1.89,2,1,0,0.03,0.02,0,46
76,7,Sunday,6,4.96,5,3,2,0.08,0.05,0.03,49
76,7,Sunday,7,12.85,12,7,5,0.2,0.12,0.08,52
76,7,Sunday,8,45.71,45,28.5,17,0.75,0.48,0.28,52
76,7,Sunday,9,87.38,85,48,36,1.42,0.8,0.6,52
76,7,Sunday,10,110.88,109,59,49.5,1.82,0.98,0.82,52
76,7,Sunday,11,118.88,121.5,64.5,55.5,2.02,1.07,0.92,52
76,7,Sunday,12,108.23,106.5,56,48.5,1.77,0.93,0.81,52
76,7,Sunday,13,95.44,93.5,53,44.5,1.56,0.88,0.74,52
76,7,Sunday,14,88.63,87.5,45,42,1.46,0.75,0.7,52
76,7,Sunday,15,87.71,86.5,41,46,1.44,0.68,0.77,52
76,7,Sunday,16,84.23,84.5,42,41,1.41,0.7,0.68,52
76,7,Sunday,17,80.33,81,39,42.5,1.35,0.65,0.71,52
76,7,Sunday,18,66.62,66.5,32,34,1.11,0.53,0.57,52
76,7,Sunday,19,47.96,44.5,21,24.5,0.74,0.35,0.41,52
76,7,Sunday,20,31.25,29,13,16,0.48,0.22,0.27,52
76,7,Sunday,21,16.73,17,7,9.5,0.28,0.12,0.16,52
76,7,Sunday,22,10.02,9,3,6,0.15,0.05,0.1,52
76,7,Sunday,23,3.62,3,1,2,0.05,0.02,0.03,50
77,1,Monday,0,32.51,27,18,9,0.45,0.3,0.15,51
77,1,Monday,1,12.14,11,6.5,3,0.18,0.11,0.05,50
77,1,Monday,2,6.5,5.5,4,1,0.09,0.07,0.02,48
77,1,Monday,3,4.47,3,2,1,0.05,0.03,0.02,45
77,1,Monday,4,5.74,5,2,3,0.08,0.03,0.05,50
77,1,Monday,5,17.32,18,5,12.5,0.3,0.08,0.21,50
77,1,Monday,6,66.28,65,24,42.5,1.08,0.4,0.71,50
77,1,Monday,7,159.04,167,63.5,101,2.78,1.06,1.68,50
77,1,Monday,8,251.22,267,115,147.5,4.45,1.92,2.46,50
77,1,Monday,9,196.24,199.5,87,115.5,3.33,1.45,1.93,50
77,1,Monday,10,168.06,160.5,82,76,2.67,1.37,1.27,50
77,1,Monday,11,184.82,179.5,105.5,77.5,2.99,1.76,1.29,50
77,1,Monday,12,310.42,314,188.5,128,5.23,3.14,2.13,50
77,1,Monday,13,255.44,267,137,121.5,4.45,2.28,2.02,50
77,1,Monday,14,197.4,197.5,121.5,75,3.29,2.02,1.25,50
77,1,Monday,15,226.86,223.5,131.5,96,3.72,2.19,1.6,50
77,1,Monday,16,269.66,279.5,171.5,99,4.66,2.86,1.65,50
77,1,Monday,17,390.38,411.5,257.5,142.5,6.86,4.29,2.38,50
77,1,Monday,18,369.48,362,228,148.5,6.03,3.8,2.48,50
77,1,Monday,19,313.16,286.5,163,131,4.78,2.72,2.18,50
77,1,Monday,20,281.48,242,124.5,106.5,4.03,2.08,1.77,50
77,1,Monday,21,189.5,154.5,85.5,74,2.58,1.43,1.23,50
77,1,Monday,22,101.42,88.5,50,39,1.48,0.83,0.65,50
77,1,Monday,23,48.68,39.5,22.5,18,0.66,0.38,0.3,50
77,2,Tuesday,0,26.24,23.5,13.5,9.5,0.39,0.22,0.16,50
77,2,Tuesday,1,10.92,9,6.5,3,0.15,0.11,0.05,48
77,2,Tuesday,2,6.21,6,4,2,0.1,0.07,0.03,47
77,2,Tuesday,3,4.57,4,2,2,0.07,0.03,0.03,47
77,2,Tuesday,4,5.4,5,2,3,0.08,0.03,0.05,48
77,2,Tuesday,5,20.16,20,6,14,0.33,0.1,0.23,49
77,2,Tuesday,6,87.5,92,33,57,1.53,0.55,0.95,50
77,2,Tuesday,7,199.98,213,77.5,133,3.55,1.29,2.22,50
77,2,Tuesday,8,282.62,302.5,127.5,167.5,5.04,2.12,2.79,50
77,2,Tuesday,9,208.32,212,83,131.5,3.53,1.38,2.19,50
77,2,Tuesday,10,168.12,173.5,90,82,2.89,1.5,1.37,50
77,2,Tuesday,11,170.54,178,100.5,74.5,2.97,1.68,1.24,50
77,2,Tuesday,12,315.68,331.5,197.5,131,5.53,3.29,2.18,50
77,2,Tuesday,13,254.38,262.5,146,115.5,4.38,2.43,1.93,50
77,2,Tuesday,14,193.4,200,126.5,77,3.33,2.11,1.28,50
77,2,Tuesday,15,250.22,265,154,109.5,4.42,2.57,1.82,50
77,2,Tuesday,16,299.46,312,200,116,5.2,3.33,1.93,50
77,2,Tuesday,17,428.02,462.5,305.5,151,7.71,5.09,2.52,50
77,2,Tuesday,18,381.9,380,244.5,130,6.33,4.08,2.17,50
77,2,Tuesday,19,332.58,323.5,177,128.5,5.39,2.95,2.14,50
77,2,Tuesday,20,290.36,246,139,106,4.1,2.32,1.77,50
77,2,Tuesday,21,185.54,189,94,77.5,3.15,1.57,1.29,50
77,2,Tuesday,22,109.42,95.5,55.5,38,1.59,0.92,0.63,50
77,2,Tuesday,23,64.1,46,27.5,19,0.77,0.46,0.32,50
77,3,Wednesday,0,27.84,28.5,15.5,11.5,0.48,0.26,0.19,50
77,3,Wednesday,1,12.52,11,7.5,3.5,0.18,0.12,0.06,50
77,3,Wednesday,2,5.94,5,3,1.5,0.08,0.05,0.03,48
77,3,Wednesday,3,4.52,3.5,2,1,0.06,0.03,0.02,44
77,3,Wednesday,4,5.46,5,2,3,0.08,0.03,0.05,50
77,3,Wednesday,5,20.96,20,6,14,0.33,0.1,0.23,50
77,3,Wednesday,6,91.98,90,34,56,1.5,0.57,0.93,50
77,3,Wednesday,7,216.92,219,84.5,135,3.65,1.41,2.25,50
77,3,Wednesday,8,294.74,307,127.5,177.5,5.12,2.12,2.96,50
77,3,Wednesday,9,210.28,212.5,82.5,128.5,3.54,1.38,2.14,50
77,3,Wednesday,10,159.74,168,90.5,76,2.8,1.51,1.27,50
77,3,Wednesday,11,189.44,190,110,81,3.17,1.83,1.35,50
77,3,Wednesday,12,325.02,330.5,199.5,130,5.51,3.33,2.17,50
77,3,Wednesday,13,267.1,275,151.5,120,4.58,2.52,2,50
77,3,Wednesday,14,215.54,207.5,128,80,3.46,2.13,1.33,50
77,3,Wednesday,15,249.02,244.5,145.5,98,4.08,2.42,1.63,50
77,3,Wednesday,16,311.2,313,203.5,105.5,5.22,3.39,1.76,50
77,3,Wednesday,17,471.94,436.5,298.5,139,7.28,4.97,2.32,50
77,3,Wednesday,18,426.16,399.5,255.5,151.5,6.66,4.26,2.52,50
77,3,Wednesday,19,386.34,342,188,146,5.7,3.13,2.43,50
77,3,Wednesday,20,366.16,293,169,119.5,4.88,2.82,1.99,50
77,3,Wednesday,21,259.46,179,104.5,80,2.98,1.74,1.33,50
77,3,Wednesday,22,188.62,111.5,63.5,47.5,1.86,1.06,0.79,50
77,3,Wednesday,23,125.6,56,30.5,23.5,0.93,0.51,0.39,50
77,4,Thursday,0,82.74,27,17,9.5,0.45,0.28,0.16,50
77,4,Thursday,1,30.18,11,7,3,0.18,0.12,0.05,50
77,4,Thursday,2,9.43,5,3,1,0.08,0.05,0.02,49
77,4,Thursday,3,5.28,4,2,2,0.07,0.03,0.03,46
77,4,Thursday,4,5.42,5,2,2,0.08,0.03,0.03,50
77,4,Thursday,5,20.16,20,7,13,0.33,0.12,0.22,50
77,4,Thursday,6,84.08,87.5,29,56,1.46,0.48,0.93,50
77,4,Thursday,7,199.26,200.5,79,122,3.34,1.32,2.03,50
77,4,Thursday,8,286.44,298.5,123,170.5,4.97,2.05,2.84,50
77,4,Thursday,9,213.52,218.5,90.5,126.5,3.64,1.51,2.11,50
77,4,Thursday,10,180.8,170,89,84,2.83,1.48,1.4,51
77,4,Thursday,11,189.9,185,105,79,3.08,1.75,1.32,51
77,4,Thursday,12,334.37,333,203,133,5.55,3.38,2.22,51
77,4,Thursday,13,287.31,274,148,127,4.57,2.47,2.12,51
77,4,Thursday,14,218.53,216,136,79,3.6,2.27,1.32,51
77,4,Thursday,15,279.04,287,163,106,4.78,2.72,1.77,51
77,4,Thursday,16,320.06,329,206,112,5.48,3.43,1.87,51
77,4,Thursday,17,472.82,480,312,156,8,5.2,2.6,51
77,4,Thursday,18,467.96,449,269,159,7.48,4.48,2.65,51
77,4,Thursday,19,385.16,388,207,162,6.47,3.45,2.7,51
77,4,Thursday,20,308.96,306,157,143,5.1,2.62,2.38,51
77,4,Thursday,21,228.55,206,119,87,3.43,1.98,1.45,51
77,4,Thursday,22,191.59,125,77,50,2.08,1.28,0.83,51
77,4,Thursday,23,72.51,57,33,23,0.95,0.55,0.38,51
77,5,Friday,0,33.31,30,19,10,0.5,0.32,0.17,52
77,5,Friday,1,16.5,16.5,10,4,0.28,0.17,0.07,52
77,5,Friday,2,7.71,6,5,2,0.1,0.08,0.03,51
77,5,Friday,3,5.82,5,3,1,0.08,0.05,0.02,49
77,5,Friday,4,5.96,5,3,2.5,0.08,0.05,0.04,52
77,5,Friday,5,16.06,16.5,5,11,0.28,0.08,0.18,52
77,5,Friday,6,73.4,70.5,29.5,44,1.18,0.49,0.73,52
77,5,Friday,7,172.96,178.5,76.5,101.5,2.98,1.27,1.69,52
77,5,Friday,8,261.62,271.5,122,148,4.53,2.03,2.47,52
77,5,Friday,9,206.96,204.5,86,112.5,3.41,1.43,1.88,52
77,5,Friday,10,189.5,187.5,94,77.5,3.12,1.57,1.29,52
77,5,Friday,11,217.38,195.5,112.5,79,3.26,1.88,1.32,52
77,5,Friday,12,301.71,280,174,117,4.67,2.9,1.95,52
77,5,Friday,13,280.23,273.5,144,119.5,4.56,2.4,1.99,52
77,5,Friday,14,256.96,236,153.5,81,3.93,2.56,1.35,52
77,5,Friday,15,299.5,282.5,165,117.5,4.71,2.75,1.96,52
77,5,Friday,16,334.31,305,192.5,118,5.08,3.21,1.97,52
77,5,Friday,17,468.94,420.5,276.5,140.5,7.01,4.61,2.34,52
77,5,Friday,18,509.87,383.5,235.5,154.5,6.39,3.92,2.58,52
77,5,Friday,19,430.17,359.5,198,157.5,5.99,3.3,2.62,52
77,5,Friday,20,349.88,303.5,173.5,131,5.06,2.89,2.18,52
77,5,Friday,21,260.65,206,121.5,99.5,3.43,2.02,1.66,52
77,5,Friday,22,268.5,168,95.5,61,2.8,1.59,1.02,52
77,5,Friday,23,164.69,95.5,56.5,35,1.59,0.94,0.58,52
77,6,Saturday,0,49.3,43.5,26,17,0.72,0.43,0.28,50
77,6,Saturday,1,24.47,23,16,6,0.38,0.27,0.1,51
77,6,Saturday,2,11.38,11,8,2,0.18,0.13,0.03,50
77,6,Saturday,3,8.9,7,5.5,2,0.12,0.09,0.03,50
77,6,Saturday,4,6.66,5,3,2,0.08,0.05,0.03,50
77,6,Saturday,5,9.1,9,3,5,0.15,0.05,0.08,50
77,6,Saturday,6,31.27,30,13,17,0.5,0.22,0.28,51
77,6,Saturday,7,91.27,85,37,51,1.42,0.62,0.85,51
77,6,Saturday,8,149.94,153,72,82,2.55,1.2,1.37,51
77,6,Saturday,9,226.69,228,111,116,3.8,1.85,1.93,51
77,6,Saturday,10,301.84,284,147,139,4.73,2.45,2.32,51
77,6,Saturday,11,356.63,331,189,144,5.52,3.15,2.4,51
77,6,Saturday,12,385.25,314,193,117,5.23,3.22,1.95,51
77,6,Saturday,13,340.71,313,182,125,5.22,3.03,2.08,51
77,6,Saturday,14,352.57,318,193,122,5.3,3.22,2.03,51
77,6,Saturday,15,419.24,345,219,121,5.75,3.65,2.02,51
77,6,Saturday,16,510.67,401,246,137,6.68,4.1,2.28,51
77,6,Saturday,17,514.25,412,245,166,6.87,4.08,2.77,51
77,6,Saturday,18,608.67,457,257,200,7.62,4.28,3.33,51
77,6,Saturday,19,512.25,433,212,182,7.22,3.53,3.03,51
77,6,Saturday,20,375.75,301,156,144,5.02,2.6,2.4,51
77,6,Saturday,21,292.1,239,133,99,3.98,2.22,1.65,51
77,6,Saturday,22,372.75,195,113,63,3.25,1.88,1.05,51
77,6,Saturday,23,204.67,114,71,39,1.9,1.18,0.65,51
77,7,Sunday,0,53.59,46,32,18,0.77,0.53,0.3,51
77,7,Sunday,1,23.16,20,15,5,0.33,0.25,0.08,51
77,7,Sunday,2,13.16,11,8.5,3,0.18,0.14,0.05,50
77,7,Sunday,3,10.71,10,7,2,0.17,0.12,0.03,51
77,7,Sunday,4,7.14,6,4,2,0.1,0.07,0.03,50
77,7,Sunday,5,9.51,9,4,6,0.15,0.07,0.1,51
77,7,Sunday,6,31.94,27,10,16,0.45,0.17,0.27,51
77,7,Sunday,7,254.59,95,42,51,1.58,0.7,0.85,51
77,7,Sunday,8,271.16,179,81,94,2.98,1.35,1.57,51
77,7,Sunday,9,257.04,227,110,111,3.78,1.83,1.85,51
77,7,Sunday,10,332.29,301,149,139,5.02,2.48,2.32,51
77,7,Sunday,11,365.2,290,172,115,4.83,2.87,1.92,51
77,7,Sunday,12,397.59,298,187,121,4.97,3.12,2.02,51
77,7,Sunday,13,375.51,295,184,114,4.92,3.07,1.9,51
77,7,Sunday,14,404.61,295,168,112,4.92,2.8,1.87,51
77,7,Sunday,15,347,297,179,113,4.95,2.98,1.88,51
77,7,Sunday,16,366.76,299,179,117,4.98,2.98,1.95,51
77,7,Sunday,17,399.06,338,194,134,5.63,3.23,2.23,51
77,7,Sunday,18,467.39,359,199,128,5.98,3.32,2.13,51
77,7,Sunday,19,364.65,282,154,125,4.7,2.57,2.08,51
77,7,Sunday,20,309.55,225,120,109,3.75,2,1.82,51
77,7,Sunday,21,221.41,157,87,74,2.62,1.45,1.23,51
77,7,Sunday,22,127.53,91,55,35,1.52,0.92,0.58,51
77,7,Sunday,23,59.06,48,27,21,0.8,0.45,0.35,51
78,1,Monday,0,9.93,10,1,7.5,0.17,0.02,0.12,28
78,1,Monday,1,4.75,4,0,3,0.07,0,0.05,28
78,1,Monday,2,2.44,2,0,2,0.03,0,0.03,25
78,1,Monday,3,2.19,2,1,1,0.03,0.02,0.02,16
78,1,Monday,4,2.05,1,1,1,0.02,0.02,0.02,22
78,1,Monday,5,3.08,2,1,1,0.03,0.02,0.02,26
78,1,Monday,6,26.11,28,15.5,11.5,0.47,0.26,0.19,28
78,1,Monday,7,79.18,78.5,50,27,1.31,0.83,0.45,28
78,1,Monday,8,150.68,141,105.5,39,2.35,1.76,0.65,28
78,1,Monday,9,81.46,79,46,31.5,1.32,0.77,0.52,28
78,1,Monday,10,76.36,62.5,30.5,32.5,1.04,0.51,0.54,28
78,1,Monday,11,78.43,64,27,40.5,1.07,0.45,0.68,28
78,1,Monday,12,90.71,86.5,38,46.5,1.44,0.63,0.78,28
78,1,Monday,13,88.21,77.5,30,50.5,1.29,0.5,0.84,28
78,1,Monday,14,95.21,91,29,60.5,1.52,0.48,1.01,28
78,1,Monday,15,103.96,103,26,74,1.72,0.43,1.23,28
78,1,Monday,16,171.21,168.5,31,145,2.81,0.52,2.42,28
78,1,Monday,17,254.29,261.5,33.5,230.5,4.36,0.56,3.84,28
78,1,Monday,18,107.18,115.5,20.5,83,1.93,0.34,1.38,28
78,1,Monday,19,57.46,68.5,17,40,1.14,0.28,0.67,28
78,1,Monday,20,30.25,23.5,11,13.5,0.39,0.18,0.22,28
78,1,Monday,21,15.32,14,5,9,0.23,0.08,0.15,28
78,1,Monday,22,11.86,10.5,2.5,8.5,0.17,0.04,0.14,28
78,1,Monday,23,9.5,7.5,2,5.5,0.12,0.03,0.09,28
78,2,Tuesday,0,8.54,7,1,6,0.12,0.02,0.1,28
78,2,Tuesday,1,3.74,3,1,2,0.05,0.02,0.03,27
78,2,Tuesday,2,2.83,2,0,2,0.03,0,0.03,24
78,2,Tuesday,3,2.2,2,0.5,1,0.03,0.01,0.02,20
78,2,Tuesday,4,2.05,2,1,1,0.03,0.02,0.02,19
78,2,Tuesday,5,2.96,2,1,1,0.03,0.02,0.02,24
78,2,Tuesday,6,23.11,22.5,11,8.5,0.38,0.18,0.14,28
78,2,Tuesday,7,92.96,97,71.5,26.5,1.62,1.19,0.44,28
78,2,Tuesday,8,174.43,175.5,128,43.5,2.92,2.13,0.72,28
78,2,Tuesday,9,96.64,97.5,53.5,42.5,1.62,0.89,0.71,28
78,2,Tuesday,10,73.96,71,32,38.5,1.18,0.53,0.64,28
78,2,Tuesday,11,81.04,80,35.5,43,1.33,0.59,0.72,28
78,2,Tuesday,12,96.04,93.5,40.5,54,1.56,0.68,0.9,28
78,2,Tuesday,13,90.25,90,37,56.5,1.5,0.62,0.94,28
78,2,Tuesday,14,94.39,93.5,29,63,1.56,0.48,1.05,28
78,2,Tuesday,15,114.39,117.5,29.5,85,1.96,0.49,1.42,28
78,2,Tuesday,16,176.54,182.5,32,151.5,3.04,0.53,2.52,28
78,2,Tuesday,17,268.36,293,33.5,259.5,4.88,0.56,4.32,28
78,2,Tuesday,18,132.14,125,24,100,2.08,0.4,1.67,28
78,2,Tuesday,19,64.18,74.5,21.5,48,1.24,0.36,0.8,28
78,2,Tuesday,20,34.79,30.5,11.5,18,0.51,0.19,0.3,28
78,2,Tuesday,21,15.89,14,5,8.5,0.23,0.08,0.14,28
78,2,Tuesday,22,14.93,13,4,8,0.22,0.07,0.13,28
78,2,Tuesday,23,16.54,8.5,3,5,0.14,0.05,0.08,28
78,3,Wednesday,0,9.11,9,2,5,0.15,0.03,0.08,28
78,3,Wednesday,1,5.36,4,1,3,0.07,0.02,0.05,25
78,3,Wednesday,2,2.33,2,0.5,1,0.03,0.01,0.02,24
78,3,Wednesday,3,2.12,2,1,1,0.03,0.02,0.02,24
78,3,Wednesday,4,2.06,2,1,0,0.03,0.02,0,18
78,3,Wednesday,5,4.07,3.5,1,2,0.06,0.02,0.03,28
78,3,Wednesday,6,28.32,31,16,10.5,0.52,0.27,0.17,28
78,3,Wednesday,7,88.82,88.5,57.5,30,1.48,0.96,0.5,28
78,3,Wednesday,8,168.61,172,123.5,48,2.87,2.06,0.8,28
78,3,Wednesday,9,97,97,56,38,1.62,0.93,0.63,28
78,3,Wednesday,10,78.68,79.5,32,45.5,1.32,0.53,0.76,28
78,3,Wednesday,11,88.86,82.5,35,45.5,1.38,0.58,0.76,28
78,3,Wednesday,12,97.75,93.5,35.5,57.5,1.56,0.59,0.96,28
78,3,Wednesday,13,94.18,88,34.5,57,1.47,0.58,0.95,28
78,3,Wednesday,14,99.61,96,28.5,68.5,1.6,0.48,1.14,28
78,3,Wednesday,15,118.18,116.5,30.5,83.5,1.94,0.51,1.39,28
78,3,Wednesday,16,183.82,185.5,29.5,151.5,3.09,0.49,2.52,28
78,3,Wednesday,17,292.89,289.5,34.5,258,4.82,0.58,4.3,28
78,3,Wednesday,18,141.57,159.5,23,121.5,2.66,0.38,2.02,28
78,3,Wednesday,19,93.68,77.5,17.5,52,1.29,0.29,0.87,28
78,3,Wednesday,20,80.82,29.5,11.5,17.5,0.49,0.19,0.29,28
78,3,Wednesday,21,83.29,17,7.5,11,0.28,0.12,0.18,28
78,3,Wednesday,22,77.14,13,3.5,9.5,0.22,0.06,0.16,28
78,3,Wednesday,23,103.96,9,3,5,0.15,0.05,0.08,27
78,4,Thursday,0,66.39,8,1,6,0.13,0.02,0.1,28
78,4,Thursday,1,13.86,5,0,4,0.08,0,0.07,28
78,4,Thursday,2,5.59,3,1,2,0.05,0.02,0.03,27
78,4,Thursday,3,3.79,1,1,1,0.02,0.02,0.02,19
78,4,Thursday,4,2.9,1.5,1,1,0.03,0.02,0.02,20
78,4,Thursday,5,3.84,3,1,2,0.05,0.02,0.03,25
78,4,Thursday,6,25.5,26,15,9,0.43,0.25,0.15,28
78,4,Thursday,7,88,85,54,30,1.42,0.9,0.5,28
78,4,Thursday,8,164.75,160.5,111.5,46.5,2.67,1.86,0.78,28
78,4,Thursday,9,100.96,96,59,41,1.6,0.98,0.68,28
78,4,Thursday,10,82.39,80.5,37,40,1.34,0.62,0.67,28
78,4,Thursday,11,87.96,83.5,36,43.5,1.39,0.6,0.72,28
78,4,Thursday,12,104.82,96,42,59,1.6,0.7,0.98,28
78,4,Thursday,13,102.29,99,41,61.5,1.65,0.68,1.02,28
78,4,Thursday,14,103.07,97,31,68,1.62,0.52,1.13,28
78,4,Thursday,15,122.46,117,33.5,86.5,1.95,0.56,1.44,28
78,4,Thursday,16,178.86,180.5,30,149.5,3.01,0.5,2.49,28
78,4,Thursday,17,276.82,275.5,34.5,231,4.59,0.58,3.85,28
78,4,Thursday,18,142.21,156,28,117.5,2.6,0.47,1.96,28
78,4,Thursday,19,65.71,77,19.5,53,1.28,0.32,0.88,28
78,4,Thursday,20,37.11,38,10.5,22,0.63,0.17,0.37,28
78,4,Thursday,21,27.64,24,8.5,12.5,0.4,0.14,0.21,28
78,4,Thursday,22,19,15.5,5.5,11,0.26,0.09,0.18,28
78,4,Thursday,23,13.75,13,4,8.5,0.22,0.07,0.14,28
78,5,Friday,0,9.62,10,2,8,0.17,0.03,0.13,29
78,5,Friday,1,6.97,5,1,5,0.08,0.02,0.08,29
78,5,Friday,2,3.4,3,0,2,0.05,0,0.03,25
78,5,Friday,3,2.52,2,1,1,0.03,0.02,0.02,25
78,5,Friday,4,2.12,2,0,2,0.03,0,0.03,25
78,5,Friday,5,3.08,2.5,1,1,0.04,0.02,0.02,26
78,5,Friday,6,23.28,21,14,11,0.35,0.23,0.18,29
78,5,Friday,7,65.59,67,35,31,1.12,0.58,0.52,29
78,5,Friday,8,114.72,113,68,41,1.88,1.13,0.68,29
78,5,Friday,9,85.48,91,46,41,1.52,0.77,0.68,29
78,5,Friday,10,80.55,77,38,37,1.28,0.63,0.62,29
78,5,Friday,11,88.64,87.5,41.5,44.5,1.46,0.69,0.74,28
78,5,Friday,12,97.36,89.5,36,55,1.49,0.6,0.92,28
78,5,Friday,13,101.82,96,36,64,1.6,0.6,1.07,28
78,5,Friday,14,104.43,103,34,66,1.72,0.57,1.1,28
78,5,Friday,15,121.11,118,33.5,86,1.97,0.56,1.43,28
78,5,Friday,16,146.5,148,34.5,113,2.47,0.58,1.88,28
78,5,Friday,17,163.96,176.5,36,139.5,2.94,0.6,2.33,28
78,5,Friday,18,100.82,106.5,25.5,79,1.77,0.42,1.32,28
78,5,Friday,19,65.11,76.5,24.5,45.5,1.27,0.41,0.76,28
78,5,Friday,20,35.64,30.5,14.5,21.5,0.51,0.24,0.36,28
78,5,Friday,21,18.57,16.5,6.5,10,0.28,0.11,0.17,28
78,5,Friday,22,29,17.5,6,13,0.29,0.1,0.22,28
78,5,Friday,23,49.68,17,5.5,11,0.28,0.09,0.18,28
78,6,Saturday,0,10.59,9,3,6,0.15,0.05,0.1,27
78,6,Saturday,1,8.14,8,1.5,5.5,0.13,0.03,0.09,28
78,6,Saturday,2,4.61,3.5,0,3,0.06,0,0.05,28
78,6,Saturday,3,3.12,2,0,2,0.03,0,0.03,24
78,6,Saturday,4,2.7,2.5,1,1,0.04,0.02,0.02,20
78,6,Saturday,5,2.61,2,1,1,0.03,0.02,0.02,23
78,6,Saturday,6,18.82,20,7,9.5,0.33,0.12,0.16,28
78,6,Saturday,7,55.21,53.5,27,26.5,0.89,0.45,0.44,28
78,6,Saturday,8,91.11,93.5,39,54,1.56,0.65,0.9,28
78,6,Saturday,9,112.11,114,42,68.5,1.9,0.7,1.14,28
78,6,Saturday,10,145.61,144.5,60.5,84.5,2.41,1.01,1.41,28
78,6,Saturday,11,150,155,67,79.5,2.58,1.12,1.32,28
78,6,Saturday,12,145.61,147.5,63.5,81,2.46,1.06,1.35,28
78,6,Saturday,13,137.43,141,64,73,2.35,1.07,1.22,28
78,6,Saturday,14,134.29,138.5,55.5,77,2.31,0.92,1.28,28
78,6,Saturday,15,128.61,123,51,72,2.05,0.85,1.2,28
78,6,Saturday,16,125.11,120,45,68.5,2,0.75,1.14,28
78,6,Saturday,17,107.43,101.5,39,60,1.69,0.65,1,28
78,6,Saturday,18,94,84,33,49,1.4,0.55,0.82,28
78,6,Saturday,19,66.43,72.5,29,38.5,1.21,0.48,0.64,28
78,6,Saturday,20,38.18,38,15,21,0.63,0.25,0.35,28
78,6,Saturday,21,33.14,22,9.5,15.5,0.37,0.16,0.26,28
78,6,Saturday,22,60.43,23,6.5,16.5,0.38,0.11,0.28,28
78,6,Saturday,23,88.54,20.5,7.5,13,0.34,0.12,0.22,28
78,7,Sunday,0,14.61,13,3.5,10,0.22,0.06,0.17,28
78,7,Sunday,1,8.7,8,1,6,0.13,0.02,0.1,27
78,7,Sunday,2,6.22,6,1,5,0.1,0.02,0.08,27
78,7,Sunday,3,4.96,5,1,4,0.08,0.02,0.07,27
78,7,Sunday,4,3.2,3,1,2,0.05,0.02,0.03,25
78,7,Sunday,5,3.46,2,1,2,0.03,0.02,0.03,24
78,7,Sunday,6,16.18,14.5,6.5,8,0.24,0.11,0.13,28
78,7,Sunday,7,60.21,59.5,25.5,33,0.99,0.42,0.55,28
78,7,Sunday,8,93.89,91,40,51,1.52,0.67,0.85,28
78,7,Sunday,9,134.14,135.5,57,80,2.26,0.95,1.33,28
78,7,Sunday,10,150.11,154,60.5,87,2.57,1.01,1.45,28
78,7,Sunday,11,147.32,154,67,75.5,2.57,1.12,1.26,28
78,7,Sunday,12,142.46,139,57,78,2.32,0.95,1.3,28
78,7,Sunday,13,137.54,142.5,58.5,74.5,2.38,0.98,1.24,28
78,7,Sunday,14,124.93,115,53,61,1.92,0.88,1.02,28
78,7,Sunday,15,116.39,110.5,48.5,67,1.84,0.81,1.12,28
78,7,Sunday,16,104.07,96.5,40.5,56.5,1.61,0.68,0.94,28
78,7,Sunday,17,88.82,81.5,31,53,1.36,0.52,0.88,28
78,7,Sunday,18,66.61,67.5,20,42,1.12,0.33,0.7,28
78,7,Sunday,19,52.93,53.5,20,32,0.89,0.33,0.53,28
78,7,Sunday,20,31.89,29.5,8.5,16.5,0.49,0.14,0.28,28
78,7,Sunday,21,18.21,18.5,7,11,0.31,0.12,0.18,28
78,7,Sunday,22,10.82,9.5,3,6.5,0.16,0.05,0.11,28
78,7,Sunday,23,10.75,9,2.5,6,0.15,0.04,0.1,28
79,1,Monday,0,100.31,80,35,48.5,1.33,0.58,0.81,52
79,1,Monday,1,50.5,44,21,24.5,0.73,0.35,0.41,52
79,1,Monday,2,34.12,29.5,14,15,0.49,0.23,0.25,52
79,1,Monday,3,28.71,26,13.5,13,0.43,0.22,0.22,52
79,1,Monday,4,24.42,22,13,10,0.37,0.22,0.17,52
79,1,Monday,5,41.37,40.5,21.5,20,0.68,0.36,0.33,52
79,1,Monday,6,107.15,110,67,44,1.83,1.12,0.73,52
79,1,Monday,7,235.75,243,146,97.5,4.05,2.43,1.62,52
79,1,Monday,8,551.06,565,344,228.5,9.42,5.73,3.81,52
79,1,Monday,9,482.58,472.5,286.5,182,7.88,4.78,3.03,52
79,1,Monday,10,593.31,551.5,333.5,221,9.19,5.56,3.68,52
79,1,Monday,11,682.73,643,372,267,10.72,6.2,4.45,52
79,1,Monday,12,806.9,754.5,422,346,12.57,7.03,5.77,52
79,1,Monday,13,817.85,780.5,410.5,354.5,13.01,6.84,5.91,52
79,1,Monday,14,804.1,759,410,358,12.65,6.83,5.97,52
79,1,Monday,15,768.4,744.5,367,367,12.41,6.12,6.12,52
79,1,Monday,16,840.85,832.5,412,414.5,13.88,6.87,6.91,52
79,1,Monday,17,998.62,977,488,479,16.28,8.13,7.98,52
79,1,Monday,18,715.77,658.5,345,307,10.97,5.75,5.12,52
79,1,Monday,19,483.5,449.5,222.5,217.5,7.49,3.71,3.62,52
79,1,Monday,20,428.65,373.5,176.5,193,6.22,2.94,3.22,52
79,1,Monday,21,398.29,332.5,147.5,184,5.54,2.46,3.07,52
79,1,Monday,22,296.79,238,99.5,143.5,3.97,1.66,2.39,52
79,1,Monday,23,152.79,127.5,59.5,72,2.12,0.99,1.2,52
79,2,Tuesday,0,82.63,69,28,39.5,1.15,0.47,0.66,52
79,2,Tuesday,1,35.21,32,14,18,0.53,0.23,0.3,52
79,2,Tuesday,2,23,20.5,11,10,0.34,0.18,0.17,52
79,2,Tuesday,3,20.83,20,9,10,0.33,0.15,0.17,52
79,2,Tuesday,4,20.13,19,9,9,0.32,0.15,0.15,52
79,2,Tuesday,5,45.37,46,25,20,0.77,0.42,0.33,52
79,2,Tuesday,6,127.85,130.5,79,49.5,2.17,1.32,0.82,52
79,2,Tuesday,7,294.75,311.5,189.5,119.5,5.19,3.16,1.99,52
79,2,Tuesday,8,663.04,678.5,403.5,278,11.31,6.72,4.63,52
79,2,Tuesday,9,545.29,526,312.5,211.5,8.77,5.21,3.52,52
79,2,Tuesday,10,567.62,542.5,315.5,224.5,9.04,5.26,3.74,52
79,2,Tuesday,11,635.1,608.5,350.5,265.5,10.14,5.84,4.42,52
79,2,Tuesday,12,757.19,745,415.5,322,12.42,6.92,5.37,52
79,2,Tuesday,13,795.37,782.5,415.5,372,13.04,6.92,6.2,52
79,2,Tuesday,14,770.52,749.5,393,348.5,12.49,6.55,5.81,52
79,2,Tuesday,15,792.38,765.5,396.5,373.5,12.76,6.61,6.22,52
79,2,Tuesday,16,890.9,890,434,436,14.83,7.23,7.27,52
79,2,Tuesday,17,1145.94,1157.5,598.5,516.5,19.29,9.97,8.61,52
79,2,Tuesday,18,787.79,758.5,415.5,336,12.64,6.92,5.6,52
79,2,Tuesday,19,546.77,516.5,261.5,257.5,8.61,4.36,4.29,52
79,2,Tuesday,20,472.06,420.5,191.5,230,7.01,3.19,3.83,52
79,2,Tuesday,21,474.62,398,173,225,6.63,2.88,3.75,52
79,2,Tuesday,22,391.56,312.5,121.5,197,5.21,2.02,3.28,52
79,2,Tuesday,23,235.77,184.5,72.5,102,3.08,1.21,1.7,52
79,3,Wednesday,0,97.92,83,37.5,45,1.38,0.62,0.75,52
79,3,Wednesday,1,45.02,42,19.5,22,0.7,0.32,0.37,52
79,3,Wednesday,2,24.69,20.5,11,10,0.34,0.18,0.17,52
79,3,Wednesday,3,21.75,20.5,9.5,10.5,0.34,0.16,0.17,52
79,3,Wednesday,4,18.75,18,9,9,0.3,0.15,0.15,52
79,3,Wednesday,5,46.75,45.5,24.5,20.5,0.76,0.41,0.34,52
79,3,Wednesday,6,132.4,134.5,82.5,50,2.24,1.38,0.83,52
79,3,Wednesday,7,298.5,298.5,181.5,121,4.97,3.02,2.02,52
79,3,Wednesday,8,690.52,701,413,275,11.68,6.88,4.58,52
79,3,Wednesday,9,555.81,542,314,218.5,9.03,5.23,3.64,52
79,3,Wednesday,10,573.62,555.5,325.5,231.5,9.26,5.42,3.86,52
79,3,Wednesday,11,678.62,659,380.5,281,10.98,6.34,4.68,52
79,3,Wednesday,12,808.04,810,436,356.5,13.5,7.27,5.94,52
79,3,Wednesday,13,831.71,812,454,376,13.53,7.57,6.27,52
79,3,Wednesday,14,798.81,771.5,413.5,378,12.86,6.89,6.3,52
79,3,Wednesday,15,811.6,799,387,412,13.32,6.45,6.87,52
79,3,Wednesday,16,944.88,924,464,459.5,15.4,7.73,7.66,52
79,3,Wednesday,17,1207.19,1194,614,560,19.9,10.23,9.33,52
79,3,Wednesday,18,865.48,867.5,461,374.5,14.46,7.68,6.24,52
79,3,Wednesday,19,578.42,556.5,274.5,268,9.28,4.58,4.47,52
79,3,Wednesday,20,500.85,485.5,222,249.5,8.09,3.7,4.16,52
79,3,Wednesday,21,513.17,462,199,263.5,7.7,3.32,4.39,52
79,3,Wednesday,22,495.6,380.5,141.5,251.5,6.34,2.36,4.19,52
79,3,Wednesday,23,297.69,224,83,132,3.73,1.38,2.2,52
79,4,Thursday,0,110.56,92.5,39,54,1.54,0.65,0.9,52
79,4,Thursday,1,47.15,40.5,19,21,0.68,0.32,0.35,52
79,4,Thursday,2,35.35,28,14.5,14.5,0.47,0.24,0.24,52
79,4,Thursday,3,32.06,24.5,13,12.5,0.41,0.22,0.21,52
79,4,Thursday,4,27.52,21.5,10,12,0.36,0.17,0.2,52
79,4,Thursday,5,47.54,46,26.5,19,0.77,0.44,0.32,52
79,4,Thursday,6,128.04,129,78,51,2.15,1.3,0.85,52
79,4,Thursday,7,296,309,181,118,5.15,3.02,1.97,52
79,4,Thursday,8,678.87,702,407,286,11.7,6.78,4.77,52
79,4,Thursday,9,592.04,577,344.5,231,9.62,5.74,3.85,52
79,4,Thursday,10,597.77,584,330,241,9.73,5.5,4.02,52
79,4,Thursday,11,696.65,669,376.5,288,11.15,6.28,4.8,52
79,4,Thursday,12,821.77,806,451.5,358,13.43,7.53,5.97,52
79,4,Thursday,13,832.67,821,437,376,13.68,7.28,6.27,52
79,4,Thursday,14,809.04,807,423,375,13.45,7.05,6.25,52
79,4,Thursday,15,844.85,806.5,413.5,407,13.44,6.89,6.78,52
79,4,Thursday,16,965.98,935,498,461.5,15.58,8.3,7.69,52
79,4,Thursday,17,1262.1,1217.5,660,549,20.29,11,9.15,52
79,4,Thursday,18,955.48,960.5,532.5,375,16.01,8.88,6.25,52
79,4,Thursday,19,653.23,634.5,335,284.5,10.57,5.58,4.74,52
79,4,Thursday,20,560.4,530,249.5,274,8.83,4.16,4.57,52
79,4,Thursday,21,607.92,521,227.5,313,8.68,3.79,5.22,52
79,4,Thursday,22,618.88,464,179.5,298.5,7.73,2.99,4.97,52
79,4,Thursday,23,357.65,299,106,205,4.98,1.77,3.42,52
79,5,Friday,0,144.42,120,52,69,2,0.87,1.15,53
79,5,Friday,1,65.09,55,27,29,0.92,0.45,0.48,53
79,5,Friday,2,38.26,32,17,17,0.53,0.28,0.28,53
79,5,Friday,3,31.58,30,14,16,0.5,0.23,0.27,53
79,5,Friday,4,27.6,25,14,12,0.42,0.23,0.2,53
79,5,Friday,5,48.38,46,25,21,0.77,0.42,0.35,53
79,5,Friday,6,110.53,111,67,43,1.85,1.12,0.72,53
79,5,Friday,7,227.79,227,134,92,3.78,2.23,1.53,53
79,5,Friday,8,520.26,526,315,205,8.77,5.25,3.42,53
79,5,Friday,9,535.38,498,295,200,8.3,4.92,3.33,53
79,5,Friday,10,628.89,595,348,249,9.92,5.8,4.15,53
79,5,Friday,11,735.72,704,395,309,11.73,6.58,5.15,53
79,5,Friday,12,835.13,840,454,372,14,7.57,6.2,53
79,5,Friday,13,862.94,861,469,386,14.35,7.82,6.43,53
79,5,Friday,14,888.66,860,466,398,14.33,7.77,6.63,53
79,5,Friday,15,883.11,857,442,410,14.28,7.37,6.83,53
79,5,Friday,16,1000.3,997,512,478,16.62,8.53,7.97,53
79,5,Friday,17,1228.72,1228,674,538,20.47,11.23,8.97,53
79,5,Friday,18,1118.26,1077,625,442,17.95,10.42,7.37,53
79,5,Friday,19,851.47,803,456,355,13.38,7.6,5.92,53
79,5,Friday,20,705.57,637,303,332,10.62,5.05,5.53,53
79,5,Friday,21,737.83,671,307,378,11.18,5.12,6.3,53
79,5,Friday,22,852.89,768,275,493,12.8,4.58,8.22,53
79,5,Friday,23,591.7,567,201,346,9.45,3.35,5.77,53
79,6,Saturday,0,292.33,269,114.5,149.5,4.48,1.91,2.49,52
79,6,Saturday,1,174.15,156,74,87.5,2.6,1.23,1.46,52
79,6,Saturday,2,120.85,105.5,54,54.5,1.76,0.9,0.91,52
79,6,Saturday,3,94.44,75,36.5,38,1.25,0.61,0.63,52
79,6,Saturday,4,77.29,58,24,32.5,0.97,0.4,0.54,52
79,6,Saturday,5,52.06,42.5,22,19.5,0.71,0.37,0.32,52
79,6,Saturday,6,76.92,69.5,39,30.5,1.16,0.65,0.51,52
79,6,Saturday,7,160.98,131,74.5,60.5,2.18,1.24,1.01,52
79,6,Saturday,8,263.12,231.5,130,101.5,3.86,2.17,1.69,52
79,6,Saturday,9,463.62,399,235,169,6.65,3.92,2.82,52
79,6,Saturday,10,717.06,654.5,398,283.5,10.91,6.63,4.72,52
79,6,Saturday,11,923.75,878.5,511,374,14.64,8.52,6.23,52
79,6,Saturday,12,1031,1012.5,572,441,16.88,9.53,7.35,52
79,6,Saturday,13,1070.63,1057,605,452,17.62,10.08,7.53,52
79,6,Saturday,14,1110.25,1113,624,479.5,18.55,10.4,7.99,52
79,6,Saturday,15,1130.56,1112.5,622,497.5,18.54,10.37,8.29,52
79,6,Saturday,16,1143.54,1160,619,534,19.33,10.32,8.9,52
79,6,Saturday,17,1131.27,1135,632,504,18.92,10.53,8.4,52
79,6,Saturday,18,1121.9,1058,603,457.5,17.63,10.05,7.62,52
79,6,Saturday,19,996.63,943.5,504.5,449,15.72,8.41,7.48,52
79,6,Saturday,20,809.81,754.5,370.5,396.5,12.57,6.18,6.61,52
79,6,Saturday,21,793.17,750.5,319,419,12.51,5.32,6.98,52
79,6,Saturday,22,902.75,789,282.5,483.5,13.15,4.71,8.06,52
79,6,Saturday,23,645.44,595,227,346,9.92,3.78,5.77,52
79,7,Sunday,0,352.5,337.5,142.5,182,5.62,2.38,3.03,52
79,7,Sunday,1,223.04,219,98,120.5,3.65,1.63,2.01,52
79,7,Sunday,2,160.06,157,73,83,2.62,1.22,1.38,51
79,7,Sunday,3,113.56,111,56.5,56,1.85,0.94,0.93,52
79,7,Sunday,4,81.44,78,41,41.5,1.3,0.68,0.69,52
79,7,Sunday,5,80.75,68,30,35,1.13,0.5,0.58,52
79,7,Sunday,6,101.37,80,42,35,1.33,0.7,0.58,52
79,7,Sunday,7,136.56,122.5,69,53.5,2.04,1.15,0.89,52
79,7,Sunday,8,202.44,181,108,73.5,3.02,1.8,1.23,52
79,7,Sunday,9,390.21,350.5,214,144.5,5.84,3.57,2.41,52
79,7,Sunday,10,623.71,585.5,356.5,231.5,9.76,5.94,3.86,52
79,7,Sunday,11,863.96,827,488.5,331,13.78,8.14,5.52,52
79,7,Sunday,12,968.63,908,526.5,380,15.13,8.78,6.33,52
79,7,Sunday,13,999.15,963,560.5,409,16.05,9.34,6.82,52
79,7,Sunday,14,1029.44,975.5,543,433.5,16.26,9.05,7.22,52
79,7,Sunday,15,978.65,942,516,419,15.7,8.6,6.98,52
79,7,Sunday,16,974.33,906.5,486,432,15.11,8.1,7.2,52
79,7,Sunday,17,836.17,781.5,405.5,366.5,13.03,6.76,6.11,52
79,7,Sunday,18,733.27,676.5,354,313,11.28,5.9,5.22,52
79,7,Sunday,19,573.65,516.5,263.5,251.5,8.61,4.39,4.19,52
79,7,Sunday,20,465.23,419,190.5,221.5,6.98,3.17,3.69,52
79,7,Sunday,21,441.63,363.5,150,217,6.06,2.5,3.62,52
79,7,Sunday,22,374.46,278.5,103,176,4.64,1.72,2.93,52
79,7,Sunday,23,283.37,184,70,122.5,3.07,1.17,2.04,52
84,1,Monday,0,142.21,119.5,57,57,1.99,0.95,0.95,52
84,1,Monday,1,76.75,67,32,36.5,1.12,0.53,0.61,52
84,1,Monday,2,46,42,20,21.5,0.7,0.33,0.36,52
84,1,Monday,3,39.13,34,17,17.5,0.57,0.28,0.29,52
84,1,Monday,4,35.73,33,12.5,22,0.55,0.21,0.37,52
84,1,Monday,5,72.29,71.5,42,30,1.19,0.7,0.5,52
84,1,Monday,6,271.81,282.5,188,93.5,4.71,3.13,1.56,52
84,1,Monday,7,681.33,699.5,513,188.5,11.66,8.55,3.14,52
84,1,Monday,8,1412.9,1453,1131.5,333.5,24.22,18.86,5.56,52
84,1,Monday,9,1159.35,1173,794,364,19.55,13.23,6.07,52
84,1,Monday,10,1179.52,1126.5,637.5,489,18.77,10.62,8.15,52
84,1,Monday,11,1420.08,1400.5,725,656,23.34,12.08,10.93,52
84,1,Monday,12,1969.15,1959.5,930.5,1041,32.66,15.51,17.35,52
84,1,Monday,13,2062.31,2026.5,929.5,1108,33.77,15.49,18.47,52
84,1,Monday,14,1884.94,1812,778,1048,30.2,12.97,17.47,52
84,1,Monday,15,1992.85,1975.5,800.5,1195.5,32.92,13.34,19.92,52
84,1,Monday,16,2247.25,2258.5,861.5,1386,37.64,14.36,23.1,52
84,1,Monday,17,2727,2794.5,947,1799,46.58,15.78,29.98,52
84,1,Monday,18,2086.04,2113.5,806,1305.5,35.23,13.43,21.76,52
84,1,Monday,19,1504.67,1522.5,608.5,907,25.38,10.14,15.12,52
84,1,Monday,20,1248.96,1216.5,519.5,708,20.27,8.66,11.8,52
84,1,Monday,21,1020.25,937.5,384.5,551,15.62,6.41,9.18,52
84,1,Monday,22,659.87,606.5,257,357,10.11,4.28,5.95,52
84,1,Monday,23,241.52,215.5,93.5,125.5,3.59,1.56,2.09,52
84,2,Tuesday,0,104.98,95.5,40.5,51.5,1.59,0.68,0.86,52
84,2,Tuesday,1,56.02,54,26.5,28.5,0.9,0.44,0.48,52
84,2,Tuesday,2,38.19,37,16.5,20,0.62,0.28,0.33,52
84,2,Tuesday,3,30.1,28,14,14,0.47,0.23,0.23,52
84,2,Tuesday,4,30.63,29.5,9,17.5,0.49,0.15,0.29,52
84,2,Tuesday,5,72.9,71.5,46.5,27,1.19,0.78,0.45,52
84,2,Tuesday,6,327.63,335.5,220,107.5,5.59,3.67,1.79,52
84,2,Tuesday,7,825.04,846,624.5,210.5,14.1,10.41,3.51,52
84,2,Tuesday,8,1742.92,1778.5,1372.5,369.5,29.64,22.88,6.16,52
84,2,Tuesday,9,1283.5,1266.5,888.5,376.5,21.11,14.81,6.28,52
84,2,Tuesday,10,1185.15,1154.5,662,486.5,19.24,11.03,8.11,52
84,2,Tuesday,11,1408.77,1384,709,671.5,23.07,11.82,11.19,52
84,2,Tuesday,12,2092.63,2095.5,1000.5,1103.5,34.92,16.68,18.39,52
84,2,Tuesday,13,2084.69,2093.5,938.5,1141,34.89,15.64,19.02,52
84,2,Tuesday,14,1887.33,1859,775.5,1084.5,30.98,12.93,18.08,52
84,2,Tuesday,15,2019.87,2018,800,1223,33.63,13.33,20.38,52
84,2,Tuesday,16,2371.94,2377.5,869,1512,39.62,14.48,25.2,52
84,2,Tuesday,17,3036.79,3075,1026,2074.5,51.25,17.1,34.58,52
84,2,Tuesday,18,2240.77,2278,857,1378,37.97,14.28,22.97,52
84,2,Tuesday,19,1607.75,1567,624.5,935.5,26.12,10.41,15.59,52
84,2,Tuesday,20,1314.29,1298.5,528,760.5,21.64,8.8,12.68,52
84,2,Tuesday,21,1103.23,1018,406,605.5,16.97,6.77,10.09,52
84,2,Tuesday,22,738.98,687.5,280,391.5,11.46,4.67,6.53,52
84,2,Tuesday,23,307.79,265,117,148,4.42,1.95,2.47,52
84,3,Wednesday,0,118.08,106,52,54.5,1.77,0.87,0.91,52
84,3,Wednesday,1,60.12,59,29,28.5,0.98,0.48,0.48,52
84,3,Wednesday,2,37.19,36.5,16,19,0.61,0.27,0.32,52
84,3,Wednesday,3,29.83,30,14,15,0.5,0.23,0.25,52
84,3,Wednesday,4,32.02,33,12,19,0.55,0.2,0.32,51
84,3,Wednesday,5,76.83,78.5,44.5,32.5,1.31,0.74,0.54,52
84,3,Wednesday,6,321.98,330,219,103,5.5,3.65,1.72,52
84,3,Wednesday,7,827.48,859.5,620.5,219.5,14.32,10.34,3.66,52
84,3,Wednesday,8,1727.92,1769,1374.5,379,29.48,22.91,6.32,52
84,3,Wednesday,9,1304.4,1317.5,915.5,384.5,21.96,15.26,6.41,52
84,3,Wednesday,10,1217.12,1200.5,688,517,20.01,11.47,8.62,52
84,3,Wednesday,11,1452.83,1457.5,744,688.5,24.29,12.4,11.47,52
84,3,Wednesday,12,2114.54,2111.5,1020,1092,35.19,17,18.2,52
84,3,Wednesday,13,2164.96,2172.5,1002,1162.5,36.21,16.7,19.38,52
84,3,Wednesday,14,1947.81,1949.5,822.5,1117.5,32.49,13.71,18.62,52
84,3,Wednesday,15,2073.98,2066,853,1237.5,34.43,14.22,20.62,52
84,3,Wednesday,16,2440.06,2455.5,903,1520,40.92,15.05,25.33,52
84,3,Wednesday,17,3072.79,3112,1063.5,2028,51.87,17.73,33.8,52
84,3,Wednesday,18,2301.98,2309.5,863,1456,38.49,14.38,24.27,52
84,3,Wednesday,19,1645.4,1601,609.5,998.5,26.68,10.16,16.64,52
84,3,Wednesday,20,1366.94,1350.5,557.5,789,22.51,9.29,13.15,52
84,3,Wednesday,21,1188.73,1100,419,679,18.33,6.98,11.32,52
84,3,Wednesday,22,907.37,771,318,453.5,12.85,5.3,7.56,52
84,3,Wednesday,23,442.92,306,133.5,168,5.1,2.22,2.8,52
84,4,Thursday,0,180.17,115,53,61,1.92,0.88,1.02,52
84,4,Thursday,1,97.4,64,29,33.5,1.07,0.48,0.56,52
84,4,Thursday,2,61,41,19.5,21,0.68,0.32,0.35,52
84,4,Thursday,3,45.67,32.5,15,17.5,0.54,0.25,0.29,52
84,4,Thursday,4,39.83,32.5,12,19.5,0.54,0.2,0.32,52
84,4,Thursday,5,80.4,82,48,31,1.37,0.8,0.52,52
84,4,Thursday,6,318.12,329,215,104.5,5.48,3.58,1.74,52
84,4,Thursday,7,799.29,842.5,616.5,215.5,14.04,10.28,3.59,52
84,4,Thursday,8,1720.87,1814.5,1422.5,383.5,30.24,23.71,6.39,52
84,4,Thursday,9,1339.02,1363,947,397.5,22.72,15.78,6.62,52
84,4,Thursday,10,1230.21,1223.5,712.5,526,20.39,11.88,8.77,52
84,4,Thursday,11,1453.19,1421,761.5,679,23.68,12.69,11.32,52
84,4,Thursday,12,2075.65,2085.5,1007.5,1093.5,34.76,16.79,18.23,52
84,4,Thursday,13,2112.6,2141.5,952.5,1193.5,35.69,15.88,19.89,52
84,4,Thursday,14,1940.04,1968,828.5,1131.5,32.8,13.81,18.86,52
84,4,Thursday,15,2104.88,2091,855,1248,34.85,14.25,20.8,52
84,4,Thursday,16,2397.85,2390.5,919.5,1506,39.84,15.32,25.1,52
84,4,Thursday,17,3084.77,3166.5,1122.5,2018,52.77,18.71,33.63,52
84,4,Thursday,18,2391.62,2450,933.5,1519,40.83,15.56,25.32,52
84,4,Thursday,19,1730.63,1710.5,674,1028.5,28.51,11.23,17.14,52
84,4,Thursday,20,1496.08,1473.5,574.5,867,24.56,9.57,14.45,52
84,4,Thursday,21,1296.75,1203.5,460.5,751,20.06,7.68,12.52,52
84,4,Thursday,22,909.38,868,351,495.5,14.47,5.85,8.26,52
84,4,Thursday,23,412.5,383,175,207,6.38,2.92,3.45,52
84,5,Friday,0,164.62,147,69,76,2.45,1.15,1.27,53
84,5,Friday,1,88.87,86,39,46,1.43,0.65,0.77,53
84,5,Friday,2,53.89,51,23,28,0.85,0.38,0.47,53
84,5,Friday,3,41.85,39,19,20,0.65,0.32,0.33,53
84,5,Friday,4,37.6,35,13,23,0.58,0.22,0.38,53
84,5,Friday,5,73.57,72,41,33,1.2,0.68,0.55,53
84,5,Friday,6,272.96,283,184,94,4.72,3.07,1.57,53
84,5,Friday,7,622.08,648,454,191,10.8,7.57,3.18,53
84,5,Friday,8,1335.53,1424,1043,341,23.73,17.38,5.68,53
84,5,Friday,9,1231.11,1244,841,398,20.73,14.02,6.63,53
84,5,Friday,10,1276.6,1239,703,542,20.65,11.72,9.03,53
84,5,Friday,11,1506.3,1457,759,700,24.28,12.65,11.67,53
84,5,Friday,12,1950.45,1954,912,1021,32.57,15.2,17.02,53
84,5,Friday,13,2036.75,2045,928,1100,34.08,15.47,18.33,53
84,5,Friday,14,2041.23,2046,867,1168,34.1,14.45,19.47,53
84,5,Friday,15,2213.06,2205,914,1282,36.75,15.23,21.37,53
84,5,Friday,16,2464,2453,1011,1446,40.88,16.85,24.1,53
84,5,Friday,17,2794.34,2809,1126,1668,46.82,18.77,27.8,53
84,5,Friday,18,2421.38,2433,1025,1383,40.55,17.08,23.05,53
84,5,Friday,19,1912.38,1870,808,1064,31.17,13.47,17.73,53
84,5,Friday,20,1736.68,1709,685,1007,28.48,11.42,16.78,53
84,5,Friday,21,1587.34,1520,616,901,25.33,10.27,15.02,53
84,5,Friday,22,1304.75,1249,552,702,20.82,9.2,11.7,53
84,5,Friday,23,775.09,711,310,389,11.85,5.17,6.48,53
84,6,Saturday,0,425.98,403,174,231,6.72,2.9,3.85,52
84,6,Saturday,1,261.15,244.5,105.5,141,4.08,1.76,2.35,52
84,6,Saturday,2,172.71,166,65.5,100,2.77,1.09,1.67,52
84,6,Saturday,3,121.42,113.5,43.5,70,1.89,0.72,1.17,52
84,6,Saturday,4,78.31,74,28.5,43,1.23,0.48,0.72,52
84,6,Saturday,5,59.44,54,26,28,0.9,0.43,0.47,52
84,6,Saturday,6,106.52,105,58,47,1.75,0.97,0.78,52
84,6,Saturday,7,285.5,274.5,151.5,122,4.58,2.52,2.03,52
84,6,Saturday,8,578.67,565.5,334.5,224.5,9.43,5.58,3.74,52
84,6,Saturday,9,1017.13,997.5,612,391,16.62,10.2,6.52,52
84,6,Saturday,10,1391.6,1372.5,798.5,592.5,22.88,13.31,9.88,52
84,6,Saturday,11,1732.9,1758,930,799,29.3,15.5,13.32,52
84,6,Saturday,12,2023.5,2063.5,1019,1032,34.39,16.98,17.2,52
84,6,Saturday,13,2194,2225,1044,1170.5,37.08,17.4,19.51,52
84,6,Saturday,14,2384.08,2402,1052,1341,40.03,17.53,22.35,52
84,6,Saturday,15,2479.5,2488,1048,1453,41.47,17.47,24.22,52
84,6,Saturday,16,2520.42,2565.5,1072,1493.5,42.76,17.87,24.89,52
84,6,Saturday,17,2379.35,2402,1055,1339,40.03,17.58,22.32,52
84,6,Saturday,18,2237.96,2232.5,975,1252,37.21,16.25,20.87,52
84,6,Saturday,19,2011.25,1985.5,874.5,1104,33.09,14.57,18.4,52
84,6,Saturday,20,1693.42,1669.5,739.5,902,27.82,12.32,15.03,52
84,6,Saturday,21,1525.48,1480,663,806,24.67,11.05,13.43,52
84,6,Saturday,22,1308.98,1261,582,666,21.02,9.7,11.1,52
84,6,Saturday,23,804.12,791,371,414.5,13.18,6.18,6.91,52
84,7,Sunday,0,498.33,483,215.5,276,8.05,3.59,4.6,52
84,7,Sunday,1,324.79,335,134,190.5,5.58,2.23,3.17,52
84,7,Sunday,2,227.08,227,81,140,3.78,1.35,2.33,51
84,7,Sunday,3,148.42,145.5,57,89,2.42,0.95,1.48,52
84,7,Sunday,4,103,101,41.5,60.5,1.68,0.69,1.01,52
84,7,Sunday,5,91.69,82.5,36.5,47.5,1.38,0.61,0.79,52
84,7,Sunday,6,124.73,120.5,59,59.5,2.01,0.98,0.99,52
84,7,Sunday,7,251.06,242,122.5,114.5,4.03,2.04,1.91,52
84,7,Sunday,8,436.02,432.5,234,190,7.21,3.9,3.17,52
84,7,Sunday,9,834.65,808.5,466,341.5,13.47,7.77,5.69,52
84,7,Sunday,10,1235.63,1206,695.5,525.5,20.1,11.59,8.76,52
84,7,Sunday,11,1582.38,1546,825.5,721,25.77,13.76,12.02,52
84,7,Sunday,12,1826.42,1773,885,881.5,29.55,14.75,14.69,52
84,7,Sunday,13,2001.88,1966.5,920,1082.5,32.77,15.33,18.04,52
84,7,Sunday,14,2143.96,2152,907,1254.5,35.87,15.12,20.91,52
84,7,Sunday,15,2173.12,2153,889,1300,35.88,14.82,21.67,52
84,7,Sunday,16,2154.5,2163.5,884,1264,36.06,14.73,21.07,52
84,7,Sunday,17,1993.56,1954.5,832,1118.5,32.58,13.87,18.64,52
84,7,Sunday,18,1782.33,1743.5,748.5,967,29.06,12.47,16.12,52
84,7,Sunday,19,1483.58,1467,601,848,24.45,10.02,14.13,52
84,7,Sunday,20,1216.46,1139.5,488,657,18.99,8.13,10.95,52
84,7,Sunday,21,1051.67,955.5,399.5,542.5,15.93,6.66,9.04,52
84,7,Sunday,22,699.6,571,259.5,327.5,9.52,4.32,5.46,52
84,7,Sunday,23,350.02,286.5,133,154.5,4.78,2.22,2.58,52
85,1,Monday,0,2.42,2,0,1,0.03,0,0.02,43
85,1,Monday,1,1.38,1,1,1,0.02,0.02,0.02,16
85,1,Monday,2,1.36,1,1,0.5,0.02,0.02,0.01,22
85,1,Monday,3,1.11,1,0,1,0.02,0,0.02,18
85,1,Monday,4,1.85,1.5,1,0,0.03,0.02,0,40
85,1,Monday,5,7.92,8,6,2,0.13,0.1,0.03,51
85,1,Monday,6,24.81,25.5,18,7,0.42,0.3,0.12,52
85,1,Monday,7,78.6,82,61,20.5,1.37,1.02,0.34,52
85,1,Monday,8,162.98,178,123,53.5,2.97,2.05,0.89,52
85,1,Monday,9,131.08,133,77,54,2.22,1.28,0.9,52
85,1,Monday,10,130.12,134,71,59,2.23,1.18,0.98,52
85,1,Monday,11,139.69,139,73,63.5,2.32,1.22,1.06,52
85,1,Monday,12,186.71,191.5,98.5,93,3.19,1.64,1.55,52
85,1,Monday,13,160.37,152,80,74.5,2.53,1.33,1.24,52
85,1,Monday,14,123.77,123.5,59,65,2.06,0.98,1.08,52
85,1,Monday,15,166.29,174.5,77,97,2.91,1.28,1.62,52
85,1,Monday,16,143.9,145.5,62,84,2.42,1.03,1.4,52
85,1,Monday,17,175.35,171,72.5,104.5,2.85,1.21,1.74,52
85,1,Monday,18,144.1,143,64,79.5,2.38,1.07,1.32,52
85,1,Monday,19,92.02,90.5,42,47,1.51,0.7,0.78,52
85,1,Monday,20,50.69,50.5,23.5,25,0.84,0.39,0.42,52
85,1,Monday,21,24.25,22,10,12.5,0.37,0.17,0.21,52
85,1,Monday,22,11.75,11.5,4,7,0.19,0.07,0.12,52
85,1,Monday,23,4.78,4,1,3,0.07,0.02,0.05,51
85,2,Tuesday,0,2.43,2,0,1,0.03,0,0.02,42
85,2,Tuesday,1,2,2,1,1,0.03,0.02,0.02,13
85,2,Tuesday,2,1.2,1,0,1,0.02,0,0.02,10
85,2,Tuesday,3,1.27,1,1,0,0.02,0.02,0,11
85,2,Tuesday,4,1.56,1,1,0,0.02,0.02,0,41
85,2,Tuesday,5,8.83,8,6,3,0.13,0.1,0.05,52
85,2,Tuesday,6,28.69,28,20.5,8,0.47,0.34,0.13,52
85,2,Tuesday,7,100.29,102,76.5,24.5,1.7,1.27,0.41,52
85,2,Tuesday,8,187.21,195.5,136,54.5,3.26,2.27,0.91,52
85,2,Tuesday,9,137.79,138.5,81,57,2.31,1.35,0.95,52
85,2,Tuesday,10,129.75,126.5,72.5,57,2.11,1.21,0.95,52
85,2,Tuesday,11,145.62,143,79.5,65,2.38,1.32,1.08,52
85,2,Tuesday,12,187.35,185,95,93,3.08,1.58,1.55,52
85,2,Tuesday,13,158.31,153.5,81,75.5,2.56,1.35,1.26,52
85,2,Tuesday,14,124.15,124.5,61.5,63,2.08,1.02,1.05,52
85,2,Tuesday,15,182.83,188,91.5,97.5,3.13,1.52,1.62,52
85,2,Tuesday,16,155.42,157,65.5,93,2.62,1.09,1.55,52
85,2,Tuesday,17,198.83,200.5,71,125,3.34,1.18,2.08,52
85,2,Tuesday,18,165.94,166,66.5,99,2.77,1.11,1.65,52
85,2,Tuesday,19,99.04,98.5,45.5,50.5,1.64,0.76,0.84,52
85,2,Tuesday,20,56.87,52.5,28,26,0.88,0.47,0.43,52
85,2,Tuesday,21,31.75,30.5,15,15,0.51,0.25,0.25,52
85,2,Tuesday,22,17.15,16,6,9.5,0.27,0.1,0.16,52
85,2,Tuesday,23,6.96,5.5,2,4,0.09,0.03,0.07,52
85,3,Wednesday,0,2.67,2,1,1,0.03,0.02,0.02,45
85,3,Wednesday,1,1.39,1,1,1,0.02,0.02,0.02,18
85,3,Wednesday,2,1.43,1,1,0.5,0.02,0.02,0.01,14
85,3,Wednesday,3,1.07,1,0.5,0.5,0.02,0.01,0.01,14
85,3,Wednesday,4,2.07,2,1,0,0.03,0.02,0,45
85,3,Wednesday,5,7.63,7.5,6,2,0.12,0.1,0.03,52
85,3,Wednesday,6,30.79,32,22.5,8,0.53,0.38,0.13,52
85,3,Wednesday,7,96.04,96,70,26,1.6,1.17,0.43,52
85,3,Wednesday,8,181.56,190.5,134.5,54.5,3.17,2.24,0.91,52
85,3,Wednesday,9,140.63,143.5,80.5,59,2.39,1.34,0.98,52
85,3,Wednesday,10,134.87,134,73,59.5,2.23,1.22,0.99,52
85,3,Wednesday,11,156.37,157,82.5,71.5,2.62,1.38,1.19,52
85,3,Wednesday,12,195.85,192,98,94,3.2,1.63,1.57,52
85,3,Wednesday,13,165.12,161,84,79,2.68,1.4,1.32,52
85,3,Wednesday,14,134.33,132,68.5,65.5,2.2,1.14,1.09,52
85,3,Wednesday,15,195.27,201,87.5,111,3.35,1.46,1.85,52
85,3,Wednesday,16,160.98,159,69.5,91.5,2.65,1.16,1.52,52
85,3,Wednesday,17,196.25,199,76,121,3.32,1.27,2.02,52
85,3,Wednesday,18,166.44,167,72,96,2.78,1.2,1.6,52
85,3,Wednesday,19,106.6,106,50,54,1.77,0.83,0.9,52
85,3,Wednesday,20,65.35,67,30.5,35,1.12,0.51,0.58,52
85,3,Wednesday,21,32.52,32.5,13,17.5,0.54,0.22,0.29,52
85,3,Wednesday,22,20.83,21,7,13,0.35,0.12,0.22,52
85,3,Wednesday,23,8.13,7,1,5,0.12,0.02,0.08,52
85,4,Thursday,0,3.13,2,0,2,0.03,0,0.03,47
85,4,Thursday,1,2.94,1,0,1,0.02,0,0.02,18
85,4,Thursday,2,2.8,1,1,0,0.02,0.02,0,15
85,4,Thursday,3,1,1,1,0,0.02,0.02,0,10
85,4,Thursday,4,1.79,2,1,0,0.03,0.02,0,39
85,4,Thursday,5,7.98,8,5.5,2,0.13,0.09,0.03,52
85,4,Thursday,6,29.02,29,20,9,0.48,0.33,0.15,52
85,4,Thursday,7,94.54,95.5,73,23,1.59,1.22,0.38,52
85,4,Thursday,8,188.79,200.5,138.5,58,3.34,2.31,0.97,52
85,4,Thursday,9,141.5,142.5,84,55.5,2.38,1.4,0.92,52
85,4,Thursday,10,131.63,130,72,58,2.17,1.2,0.97,52
85,4,Thursday,11,152.08,154,82,72,2.57,1.37,1.2,52
85,4,Thursday,12,191.83,192,99.5,93.5,3.2,1.66,1.56,52
85,4,Thursday,13,164.65,165,83,80,2.75,1.38,1.33,52
85,4,Thursday,14,135.56,134,66,69,2.23,1.1,1.15,52
85,4,Thursday,15,186.08,198,89,104,3.3,1.48,1.73,52
85,4,Thursday,16,159.44,163,69.5,93,2.72,1.16,1.55,52
85,4,Thursday,17,198.44,204.5,83,120.5,3.41,1.38,2.01,52
85,4,Thursday,18,171.94,173,75,99,2.88,1.25,1.65,52
85,4,Thursday,19,112.02,109,51,58.5,1.82,0.85,0.98,52
85,4,Thursday,20,69.75,70,37,33,1.17,0.62,0.55,52
85,4,Thursday,21,39.33,40,17.5,21.5,0.67,0.29,0.36,52
85,4,Thursday,22,25.08,22,8.5,14.5,0.37,0.14,0.24,52
85,4,Thursday,23,10.61,11,2,7,0.18,0.03,0.12,51
85,5,Friday,0,3.76,3,1,2,0.05,0.02,0.03,46
85,5,Friday,1,1.65,1,1,0.5,0.02,0.02,0.01,26
85,5,Friday,2,2.24,2,1,1,0.03,0.02,0.02,21
85,5,Friday,3,1.38,1,0,1,0.02,0,0.02,21
85,5,Friday,4,2.17,2,2,0,0.03,0.03,0,42
85,5,Friday,5,9.08,9,7,2,0.15,0.12,0.03,53
85,5,Friday,6,27.28,28,19,9,0.47,0.32,0.15,53
85,5,Friday,7,87.96,91,66,27,1.52,1.1,0.45,53
85,5,Friday,8,178.94,186,120,65,3.1,2,1.08,53
85,5,Friday,9,154.64,151,89,66,2.52,1.48,1.1,53
85,5,Friday,10,146.91,142,78,65,2.37,1.3,1.08,53
85,5,Friday,11,177.64,179,99,80,2.98,1.65,1.33,53
85,5,Friday,12,224.32,227,118,112,3.78,1.97,1.87,53
85,5,Friday,13,191.94,188,102,89,3.13,1.7,1.48,53
85,5,Friday,14,152.42,152,73,78,2.53,1.22,1.3,53
85,5,Friday,15,225.11,231,107,115,3.85,1.78,1.92,53
85,5,Friday,16,187.19,192,88,105,3.2,1.47,1.75,53
85,5,Friday,17,218.62,225,108,119,3.75,1.8,1.98,53
85,5,Friday,18,200.62,203,98,105,3.38,1.63,1.75,53
85,5,Friday,19,144.58,143,73,70,2.38,1.22,1.17,53
85,5,Friday,20,84.08,84,42,41,1.4,0.7,0.68,53
85,5,Friday,21,48.13,48,20,26,0.8,0.33,0.43,53
85,5,Friday,22,37.06,34,17,20,0.57,0.28,0.33,53
85,5,Friday,23,26.81,21,5,15,0.35,0.08,0.25,53
85,6,Saturday,0,9.02,8,2,6,0.13,0.03,0.1,51
85,6,Saturday,1,3.71,3,1,2,0.05,0.02,0.03,49
85,6,Saturday,2,2.62,2,1,1,0.03,0.02,0.02,37
85,6,Saturday,3,1.94,1,0,1,0.02,0,0.02,35
85,6,Saturday,4,2.67,2,1,1,0.03,0.02,0.02,33
85,6,Saturday,5,2.96,2,2,0,0.03,0.03,0,49
85,6,Saturday,6,10.31,10.5,7,3,0.17,0.12,0.05,52
85,6,Saturday,7,31.87,31,19,12,0.52,0.32,0.2,52
85,6,Saturday,8,86.85,90,52,38,1.5,0.87,0.63,52
85,6,Saturday,9,152.13,156,86,67,2.6,1.43,1.12,52
85,6,Saturday,10,217.9,214.5,116,98.5,3.58,1.93,1.64,52
85,6,Saturday,11,251.35,243,129.5,113,4.05,2.16,1.88,52
85,6,Saturday,12,244.13,247.5,129.5,121,4.12,2.16,2.02,52
85,6,Saturday,13,225.69,222.5,120,107,3.71,2,1.78,52
85,6,Saturday,14,194.42,197,99.5,99,3.28,1.66,1.65,52
85,6,Saturday,15,175.44,177,87,87.5,2.95,1.45,1.46,52
85,6,Saturday,16,176.6,186,90,89,3.1,1.5,1.48,52
85,6,Saturday,17,163.27,163,86,77.5,2.72,1.43,1.29,52
85,6,Saturday,18,152.29,156,79,73,2.6,1.32,1.22,52
85,6,Saturday,19,111.48,111.5,56,53,1.86,0.93,0.88,52
85,6,Saturday,20,71.04,66.5,34.5,36,1.11,0.58,0.6,52
85,6,Saturday,21,38.29,38.5,19,19,0.64,0.32,0.32,52
85,6,Saturday,22,35.37,34.5,12,21,0.58,0.2,0.35,52
85,6,Saturday,23,22.27,20.5,6,12.5,0.34,0.1,0.21,52
85,7,Sunday,0,9.58,8,2.5,5,0.13,0.04,0.08,52
85,7,Sunday,1,4.35,4,1,3,0.07,0.02,0.05,49
85,7,Sunday,2,2.93,2,0.5,2,0.03,0.01,0.03,44
85,7,Sunday,3,2.19,2,0,1,0.03,0,0.02,37
85,7,Sunday,4,2.1,2,1,1,0.03,0.02,0.02,31
85,7,Sunday,5,3.24,3,2,1,0.05,0.03,0.02,51
85,7,Sunday,6,6.41,6,4,2,0.1,0.07,0.03,51
85,7,Sunday,7,18.52,16.5,10.5,7,0.28,0.17,0.12,52
85,7,Sunday,8,74.15,73,39,32.5,1.22,0.65,0.54,52
85,7,Sunday,9,124.44,120.5,73,51.5,2.01,1.22,0.86,52
85,7,Sunday,10,181.81,181.5,99.5,79,3.02,1.66,1.32,52
85,7,Sunday,11,222.5,224,125,100,3.73,2.08,1.67,52
85,7,Sunday,12,204.29,206.5,106,98.5,3.44,1.77,1.64,52
85,7,Sunday,13,176.75,176.5,91.5,84,2.94,1.52,1.4,52
85,7,Sunday,14,161.17,160,83,73.5,2.67,1.38,1.23,52
85,7,Sunday,15,143.25,143.5,70.5,69.5,2.39,1.18,1.16,52
85,7,Sunday,16,128.23,127,63.5,64.5,2.12,1.06,1.07,52
85,7,Sunday,17,127.25,127,63,64,2.12,1.05,1.07,52
85,7,Sunday,18,107.08,105.5,53.5,52,1.76,0.89,0.87,52
85,7,Sunday,19,75.88,76,40,36,1.27,0.67,0.6,52
85,7,Sunday,20,44.65,43,20.5,21,0.72,0.34,0.35,52
85,7,Sunday,21,22.62,21,10,10.5,0.35,0.17,0.17,52
85,7,Sunday,22,13.21,12,5,7,0.2,0.08,0.12,52
85,7,Sunday,23,5.02,5,1,3,0.08,0.02,0.05,52
86,1,Monday,0,2.64,2,0,1,0.03,0,0.02,42
86,1,Monday,1,1.86,2,0,1,0.03,0,0.02,28
86,1,Monday,2,1.38,1,0,1,0.02,0,0.02,26
86,1,Monday,3,1.47,1,0,1,0.02,0,0.02,19
86,1,Monday,4,1.33,1,1,1,0.02,0.02,0.02,27
86,1,Monday,5,3.34,3,3,1,0.05,0.05,0.02,41
86,1,Monday,6,12.08,12.5,6,4,0.21,0.1,0.07,52
86,1,Monday,7,34.06,34,19,14,0.57,0.32,0.23,52
86,1,Monday,8,69.29,74,49,21.5,1.23,0.82,0.36,52
86,1,Monday,9,67.27,67,36,29,1.12,0.6,0.48,52
86,1,Monday,10,76.58,76.5,41.5,35,1.27,0.69,0.58,52
86,1,Monday,11,88.98,89.5,44,45,1.49,0.73,0.75,52
86,1,Monday,12,149.69,151.5,75,78,2.52,1.25,1.3,52
86,1,Monday,13,130.62,136,61,74,2.27,1.02,1.23,52
86,1,Monday,14,96.92,96.5,45,53,1.61,0.75,0.88,52
86,1,Monday,15,92.08,94,42,52.5,1.57,0.7,0.88,52
86,1,Monday,16,88.44,89,39,50.5,1.48,0.65,0.84,52
86,1,Monday,17,101.69,104,39.5,62.5,1.73,0.66,1.04,52
86,1,Monday,18,86.69,87,34,52.5,1.45,0.57,0.88,52
86,1,Monday,19,68.4,66.5,25.5,43,1.11,0.42,0.72,52
86,1,Monday,20,49.4,48,16,30.5,0.8,0.27,0.51,52
86,1,Monday,21,24.98,24,8,16,0.4,0.13,0.27,52
86,1,Monday,22,8.83,7,2,5,0.12,0.03,0.08,52
86,1,Monday,23,3.67,3,1,2,0.05,0.02,0.03,46
86,2,Tuesday,0,2.28,2,1,1.5,0.03,0.02,0.03,40
86,2,Tuesday,1,1.92,1,0,1,0.02,0,0.02,36
86,2,Tuesday,2,1.54,1,0,1,0.02,0,0.02,26
86,2,Tuesday,3,1.44,1,0,1,0.02,0,0.02,16
86,2,Tuesday,4,1.62,1,1,1,0.02,0.02,0.02,32
86,2,Tuesday,5,2.71,2,2,0,0.03,0.03,0,48
86,2,Tuesday,6,16.96,17,10,6,0.28,0.17,0.1,52
86,2,Tuesday,7,36.31,37.5,21.5,14,0.62,0.36,0.23,52
86,2,Tuesday,8,74.33,76.5,51.5,24.5,1.27,0.86,0.41,52
86,2,Tuesday,9,75.42,75.5,44,31,1.26,0.73,0.52,52
86,2,Tuesday,10,81.96,81.5,43.5,39,1.36,0.72,0.65,52
86,2,Tuesday,11,93.1,93,48,46.5,1.55,0.8,0.78,52
86,2,Tuesday,12,146.42,144.5,70,76,2.41,1.17,1.27,52
86,2,Tuesday,13,134.33,131,59,74.5,2.18,0.98,1.24,52
86,2,Tuesday,14,96.67,99,42,52,1.65,0.7,0.87,52
86,2,Tuesday,15,95.02,98,40.5,52.5,1.63,0.68,0.88,52
86,2,Tuesday,16,89.23,90.5,39,50,1.51,0.65,0.83,52
86,2,Tuesday,17,105.21,106,40.5,68,1.77,0.68,1.13,52
86,2,Tuesday,18,105.96,108,52,53.5,1.8,0.87,0.89,52
86,2,Tuesday,19,85.77,85.5,38,46,1.43,0.63,0.77,52
86,2,Tuesday,20,59.83,60,18.5,41,1,0.31,0.68,52
86,2,Tuesday,21,40.58,41,9,31.5,0.68,0.15,0.52,52
86,2,Tuesday,22,18.37,18,2,15,0.3,0.03,0.25,52
86,2,Tuesday,23,6.77,6,1,5,0.1,0.02,0.08,52
86,3,Wednesday,0,2.46,2,0,2,0.03,0,0.03,46
86,3,Wednesday,1,1.9,2,0,1,0.03,0,0.02,29
86,3,Wednesday,2,1.44,1,0,1,0.02,0,0.02,27
86,3,Wednesday,3,1.31,1,0,1,0.02,0,0.02,16
86,3,Wednesday,4,1.49,1,1,0,0.02,0.02,0,39
86,3,Wednesday,5,2.77,3,2,0.5,0.05,0.03,0.01,48
86,3,Wednesday,6,14.69,15,8.5,5,0.25,0.14,0.08,52
86,3,Wednesday,7,40.04,39,24,15,0.65,0.4,0.25,52
86,3,Wednesday,8,75.83,75.5,49.5,25,1.26,0.82,0.42,52
86,3,Wednesday,9,76.56,76.5,42,34,1.27,0.7,0.57,52
86,3,Wednesday,10,84.25,85,43,39,1.42,0.72,0.65,52
86,3,Wednesday,11,95.75,95.5,49,45,1.59,0.82,0.75,52
86,3,Wednesday,12,156.54,154.5,81,75,2.58,1.35,1.25,52
86,3,Wednesday,13,138.6,134,61,74.5,2.23,1.02,1.24,52
86,3,Wednesday,14,100.1,98.5,43.5,57.5,1.64,0.72,0.96,52
86,3,Wednesday,15,94.21,91,41.5,53.5,1.52,0.69,0.89,52
86,3,Wednesday,16,91.81,90,40,51,1.5,0.67,0.85,52
86,3,Wednesday,17,111.15,109,44,67,1.82,0.73,1.12,52
86,3,Wednesday,18,113.15,121,56,62.5,2.02,0.93,1.04,52
86,3,Wednesday,19,86.4,84.5,35,48,1.41,0.58,0.8,52
86,3,Wednesday,20,67.98,66,21.5,43.5,1.1,0.36,0.72,52
86,3,Wednesday,21,44.21,43,11.5,30.5,0.72,0.19,0.51,52
86,3,Wednesday,22,21.82,22,3,18,0.37,0.05,0.3,51
86,3,Wednesday,23,5.54,5,1,4,0.08,0.02,0.07,50
86,4,Thursday,0,3.15,2,0,2,0.03,0,0.03,34
86,4,Thursday,1,2.53,2,0,2,0.03,0,0.03,38
86,4,Thursday,2,1.68,1,0,1,0.02,0,0.02,28
86,4,Thursday,3,1.53,1,0,1,0.02,0,0.02,19
86,4,Thursday,4,1.6,1,1,0,0.02,0.02,0,25
86,4,Thursday,5,2.85,2,2,0,0.03,0.03,0,47
86,4,Thursday,6,14.48,13.5,8,5,0.22,0.13,0.08,52
86,4,Thursday,7,37.65,37,22,15.5,0.62,0.37,0.26,52
86,4,Thursday,8,73.46,76.5,48.5,27,1.27,0.81,0.45,52
86,4,Thursday,9,72,71,39.5,32.5,1.18,0.66,0.54,52
86,4,Thursday,10,79.38,84.5,41,40,1.41,0.68,0.67,52
86,4,Thursday,11,94.15,95.5,48.5,46.5,1.59,0.81,0.78,52
86,4,Thursday,12,153.98,158.5,81,76,2.64,1.35,1.27,52
86,4,Thursday,13,140.5,141.5,59.5,80,2.36,0.99,1.33,52
86,4,Thursday,14,99.73,103,43,59,1.72,0.72,0.98,52
86,4,Thursday,15,98.1,100,45,55,1.67,0.75,0.92,52
86,4,Thursday,16,92.35,93,43,48.5,1.55,0.72,0.81,52
86,4,Thursday,17,108.08,107.5,45.5,62,1.79,0.76,1.03,52
86,4,Thursday,18,110.02,110,53,58,1.83,0.88,0.97,52
86,4,Thursday,19,92.1,94.5,41,50,1.57,0.68,0.83,52
86,4,Thursday,20,69.1,67,19.5,45,1.12,0.32,0.75,52
86,4,Thursday,21,40.27,39.5,9,31,0.66,0.15,0.52,52
86,4,Thursday,22,23.94,24,4,20,0.4,0.07,0.33,52
86,4,Thursday,23,7.04,5,1,4,0.08,0.02,0.07,49
86,5,Friday,0,3.14,3,0,2,0.05,0,0.03,44
86,5,Friday,1,2.46,2,0,2,0.03,0,0.03,39
86,5,Friday,2,1.72,1,0,1,0.02,0,0.02,32
86,5,Friday,3,1.27,1,0,1,0.02,0,0.02,26
86,5,Friday,4,1.5,1,1,0.5,0.02,0.02,0.01,34
86,5,Friday,5,2.89,3,1,1,0.05,0.02,0.02,47
86,5,Friday,6,13.25,14,8,5,0.23,0.13,0.08,53
86,5,Friday,7,39.09,39,23,16,0.65,0.38,0.27,53
86,5,Friday,8,78.06,80,50,30,1.33,0.83,0.5,53
86,5,Friday,9,85.15,84,46,39,1.4,0.77,0.65,53
86,5,Friday,10,91.43,92,48,43,1.53,0.8,0.72,53
86,5,Friday,11,103.3,101,55,48,1.68,0.92,0.8,53
86,5,Friday,12,145.32,146,80,67,2.43,1.33,1.12,53
86,5,Friday,13,141.04,143,66,78,2.38,1.1,1.3,53
86,5,Friday,14,107.26,109,47,60,1.82,0.78,1,53
86,5,Friday,15,105.11,103,45,55,1.72,0.75,0.92,53
86,5,Friday,16,102.94,106,47,56,1.77,0.78,0.93,53
86,5,Friday,17,109.91,111,48,65,1.85,0.8,1.08,53
86,5,Friday,18,117.7,120,61,56,2,1.02,0.93,53
86,5,Friday,19,97.7,97,44,50,1.62,0.73,0.83,53
86,5,Friday,20,84.4,82,27,55,1.37,0.45,0.92,53
86,5,Friday,21,54.83,54,13,40,0.9,0.22,0.67,53
86,5,Friday,22,33.75,32,5,27,0.53,0.08,0.45,53
86,5,Friday,23,13.6,10,1,9,0.17,0.02,0.15,53
86,6,Saturday,0,5.92,5,0,4,0.08,0,0.07,51
86,6,Saturday,1,3.02,2,0,2,0.03,0,0.03,47
86,6,Saturday,2,2.23,1,0,1,0.02,0,0.02,39
86,6,Saturday,3,1.83,1,0,1,0.02,0,0.02,35
86,6,Saturday,4,1.52,1,0,1,0.02,0,0.02,23
86,6,Saturday,5,1.91,1,0,1,0.02,0,0.02,32
86,6,Saturday,6,4.48,4,2,2,0.07,0.03,0.03,48
86,6,Saturday,7,22.29,22,14,8,0.37,0.23,0.13,52
86,6,Saturday,8,52.33,50.5,31.5,19,0.84,0.52,0.32,52
86,6,Saturday,9,87.96,85.5,48,40,1.43,0.8,0.67,52
86,6,Saturday,10,128.88,128,67,59.5,2.13,1.12,0.99,52
86,6,Saturday,11,148.71,147.5,76.5,70.5,2.46,1.27,1.18,52
86,6,Saturday,12,146.71,149.5,75.5,71.5,2.49,1.26,1.19,52
86,6,Saturday,13,135.56,139,68.5,69,2.32,1.14,1.15,52
86,6,Saturday,14,122.44,115.5,54,64.5,1.93,0.9,1.07,52
86,6,Saturday,15,111.83,107,46,60,1.78,0.77,1,52
86,6,Saturday,16,94.63,94,42,49,1.57,0.7,0.82,52
86,6,Saturday,17,90.52,85.5,43.5,41.5,1.43,0.72,0.69,52
86,6,Saturday,18,102.52,98.5,55.5,42,1.64,0.92,0.7,52
86,6,Saturday,19,93.85,91,43,45,1.52,0.72,0.75,52
86,6,Saturday,20,77.98,78.5,27,50.5,1.31,0.45,0.84,52
86,6,Saturday,21,49.77,48,14,34,0.8,0.23,0.57,52
86,6,Saturday,22,31.79,31.5,5,23.5,0.52,0.08,0.39,52
86,6,Saturday,23,18.83,17,1.5,14.5,0.28,0.03,0.24,52
86,7,Sunday,0,5.78,5,0,4,0.08,0,0.07,49
86,7,Sunday,1,2.94,2,0,2,0.03,0,0.03,47
86,7,Sunday,2,2.66,2,0,2,0.03,0,0.03,32
86,7,Sunday,3,1.57,1,0,1,0.02,0,0.02,30
86,7,Sunday,4,1.55,1,0,1,0.02,0,0.02,33
86,7,Sunday,5,1.88,2,0,1,0.03,0,0.02,33
86,7,Sunday,6,5.16,5,1,3,0.08,0.02,0.05,49
86,7,Sunday,7,14.37,13,8,5,0.22,0.13,0.08,52
86,7,Sunday,8,38.69,38.5,22.5,15.5,0.64,0.38,0.26,52
86,7,Sunday,9,70.65,67,36.5,29,1.12,0.61,0.48,52
86,7,Sunday,10,86.06,86,45.5,41,1.43,0.76,0.68,52
86,7,Sunday,11,105.38,107.5,55.5,51,1.79,0.92,0.85,52
86,7,Sunday,12,113.5,116,61.5,49,1.93,1.02,0.82,52
86,7,Sunday,13,107.13,111,51,61.5,1.85,0.85,1.02,52
86,7,Sunday,14,111.38,110.5,49.5,60.5,1.84,0.82,1.01,52
86,7,Sunday,15,100.63,94.5,42,51.5,1.57,0.7,0.86,52
86,7,Sunday,16,82.19,82.5,37,44.5,1.38,0.62,0.74,52
86,7,Sunday,17,71.08,70.5,32.5,37.5,1.18,0.54,0.62,52
86,7,Sunday,18,75.75,71.5,31,39,1.19,0.52,0.65,52
86,7,Sunday,19,64.12,62.5,23,39.5,1.04,0.38,0.66,52
86,7,Sunday,20,44.29,42.5,14,28,0.71,0.23,0.47,52
86,7,Sunday,21,28.19,26.5,8,19,0.44,0.13,0.32,52
86,7,Sunday,22,10.87,9.5,2,7,0.16,0.03,0.12,52
86,7,Sunday,23,4.59,4,1,2,0.07,0.02,0.03,49
87,1,Monday,0,5.54,5,2,2,0.08,0.03,0.03,50
87,1,Monday,1,2.69,2,1,1,0.03,0.02,0.02,49
87,1,Monday,2,2.8,2,1,1,0.03,0.02,0.02,40
87,1,Monday,3,1.73,1,1,1,0.02,0.02,0.02,37
87,1,Monday,4,8.7,8,4,4,0.13,0.07,0.07,50
87,1,Monday,5,6.62,6,5,1,0.1,0.08,0.02,52
87,1,Monday,6,19.52,20,12,8,0.33,0.2,0.13,52
87,1,Monday,7,46.94,47,26,22,0.78,0.43,0.37,52
87,1,Monday,8,115.87,121.5,76,45.5,2.02,1.27,0.76,52
87,1,Monday,9,110.13,110,58.5,52,1.83,0.98,0.87,52
87,1,Monday,10,158.06,149,74.5,74,2.48,1.24,1.23,52
87,1,Monday,11,165.62,167.5,83.5,81.5,2.79,1.39,1.36,52
87,1,Monday,12,282.29,284,148.5,134.5,4.73,2.48,2.24,52
87,1,Monday,13,234.5,235.5,111.5,123.5,3.92,1.86,2.06,52
87,1,Monday,14,170.75,163,79.5,84.5,2.72,1.32,1.41,52
87,1,Monday,15,174.79,174,81,93,2.9,1.35,1.55,52
87,1,Monday,16,181.08,185,93.5,91.5,3.08,1.56,1.52,52
87,1,Monday,17,197.5,197.5,104.5,95,3.29,1.74,1.58,52
87,1,Monday,18,191.79,188.5,99.5,91,3.14,1.66,1.52,52
87,1,Monday,19,150.38,144.5,71,75,2.41,1.18,1.25,52
87,1,Monday,20,98.69,95.5,48,48,1.59,0.8,0.8,52
87,1,Monday,21,40.96,37,15,23,0.62,0.25,0.38,52
87,1,Monday,22,22.25,21,7,13,0.35,0.12,0.22,52
87,1,Monday,23,10.46,9,3,6,0.15,0.05,0.1,52
87,2,Tuesday,0,5,4,2,2,0.07,0.03,0.03,50
87,2,Tuesday,1,3.5,3,2,1,0.05,0.03,0.02,36
87,2,Tuesday,2,2.71,2,1,1,0.03,0.02,0.02,31
87,2,Tuesday,3,2.05,2,1,1,0.03,0.02,0.02,39
87,2,Tuesday,4,5.06,4,2,1,0.07,0.03,0.02,47
87,2,Tuesday,5,10.67,10,5.5,4,0.17,0.09,0.07,52
87,2,Tuesday,6,26.6,25.5,16,9.5,0.42,0.27,0.16,52
87,2,Tuesday,7,55.13,56,30,26,0.93,0.5,0.43,52
87,2,Tuesday,8,127.96,130,78.5,54,2.17,1.31,0.9,52
87,2,Tuesday,9,110.75,109.5,57.5,53,1.82,0.96,0.88,52
87,2,Tuesday,10,171.19,158.5,81.5,79.5,2.64,1.36,1.32,52
87,2,Tuesday,11,171.23,170,88,82,2.83,1.47,1.37,52
87,2,Tuesday,12,288.4,286,148.5,139.5,4.77,2.48,2.33,52
87,2,Tuesday,13,233.62,237.5,113,123.5,3.96,1.88,2.06,52
87,2,Tuesday,14,182.87,183,91.5,95,3.05,1.52,1.58,52
87,2,Tuesday,15,173.92,177.5,78,97.5,2.96,1.3,1.62,52
87,2,Tuesday,16,168.21,171,84,89,2.85,1.4,1.48,52
87,2,Tuesday,17,204.71,209,112,95.5,3.48,1.87,1.59,52
87,2,Tuesday,18,230.42,228,127,101.5,3.8,2.12,1.69,52
87,2,Tuesday,19,193.63,186,101.5,89,3.1,1.69,1.48,52
87,2,Tuesday,20,124.52,124.5,56.5,65,2.08,0.94,1.08,52
87,2,Tuesday,21,70.1,68.5,28.5,41.5,1.14,0.48,0.69,52
87,2,Tuesday,22,34.13,33,13,20,0.55,0.22,0.33,52
87,2,Tuesday,23,15.77,14,4,9,0.23,0.07,0.15,52
87,3,Wednesday,0,5.42,5,2,2,0.08,0.03,0.03,52
87,3,Wednesday,1,4.54,4,2,2,0.07,0.03,0.03,46
87,3,Wednesday,2,3.54,3,2,1,0.05,0.03,0.02,37
87,3,Wednesday,3,1.89,2,1,0,0.03,0.02,0,38
87,3,Wednesday,4,7.85,8,5,3,0.13,0.08,0.05,46
87,3,Wednesday,5,11.46,11.5,7,4,0.19,0.12,0.07,52
87,3,Wednesday,6,25.65,24.5,16,9,0.41,0.27,0.15,52
87,3,Wednesday,7,55.73,53.5,29.5,24.5,0.89,0.49,0.41,52
87,3,Wednesday,8,136.29,138.5,86,56,2.31,1.43,0.93,52
87,3,Wednesday,9,122.19,121,62,59,2.02,1.03,0.98,52
87,3,Wednesday,10,187.4,180.5,88,89,3.01,1.47,1.48,52
87,3,Wednesday,11,178.44,177,89,88,2.95,1.48,1.47,52
87,3,Wednesday,12,318.96,322,161.5,157,5.37,2.69,2.62,52
87,3,Wednesday,13,251.63,256.5,121,132.5,4.28,2.02,2.21,52
87,3,Wednesday,14,191.71,188,90.5,97.5,3.13,1.51,1.62,52
87,3,Wednesday,15,178.96,176,84.5,96.5,2.93,1.41,1.61,52
87,3,Wednesday,16,180.98,186.5,89.5,94,3.11,1.49,1.57,52
87,3,Wednesday,17,214.15,215.5,114.5,103,3.59,1.91,1.72,52
87,3,Wednesday,18,240.42,249,130.5,119,4.15,2.17,1.98,52
87,3,Wednesday,19,190.44,183,92.5,93,3.05,1.54,1.55,52
87,3,Wednesday,20,138.81,141.5,67,69,2.36,1.12,1.15,52
87,3,Wednesday,21,68.63,65,35.5,33.5,1.08,0.59,0.56,52
87,3,Wednesday,22,34.48,33,12,21,0.55,0.2,0.35,52
87,3,Wednesday,23,16.92,15,5.5,9,0.25,0.09,0.15,52
87,4,Thursday,0,6.96,5,2,2,0.08,0.03,0.03,51
87,4,Thursday,1,4.14,3,2,1,0.05,0.03,0.02,44
87,4,Thursday,2,3.09,2,1,1,0.03,0.02,0.02,33
87,4,Thursday,3,2.25,2,1,1,0.03,0.02,0.02,44
87,4,Thursday,4,4.83,3.5,2.5,1,0.06,0.04,0.02,48
87,4,Thursday,5,8.48,8,5,3,0.13,0.08,0.05,52
87,4,Thursday,6,24.08,23,14,9.5,0.38,0.23,0.16,52
87,4,Thursday,7,55.29,56.5,31.5,25,0.94,0.52,0.42,52
87,4,Thursday,8,130.27,137,84,55,2.28,1.4,0.92,52
87,4,Thursday,9,113.52,114.5,58.5,52.5,1.91,0.98,0.88,52
87,4,Thursday,10,171.58,157.5,79,81.5,2.62,1.32,1.36,52
87,4,Thursday,11,170.46,169,85,86.5,2.82,1.42,1.44,52
87,4,Thursday,12,289.85,292.5,145.5,148,4.88,2.42,2.47,52
87,4,Thursday,13,239.25,245,115.5,130.5,4.08,1.93,2.17,52
87,4,Thursday,14,185.69,186,94.5,97,3.1,1.57,1.62,52
87,4,Thursday,15,181.56,184.5,83.5,99,3.08,1.39,1.65,52
87,4,Thursday,16,180.92,184,87,94.5,3.07,1.45,1.57,52
87,4,Thursday,17,219.21,224.5,113,108,3.74,1.88,1.8,52
87,4,Thursday,18,243,250.5,133.5,112.5,4.18,2.22,1.88,52
87,4,Thursday,19,199.06,198,100.5,96,3.3,1.68,1.6,52
87,4,Thursday,20,144.02,138.5,66,67.5,2.31,1.1,1.12,52
87,4,Thursday,21,70.06,69,32,35.5,1.15,0.53,0.59,52
87,4,Thursday,22,41.77,40,19,20.5,0.67,0.32,0.34,52
87,4,Thursday,23,23.92,22,7,13,0.37,0.12,0.22,52
87,5,Friday,0,7.64,7,3,4,0.12,0.05,0.07,53
87,5,Friday,1,3.51,3,2,1,0.05,0.03,0.02,51
87,5,Friday,2,2.86,3,1,1,0.05,0.02,0.02,35
87,5,Friday,3,2.1,2,1,0,0.03,0.02,0,41
87,5,Friday,4,3.85,2,2,1,0.03,0.03,0.02,41
87,5,Friday,5,10.51,10,7,4,0.17,0.12,0.07,53
87,5,Friday,6,21.04,21,13,8,0.35,0.22,0.13,53
87,5,Friday,7,52.02,52,30,21,0.87,0.5,0.35,53
87,5,Friday,8,128.94,134,85,52,2.23,1.42,0.87,53
87,5,Friday,9,120.43,119,62,59,1.98,1.03,0.98,53
87,5,Friday,10,161.83,159,81,77,2.65,1.35,1.28,53
87,5,Friday,11,183.08,180,94,92,3,1.57,1.53,53
87,5,Friday,12,289.28,288,145,144,4.8,2.42,2.4,53
87,5,Friday,13,242.11,243,115,128,4.05,1.92,2.13,53
87,5,Friday,14,179.49,180,88,90,3,1.47,1.5,53
87,5,Friday,15,196.94,202,90,106,3.37,1.5,1.77,53
87,5,Friday,16,202.4,204,102,105,3.4,1.7,1.75,53
87,5,Friday,17,240.64,241,128,114,4.02,2.13,1.9,53
87,5,Friday,18,291.23,295,150,149,4.92,2.5,2.48,53
87,5,Friday,19,245.13,251,122,120,4.18,2.03,2,53
87,5,Friday,20,194.13,188,97,96,3.13,1.62,1.6,53
87,5,Friday,21,113.43,107,54,57,1.78,0.9,0.95,53
87,5,Friday,22,71.75,68,31,36,1.13,0.52,0.6,53
87,5,Friday,23,46.19,44,16,28,0.73,0.27,0.47,53
87,6,Saturday,0,21.21,19,7,12.5,0.32,0.12,0.21,52
87,6,Saturday,1,8.17,7,3.5,3,0.12,0.06,0.05,52
87,6,Saturday,2,4.6,4,2,1,0.07,0.03,0.02,50
87,6,Saturday,3,3.62,3.5,1,1,0.06,0.02,0.02,42
87,6,Saturday,4,2.09,2,1,1,0.03,0.02,0.02,34
87,6,Saturday,5,8.43,7,4,4,0.12,0.07,0.07,51
87,6,Saturday,6,12.48,12,8,4,0.2,0.13,0.07,52
87,6,Saturday,7,25.37,24,14,10,0.4,0.23,0.17,52
87,6,Saturday,8,68.65,66,38.5,29,1.1,0.64,0.48,52
87,6,Saturday,9,144.35,141.5,72.5,70,2.36,1.21,1.17,52
87,6,Saturday,10,212.71,216,104,110.5,3.6,1.73,1.84,52
87,6,Saturday,11,260.4,263,124.5,138.5,4.38,2.08,2.31,52
87,6,Saturday,12,278.69,275.5,126,150.5,4.59,2.1,2.51,52
87,6,Saturday,13,259.6,256.5,119.5,136,4.28,1.99,2.27,52
87,6,Saturday,14,233.96,226.5,111,120,3.78,1.85,2,52
87,6,Saturday,15,209.56,206,103.5,100,3.43,1.73,1.67,52
87,6,Saturday,16,194.02,189,91.5,96,3.15,1.52,1.6,52
87,6,Saturday,17,207.96,204,103.5,98,3.4,1.73,1.63,52
87,6,Saturday,18,247.06,237,120,114.5,3.95,2,1.91,52
87,6,Saturday,19,206.88,201.5,105.5,96.5,3.36,1.76,1.61,52
87,6,Saturday,20,165.46,158.5,81,76.5,2.64,1.35,1.27,52
87,6,Saturday,21,97.38,95,47.5,51,1.58,0.79,0.85,52
87,6,Saturday,22,63.33,65,31,30.5,1.08,0.52,0.51,52
87,6,Saturday,23,44.13,46,15,24,0.77,0.25,0.4,52
87,7,Sunday,0,19.73,19,6,11,0.32,0.1,0.18,52
87,7,Sunday,1,8.4,7,3,3.5,0.12,0.05,0.06,52
87,7,Sunday,2,3.66,3,2,1,0.05,0.03,0.02,47
87,7,Sunday,3,3.5,3,2,1,0.05,0.03,0.02,44
87,7,Sunday,4,2.93,3,2,1,0.05,0.03,0.02,45
87,7,Sunday,5,4.2,3,2,1,0.05,0.03,0.02,49
87,7,Sunday,6,9.83,9,6,3,0.15,0.1,0.05,52
87,7,Sunday,7,18.21,17,9,8,0.28,0.15,0.13,52
87,7,Sunday,8,46.06,46,23,22,0.77,0.38,0.37,52
87,7,Sunday,9,103.33,104.5,47,54.5,1.74,0.78,0.91,52
87,7,Sunday,10,151.94,150,74.5,76.5,2.5,1.24,1.27,52
87,7,Sunday,11,194.5,199.5,93,104.5,3.33,1.55,1.74,52
87,7,Sunday,12,211.13,217,104,110.5,3.62,1.73,1.84,52
87,7,Sunday,13,200.83,203.5,96,104.5,3.39,1.6,1.74,52
87,7,Sunday,14,182.94,178.5,82,95,2.98,1.37,1.58,52
87,7,Sunday,15,173.81,175,85.5,87.5,2.92,1.43,1.46,52
87,7,Sunday,16,160.67,154.5,78.5,79.5,2.58,1.31,1.32,52
87,7,Sunday,17,156.73,157.5,82.5,73,2.62,1.38,1.22,52
87,7,Sunday,18,168.79,172,87,84,2.87,1.45,1.4,52
87,7,Sunday,19,122.87,121.5,60,63,2.02,1,1.05,52
87,7,Sunday,20,80.08,76.5,37.5,38,1.27,0.62,0.63,52
87,7,Sunday,21,41.71,36.5,17,20,0.61,0.28,0.33,52
87,7,Sunday,22,23.73,22.5,8,13.5,0.38,0.13,0.22,52
87,7,Sunday,23,12.48,9.5,4,6,0.16,0.07,0.1,52
107,1,Monday,0,30.62,29,17,12,0.48,0.28,0.2,52
107,1,Monday,1,16.21,15,8,7,0.25,0.13,0.12,52
107,1,Monday,2,11.13,10.5,5,4.5,0.17,0.08,0.07,52
107,1,Monday,3,5.3,4,2,2,0.07,0.03,0.03,50
107,1,Monday,4,5.92,6,3,3,0.1,0.05,0.05,51
107,1,Monday,5,14.19,14,5,9,0.23,0.08,0.15,52
107,1,Monday,6,34.81,34.5,13,21,0.58,0.22,0.35,52
107,1,Monday,7,104.52,110,26,82,1.83,0.43,1.37,52
107,1,Monday,8,269.46,293.5,66,226,4.89,1.1,3.77,52
107,1,Monday,9,228.71,237.5,69,166,3.96,1.15,2.77,52
107,1,Monday,10,206.29,202.5,77,123.5,3.38,1.28,2.06,52
107,1,Monday,11,222.06,219.5,100,123,3.66,1.67,2.05,52
107,1,Monday,12,305.79,312.5,159.5,156,5.21,2.66,2.6,52
107,1,Monday,13,379.92,406,196.5,203.5,6.77,3.28,3.39,52
107,1,Monday,14,245.48,247,121,124.5,4.12,2.02,2.08,52
107,1,Monday,15,211.42,220,118,99.5,3.67,1.97,1.66,52
107,1,Monday,16,236.42,250,141.5,105,4.17,2.36,1.75,52
107,1,Monday,17,293.23,312.5,178,126,5.21,2.97,2.1,52
107,1,Monday,18,216.87,224,111,114.5,3.73,1.85,1.91,52
107,1,Monday,19,160.33,164,82.5,77,2.73,1.38,1.28,52
107,1,Monday,20,137.65,145.5,80.5,60.5,2.42,1.34,1.01,52
107,1,Monday,21,102.15,104,61,44,1.73,1.02,0.73,52
107,1,Monday,22,72.25,74.5,43.5,31,1.24,0.72,0.52,52
107,1,Monday,23,40.56,40.5,22.5,17,0.68,0.38,0.28,52
107,2,Tuesday,0,23.69,21.5,13.5,9,0.36,0.22,0.15,52
107,2,Tuesday,1,13.16,12,6,5,0.2,0.1,0.08,51
107,2,Tuesday,2,8.1,7.5,4,3.5,0.12,0.07,0.06,52
107,2,Tuesday,3,3.78,3,1,2,0.05,0.02,0.03,50
107,2,Tuesday,4,3.84,3,2,2,0.05,0.03,0.03,51
107,2,Tuesday,5,13.46,13,5,8,0.22,0.08,0.13,52
107,2,Tuesday,6,40.92,41,17,23.5,0.68,0.28,0.39,52
107,2,Tuesday,7,117.98,117,31.5,87,1.95,0.52,1.45,52
107,2,Tuesday,8,298.52,314,77,240.5,5.23,1.28,4.01,52
107,2,Tuesday,9,271.63,276.5,91.5,183.5,4.61,1.52,3.06,52
107,2,Tuesday,10,233.85,236,98.5,133.5,3.93,1.64,2.22,52
107,2,Tuesday,11,258.42,246,113.5,127,4.1,1.89,2.12,52
107,2,Tuesday,12,381.52,391.5,201,187,6.53,3.35,3.12,52
107,2,Tuesday,13,454.25,486.5,227.5,248.5,8.11,3.79,4.14,52
107,2,Tuesday,14,282.35,289,134.5,154,4.82,2.24,2.57,52
107,2,Tuesday,15,241.98,243.5,128,113.5,4.06,2.13,1.89,52
107,2,Tuesday,16,262.04,279,156,116,4.65,2.6,1.93,52
107,2,Tuesday,17,343.35,356,217,141,5.93,3.62,2.35,51
107,2,Tuesday,18,241.82,248,126,125,4.13,2.1,2.08,51
107,2,Tuesday,19,173.02,178,87,87,2.97,1.45,1.45,51
107,2,Tuesday,20,147.2,155,79,71,2.58,1.32,1.18,51
107,2,Tuesday,21,107.1,109,62,44,1.82,1.03,0.73,51
107,2,Tuesday,22,74.76,77,43,32,1.28,0.72,0.53,51
107,2,Tuesday,23,44.29,43,24,18,0.72,0.4,0.3,51
107,3,Wednesday,0,22.88,23,12,9,0.38,0.2,0.15,51
107,3,Wednesday,1,13.53,13,7,5,0.22,0.12,0.08,51
107,3,Wednesday,2,8.84,7.5,4,3,0.12,0.07,0.05,50
107,3,Wednesday,3,5.84,4,2,1,0.07,0.03,0.02,49
107,3,Wednesday,4,4.74,4,2,2,0.07,0.03,0.03,50
107,3,Wednesday,5,15.06,15,6,9,0.25,0.1,0.15,51
107,3,Wednesday,6,45.18,44,18,26.5,0.73,0.3,0.44,50
107,3,Wednesday,7,124.76,126.5,31,92,2.11,0.52,1.53,50
107,3,Wednesday,8,308.88,313,68,247,5.22,1.13,4.12,51
107,3,Wednesday,9,270.14,274,75,196,4.57,1.25,3.27,51
107,3,Wednesday,10,217.04,223,87,131,3.72,1.45,2.18,51
107,3,Wednesday,11,230.22,228,103,122,3.8,1.72,2.03,51
107,3,Wednesday,12,340.57,337,163,172,5.62,2.72,2.87,51
107,3,Wednesday,13,411.53,415,199,212,6.92,3.32,3.53,51
107,3,Wednesday,14,268.92,272,136.5,132.5,4.53,2.28,2.21,52
107,3,Wednesday,15,232.12,229,127.5,102,3.82,2.12,1.7,52
107,3,Wednesday,16,281.29,281.5,171,116,4.69,2.85,1.93,52
107,3,Wednesday,17,373.79,376,224,148.5,6.27,3.73,2.48,52
107,3,Wednesday,18,280.27,278,139,137.5,4.63,2.32,2.29,52
107,3,Wednesday,19,216.56,220.5,98.5,119,3.67,1.64,1.98,52
107,3,Wednesday,20,186.46,187,90.5,90,3.12,1.51,1.5,52
107,3,Wednesday,21,152.13,137.5,66,66.5,2.29,1.1,1.11,52
107,3,Wednesday,22,94.4,85.5,47.5,40,1.43,0.79,0.67,52
107,3,Wednesday,23,59.46,49,28.5,20.5,0.82,0.48,0.34,52
107,4,Thursday,0,41.65,26,13.5,11.5,0.43,0.22,0.19,52
107,4,Thursday,1,17.27,13,7,6,0.22,0.12,0.1,52
107,4,Thursday,2,11.61,8,5,3,0.13,0.08,0.05,51
107,4,Thursday,3,7.27,5,2,2,0.08,0.03,0.03,52
107,4,Thursday,4,5.69,4,1,3,0.07,0.02,0.05,51
107,4,Thursday,5,14.69,14.5,6,8,0.24,0.1,0.13,52
107,4,Thursday,6,44.85,45.5,18,26.5,0.76,0.3,0.44,52
107,4,Thursday,7,120.67,124.5,32,92,2.08,0.53,1.53,52
107,4,Thursday,8,300.15,312,73.5,237,5.2,1.23,3.95,52
107,4,Thursday,9,269.75,280,89,192,4.67,1.48,3.2,52
107,4,Thursday,10,235.69,248,104,139,4.13,1.73,2.32,52
107,4,Thursday,11,257.81,257,118.5,138,4.28,1.98,2.3,52
107,4,Thursday,12,375.48,391,194,184.5,6.52,3.23,3.08,52
107,4,Thursday,13,455.1,464,232,235.5,7.73,3.87,3.92,52
107,4,Thursday,14,296.06,300,151,152.5,5,2.52,2.54,52
107,4,Thursday,15,241.46,245,136,115,4.08,2.27,1.92,52
107,4,Thursday,16,275.92,288,166,122,4.8,2.77,2.03,52
107,4,Thursday,17,381.81,395,224,167,6.58,3.73,2.78,52
107,4,Thursday,18,272.35,264.5,129,136,4.41,2.15,2.27,52
107,4,Thursday,19,198.38,198,97.5,101.5,3.3,1.62,1.69,52
107,4,Thursday,20,165.02,167.5,91,73.5,2.79,1.52,1.23,52
107,4,Thursday,21,132.71,142,79.5,56,2.37,1.32,0.93,52
107,4,Thursday,22,99.75,101,53.5,43.5,1.68,0.89,0.72,52
107,4,Thursday,23,58.88,56.5,33,23.5,0.94,0.55,0.39,52
107,5,Friday,0,31.75,31,18,12,0.52,0.3,0.2,53
107,5,Friday,1,22.4,17,10,7,0.28,0.17,0.12,53
107,5,Friday,2,13.23,10,6,3,0.17,0.1,0.05,53
107,5,Friday,3,6.81,5,3,2,0.08,0.05,0.03,52
107,5,Friday,4,4.94,5,2,2,0.08,0.03,0.03,52
107,5,Friday,5,14.13,13,6,9,0.22,0.1,0.15,53
107,5,Friday,6,43.58,44,18,26,0.73,0.3,0.43,53
107,5,Friday,7,102.45,105,29,73,1.75,0.48,1.22,53
107,5,Friday,8,247.6,264,66,196,4.4,1.1,3.27,53
107,5,Friday,9,234.38,242,79,160,4.03,1.32,2.67,53
107,5,Friday,10,237.66,231,105,128,3.85,1.75,2.13,53
107,5,Friday,11,245.55,249,118,131,4.15,1.97,2.18,53
107,5,Friday,12,326.53,333,171,165,5.55,2.85,2.75,53
107,5,Friday,13,394.87,414,200,209,6.9,3.33,3.48,53
107,5,Friday,14,287.51,292,139,155,4.87,2.32,2.58,53
107,5,Friday,15,255.68,265,135,124,4.42,2.25,2.07,53
107,5,Friday,16,308.04,324,178,139,5.4,2.97,2.32,53
107,5,Friday,17,388.19,390,216,172,6.5,3.6,2.87,53
107,5,Friday,18,293.64,289,131,163,4.82,2.18,2.72,53
107,5,Friday,19,237.83,234,103,126,3.9,1.72,2.1,53
107,5,Friday,20,202.75,198,101,102,3.3,1.68,1.7,53
107,5,Friday,21,169.4,165,91,75,2.75,1.52,1.25,53
107,5,Friday,22,147,147,79,67,2.45,1.32,1.12,53
107,5,Friday,23,105.32,90,49,46,1.5,0.82,0.77,53
107,6,Saturday,0,58.1,56,30,26,0.93,0.5,0.43,52
107,6,Saturday,1,35.44,33.5,17,15,0.56,0.28,0.25,52
107,6,Saturday,2,23.67,22,15,7.5,0.37,0.25,0.12,52
107,6,Saturday,3,17.31,15.5,10,5.5,0.26,0.17,0.09,52
107,6,Saturday,4,10.63,9.5,5,4,0.16,0.08,0.07,52
107,6,Saturday,5,11.23,10,5,5,0.17,0.08,0.08,52
107,6,Saturday,6,24.81,24,10,15,0.4,0.17,0.25,52
107,6,Saturday,7,57.35,57,20,35,0.95,0.33,0.58,52
107,6,Saturday,8,88.98,90.5,33.5,53.5,1.51,0.56,0.89,52
107,6,Saturday,9,149.98,145,59.5,87,2.42,0.99,1.45,52
107,6,Saturday,10,205.33,205.5,91.5,117,3.42,1.52,1.95,52
107,6,Saturday,11,235.04,239,96.5,137,3.98,1.61,2.28,52
107,6,Saturday,12,244.15,244,102,138.5,4.07,1.7,2.31,52
107,6,Saturday,13,255.44,254.5,113.5,141,4.24,1.89,2.35,52
107,6,Saturday,14,262.63,258,119.5,141.5,4.3,1.99,2.36,52
107,6,Saturday,15,247.52,252,115.5,135.5,4.2,1.93,2.26,52
107,6,Saturday,16,231.52,242.5,104.5,128.5,4.04,1.74,2.14,52
107,6,Saturday,17,232.92,239.5,102,138,3.99,1.7,2.3,52
107,6,Saturday,18,229.65,237,95.5,134,3.95,1.59,2.23,52
107,6,Saturday,19,208.73,213.5,91.5,120.5,3.56,1.52,2.01,52
107,6,Saturday,20,179.71,178.5,96,86.5,2.98,1.6,1.44,52
107,6,Saturday,21,148.02,145,82.5,63.5,2.42,1.38,1.06,52
107,6,Saturday,22,137.77,139.5,76.5,62.5,2.33,1.27,1.04,52
107,6,Saturday,23,117.04,109.5,57,50,1.82,0.95,0.83,52
107,7,Sunday,0,65.37,60.5,32.5,29,1.01,0.54,0.48,52
107,7,Sunday,1,37.75,38.5,18,18,0.64,0.3,0.3,52
107,7,Sunday,2,25.63,24,14,9,0.4,0.23,0.15,51
107,7,Sunday,3,20.27,19.5,14,6,0.32,0.23,0.1,52
107,7,Sunday,4,12.79,11.5,7.5,4,0.19,0.12,0.07,52
107,7,Sunday,5,14.08,13,7,6.5,0.22,0.12,0.11,52
107,7,Sunday,6,23.85,23,8,14,0.38,0.13,0.23,52
107,7,Sunday,7,46.62,45.5,15,30,0.76,0.25,0.5,52
107,7,Sunday,8,77.69,78,31,46,1.3,0.52,0.77,52
107,7,Sunday,9,140.13,141.5,59.5,79.5,2.36,0.99,1.32,52
107,7,Sunday,10,185.75,189,83,103,3.15,1.38,1.72,52
107,7,Sunday,11,207,211,93.5,121,3.52,1.56,2.02,52
107,7,Sunday,12,219.35,219,85,134,3.65,1.42,2.23,52
107,7,Sunday,13,230.87,232.5,93,133,3.88,1.55,2.22,52
107,7,Sunday,14,232.33,231,100.5,122,3.85,1.68,2.03,52
107,7,Sunday,15,213.9,213,94.5,114,3.55,1.57,1.9,52
107,7,Sunday,16,197.33,200.5,90,106.5,3.34,1.5,1.77,52
107,7,Sunday,17,187.25,189,82.5,102.5,3.15,1.38,1.71,52
107,7,Sunday,18,170.81,169,74,96.5,2.82,1.23,1.61,52
107,7,Sunday,19,144.12,139,67,74,2.32,1.12,1.23,52
107,7,Sunday,20,120.67,121,74.5,50,2.02,1.24,0.83,52
107,7,Sunday,21,99.1,98.5,60,39,1.64,1,0.65,52
107,7,Sunday,22,74.5,72,43.5,29,1.2,0.72,0.48,52
107,7,Sunday,23,49.9,47.5,27,19,0.79,0.45,0.32,52
108,1,Monday,0,52.02,47,27,24,0.78,0.45,0.4,49
108,1,Monday,1,27.69,24,13,11,0.4,0.22,0.18,49
108,1,Monday,2,20.82,19,11,10,0.32,0.18,0.17,49
108,1,Monday,3,15.16,12,7,6,0.2,0.12,0.1,49
108,1,Monday,4,13.88,12,6,6,0.2,0.1,0.1,49
108,1,Monday,5,65.47,67,14,55,1.12,0.23,0.92,49
108,1,Monday,6,195.24,209,28,178,3.48,0.47,2.97,49
108,1,Monday,7,647.51,739,72,655,12.32,1.2,10.92,49
108,1,Monday,8,1960.43,2258,197,2055,37.63,3.28,34.25,49
108,1,Monday,9,1039.59,1175,260,917,19.58,4.33,15.28,49
108,1,Monday,10,551.27,599,239,359,9.98,3.98,5.98,49
108,1,Monday,11,527.45,564,273,285,9.4,4.55,4.75,49
108,1,Monday,12,801.65,869,462,416,14.48,7.7,6.93,49
108,1,Monday,13,994.92,1093,584,513,18.22,9.73,8.55,49
108,1,Monday,14,599.06,645,409,243,10.75,6.82,4.05,49
108,1,Monday,15,603.86,666,449,210,11.1,7.48,3.5,49
108,1,Monday,16,997.86,1114,897,212,18.57,14.95,3.53,49
108,1,Monday,17,1571.16,1765,1529,225,29.42,25.48,3.75,49
108,1,Monday,18,624.14,680,519,160,11.33,8.65,2.67,49
108,1,Monday,19,313.96,325,212,117,5.42,3.53,1.95,49
108,1,Monday,20,244.35,253,151,97,4.22,2.52,1.62,49
108,1,Monday,21,200.71,204,122,79,3.4,2.03,1.32,49
108,1,Monday,22,148.18,148,89,58,2.47,1.48,0.97,49
108,1,Monday,23,85.94,83,47,38,1.38,0.78,0.63,49
108,2,Tuesday,0,42.57,42,21,21,0.7,0.35,0.35,49
108,2,Tuesday,1,26.02,24,12,11,0.4,0.2,0.18,49
108,2,Tuesday,2,16.57,16,8,7,0.27,0.13,0.12,49
108,2,Tuesday,3,10.4,10,5.5,4,0.17,0.09,0.07,48
108,2,Tuesday,4,11.57,11,6,5,0.18,0.1,0.08,49
108,2,Tuesday,5,74.39,76,15,60,1.27,0.25,1,49
108,2,Tuesday,6,245.08,253,33,222,4.22,0.55,3.7,49
108,2,Tuesday,7,807.1,871,82,786,14.52,1.37,13.1,49
108,2,Tuesday,8,2422.98,2619,215,2382,43.65,3.58,39.7,49
108,2,Tuesday,9,1297.94,1422,289,1128,23.7,4.82,18.8,49
108,2,Tuesday,10,665.84,686,278,402,11.43,4.63,6.7,49
108,2,Tuesday,11,673.43,667,342,333,11.12,5.7,5.55,49
108,2,Tuesday,12,982.27,1024,541,484,17.07,9.02,8.07,49
108,2,Tuesday,13,1187.49,1266,671,583,21.1,11.18,9.72,49
108,2,Tuesday,14,705.12,728,433,289,12.13,7.22,4.82,49
108,2,Tuesday,15,722.71,771,527,229,12.85,8.78,3.82,49
108,2,Tuesday,16,1270.82,1345,1120,229,22.42,18.67,3.82,49
108,2,Tuesday,17,1877.59,2058,1786,256,34.3,29.77,4.27,49
108,2,Tuesday,18,759.14,805,629,167,13.42,10.48,2.78,49
108,2,Tuesday,19,368.8,366,255,115,6.1,4.25,1.92,49
108,2,Tuesday,20,275.96,272,168,107,4.53,2.8,1.78,49
108,2,Tuesday,21,214.84,209,129,86,3.48,2.15,1.43,49
108,2,Tuesday,22,166.27,163,100,67,2.72,1.67,1.12,49
108,2,Tuesday,23,101.1,97,54,41,1.62,0.9,0.68,49
108,3,Wednesday,0,49.39,47,25,23,0.78,0.42,0.38,49
108,3,Wednesday,1,22.96,22,11,10,0.37,0.18,0.17,49
108,3,Wednesday,2,17.1,14,8,7,0.23,0.13,0.12,49
108,3,Wednesday,3,12.33,11,6,5,0.18,0.1,0.08,49
108,3,Wednesday,4,11.29,11,6,4,0.18,0.1,0.07,49
108,3,Wednesday,5,75.29,74,16,59,1.23,0.27,0.98,49
108,3,Wednesday,6,248.94,252,33,217,4.2,0.55,3.62,49
108,3,Wednesday,7,813.84,844,78,766,14.07,1.3,12.77,49
108,3,Wednesday,8,2417.1,2552,205,2345,42.53,3.42,39.08,49
108,3,Wednesday,9,1292.86,1373,260,1105,22.88,4.33,18.42,49
108,3,Wednesday,10,636.96,677,266,407,11.28,4.43,6.78,49
108,3,Wednesday,11,618.22,634,303,320,10.57,5.05,5.33,49
108,3,Wednesday,12,941.1,970,508,459,16.17,8.47,7.65,49
108,3,Wednesday,13,1174.84,1212,657,568,20.2,10.95,9.47,49
108,3,Wednesday,14,692.8,696,442,257,11.6,7.37,4.28,49
108,3,Wednesday,15,724.55,729,511,219,12.15,8.52,3.65,49
108,3,Wednesday,16,1268.33,1325,1069,241,22.08,17.82,4.02,49
108,3,Wednesday,17,1909.04,1990,1724,263,33.17,28.73,4.38,49
108,3,Wednesday,18,784.47,838,649,179,13.97,10.82,2.98,49
108,3,Wednesday,19,421.75,430.5,285,141,7.18,4.75,2.35,48
108,3,Wednesday,20,326.6,313.5,195,124.5,5.22,3.25,2.08,48
108,3,Wednesday,21,278,248.5,140,104.5,4.14,2.33,1.74,48
108,3,Wednesday,22,204.94,184,110,76,3.07,1.83,1.27,48
108,3,Wednesday,23,126.23,110.5,61,49,1.84,1.02,0.82,48
108,4,Thursday,0,76.96,53.5,27,25,0.89,0.45,0.42,48
108,4,Thursday,1,33.83,25.5,13,10,0.42,0.22,0.17,48
108,4,Thursday,2,22.08,17.5,8.5,8,0.29,0.14,0.13,48
108,4,Thursday,3,16.04,12.5,6.5,5,0.21,0.11,0.08,48
108,4,Thursday,4,15.83,11.5,5.5,6,0.19,0.09,0.1,48
108,4,Thursday,5,75.54,75.5,16,60,1.26,0.27,1,48
108,4,Thursday,6,236.52,243,32.5,212.5,4.05,0.54,3.54,48
108,4,Thursday,7,802.56,845.5,87.5,749,14.09,1.46,12.48,48
108,4,Thursday,8,2373.06,2533,217.5,2308,42.22,3.62,38.47,48
108,4,Thursday,9,1304.88,1384.5,284.5,1079,23.08,4.74,17.98,48
108,4,Thursday,10,660.5,684.5,280.5,410.5,11.41,4.68,6.84,48
108,4,Thursday,11,637.56,640,308.5,335,10.67,5.14,5.58,48
108,4,Thursday,12,948,995.5,517.5,470,16.59,8.62,7.83,48
108,4,Thursday,13,1186.88,1240.5,660,581.5,20.68,11,9.69,48
108,4,Thursday,14,700.52,745.5,452.5,283,12.43,7.54,4.72,48
108,4,Thursday,15,710.58,749,515.5,236,12.48,8.59,3.93,48
108,4,Thursday,16,1167.08,1263,1013.5,243.5,21.05,16.89,4.06,48
108,4,Thursday,17,1781.1,1886,1594.5,283.5,31.43,26.58,4.72,48
108,4,Thursday,18,774.35,810.5,616.5,192.5,13.51,10.28,3.21,48
108,4,Thursday,19,419.94,426.5,281.5,139,7.11,4.69,2.32,48
108,4,Thursday,20,320.21,321.5,196,122.5,5.36,3.27,2.04,48
108,4,Thursday,21,262.94,262,164,98,4.37,2.73,1.63,48
108,4,Thursday,22,213.44,216,129,84,3.6,2.15,1.4,48
108,4,Thursday,23,129,122,70.5,52,2.03,1.18,0.87,48
108,5,Friday,0,65.9,63,32,30,1.05,0.53,0.5,49
108,5,Friday,1,35.8,35,20,15,0.58,0.33,0.25,49
108,5,Friday,2,21.27,19,12,9,0.32,0.2,0.15,49
108,5,Friday,3,14.9,14,8,6,0.23,0.13,0.1,49
108,5,Friday,4,13.18,13,7,5,0.22,0.12,0.08,49
108,5,Friday,5,66.53,68,16,53,1.13,0.27,0.88,49
108,5,Friday,6,182.04,192,31,160,3.2,0.52,2.67,49
108,5,Friday,7,527.31,565,78,483,9.42,1.3,8.05,49
108,5,Friday,8,1646.49,1775,190,1586,29.58,3.17,26.43,49
108,5,Friday,9,958.39,1021,248,773,17.02,4.13,12.88,49
108,5,Friday,10,589.65,621,259,363,10.35,4.32,6.05,49
108,5,Friday,11,583.8,608,298,305,10.13,4.97,5.08,49
108,5,Friday,12,759.22,798,414,385,13.3,6.9,6.42,49
108,5,Friday,13,957.94,1018,543,477,16.97,9.05,7.95,49
108,5,Friday,14,615.84,650,387,263,10.83,6.45,4.38,49
108,5,Friday,15,624.98,655,420,232,10.92,7,3.87,49
108,5,Friday,16,887.33,956,712,231,15.93,11.87,3.85,49
108,5,Friday,17,1165.98,1269,1001,257,21.15,16.68,4.28,49
108,5,Friday,18,625.27,658,448,210,10.97,7.47,3.5,49
108,5,Friday,19,402.37,403,240,157,6.72,4,2.62,49
108,5,Friday,20,319.98,325,184,140,5.42,3.07,2.33,49
108,5,Friday,21,298.73,290,166,126,4.83,2.77,2.1,49
108,5,Friday,22,276,277,156,119,4.62,2.6,1.98,49
108,5,Friday,23,202.61,191,105,85,3.18,1.75,1.42,49
108,6,Saturday,0,113.27,105,54,49,1.75,0.9,0.82,49
108,6,Saturday,1,62.76,56,31,25,0.93,0.52,0.42,49
108,6,Saturday,2,47.69,43,25,18,0.72,0.42,0.3,49
108,6,Saturday,3,35.84,32,20,12,0.53,0.33,0.2,49
108,6,Saturday,4,25.16,24,15,9,0.4,0.25,0.15,49
108,6,Saturday,5,28.67,28,13,16,0.47,0.22,0.27,49
108,6,Saturday,6,50.02,46,19,29,0.77,0.32,0.48,49
108,6,Saturday,7,84.31,86,33,52,1.43,0.55,0.87,49
108,6,Saturday,8,148.88,152,60,88,2.53,1,1.47,49
108,6,Saturday,9,205.53,222,104,113,3.7,1.73,1.88,49
108,6,Saturday,10,250.02,258,136,124,4.3,2.27,2.07,49
108,6,Saturday,11,281.59,292,150,140,4.87,2.5,2.33,49
108,6,Saturday,12,295.1,307,152,148,5.12,2.53,2.47,49
108,6,Saturday,13,309.76,323,158,163,5.38,2.63,2.72,49
108,6,Saturday,14,304.39,301,155,150,5.02,2.58,2.5,49
108,6,Saturday,15,298.55,311,148,156,5.18,2.47,2.6,49
108,6,Saturday,16,308.51,321,154,157,5.35,2.57,2.62,49
108,6,Saturday,17,323.37,332,160,163,5.53,2.67,2.72,49
108,6,Saturday,18,347.45,355,176,174,5.92,2.93,2.9,49
108,6,Saturday,19,314.73,322,157,160,5.37,2.62,2.67,49
108,6,Saturday,20,273.29,278,136,137,4.63,2.27,2.28,49
108,6,Saturday,21,258.39,261,131,130,4.35,2.18,2.17,49
108,6,Saturday,22,262.9,279,132,130,4.65,2.2,2.17,49
108,6,Saturday,23,213.24,199,98,101,3.32,1.63,1.68,49
108,7,Sunday,0,124.49,122,66,59,2.03,1.1,0.98,49
108,7,Sunday,1,73.49,72,37,31,1.2,0.62,0.52,49
108,7,Sunday,2,52.54,53.5,32,20,0.89,0.53,0.33,48
108,7,Sunday,3,39.67,39,26,13,0.65,0.43,0.22,49
108,7,Sunday,4,26.29,26,16,9,0.43,0.27,0.15,49
108,7,Sunday,5,27.61,27,14,11,0.45,0.23,0.18,49
108,7,Sunday,6,34.22,33,16,16,0.55,0.27,0.27,49
108,7,Sunday,7,54.59,55,24,30,0.92,0.4,0.5,49
108,7,Sunday,8,122.12,122,52,71,2.03,0.87,1.18,49
108,7,Sunday,9,186.94,190,99,87,3.17,1.65,1.45,49
108,7,Sunday,10,226.16,225,121,103,3.75,2.02,1.72,49
108,7,Sunday,11,235.57,238,130,110,3.97,2.17,1.83,49
108,7,Sunday,12,260.33,260,132,128,4.33,2.2,2.13,49
108,7,Sunday,13,274.61,277,141,140,4.62,2.35,2.33,49
108,7,Sunday,14,274.35,271,136,131,4.52,2.27,2.18,49
108,7,Sunday,15,257.55,258,128,127,4.3,2.13,2.12,49
108,7,Sunday,16,247.41,256,130,124,4.27,2.17,2.07,49
108,7,Sunday,17,247.1,254,131,124,4.23,2.18,2.07,49
108,7,Sunday,18,246.43,253,127,121,4.22,2.12,2.02,49
108,7,Sunday,19,224.27,224,116,103,3.73,1.93,1.72,49
108,7,Sunday,20,196.71,191,103,89,3.18,1.72,1.48,49
108,7,Sunday,21,169.86,174,92,80,2.9,1.53,1.33,49
108,7,Sunday,22,136.31,131,65,62,2.18,1.08,1.03,49
108,7,Sunday,23,94.06,90,47,45,1.5,0.78,0.75,49
109,1,Monday,0,39.02,35.5,15,21,0.59,0.25,0.35,52
109,1,Monday,1,19.33,18,8,10.5,0.3,0.13,0.17,52
109,1,Monday,2,11.29,10,5,5.5,0.17,0.08,0.09,52
109,1,Monday,3,8.88,8,3,4,0.13,0.05,0.07,52
109,1,Monday,4,9.04,9,3,5,0.15,0.05,0.08,52
109,1,Monday,5,22.6,23,10,13.5,0.38,0.17,0.22,52
109,1,Monday,6,77.38,80.5,17.5,63,1.34,0.29,1.05,52
109,1,Monday,7,223.79,244.5,34,211,4.08,0.57,3.52,52
109,1,Monday,8,507.02,570.5,84,470.5,9.51,1.4,7.84,52
109,1,Monday,9,323.85,345.5,80,266.5,5.76,1.33,4.44,52
109,1,Monday,10,204.21,214,87.5,119.5,3.57,1.46,1.99,52
109,1,Monday,11,196.19,205.5,99.5,103,3.42,1.66,1.72,52
109,1,Monday,12,296.77,324.5,162,150.5,5.41,2.7,2.51,52
109,1,Monday,13,319.85,344.5,184.5,159,5.74,3.08,2.65,52
109,1,Monday,14,239.35,255,147.5,107.5,4.25,2.46,1.79,52
109,1,Monday,15,270.87,288.5,183,100.5,4.81,3.05,1.68,52
109,1,Monday,16,386.65,418,315.5,98,6.97,5.26,1.63,52
109,1,Monday,17,499.98,535.5,420.5,110.5,8.93,7.01,1.84,52
109,1,Monday,18,263.31,281,174.5,102.5,4.68,2.91,1.71,52
109,1,Monday,19,165.54,170,85,83,2.83,1.42,1.38,52
109,1,Monday,20,137.81,137.5,63,76,2.29,1.05,1.27,52
109,1,Monday,21,116.35,116,48,67,1.93,0.8,1.12,52
109,1,Monday,22,87.48,85.5,37.5,49.5,1.43,0.62,0.82,52
109,1,Monday,23,49.69,51.5,21,30,0.86,0.35,0.5,52
109,2,Tuesday,0,32.42,31,11,19,0.52,0.18,0.32,52
109,2,Tuesday,1,16.46,15,5,9.5,0.25,0.08,0.16,52
109,2,Tuesday,2,8.63,8,4,4,0.13,0.07,0.07,52
109,2,Tuesday,3,6.67,6,3,4,0.1,0.05,0.07,51
109,2,Tuesday,4,6.67,6,3,4,0.1,0.05,0.07,51
109,2,Tuesday,5,22.67,22.5,8,16,0.38,0.13,0.27,52
109,2,Tuesday,6,83.38,85,17,69.5,1.42,0.28,1.16,52
109,2,Tuesday,7,251.1,271.5,37,232.5,4.53,0.62,3.88,52
109,2,Tuesday,8,597.19,642,90,542,10.7,1.5,9.03,52
109,2,Tuesday,9,390.25,414,90,318.5,6.9,1.5,5.31,52
109,2,Tuesday,10,234.63,241,95,143,4.02,1.58,2.38,52
109,2,Tuesday,11,228.1,225.5,115,112.5,3.76,1.92,1.88,52
109,2,Tuesday,12,357.75,369,200,170,6.15,3.33,2.83,52
109,2,Tuesday,13,365.56,385,201,184.5,6.42,3.35,3.08,52
109,2,Tuesday,14,277.13,290.5,171,116.5,4.84,2.85,1.94,52
109,2,Tuesday,15,317.9,335,219.5,107.5,5.58,3.66,1.79,52
109,2,Tuesday,16,466.9,488.5,373.5,108.5,8.14,6.22,1.81,52
109,2,Tuesday,17,577.79,614,492.5,119.5,10.23,8.21,1.99,52
109,2,Tuesday,18,290.58,295.5,188,104,4.92,3.13,1.73,52
109,2,Tuesday,19,177.19,172.5,89.5,85.5,2.88,1.49,1.43,52
109,2,Tuesday,20,138.77,137.5,61.5,77.5,2.29,1.02,1.29,52
109,2,Tuesday,21,124.77,122,54,70.5,2.03,0.9,1.18,52
109,2,Tuesday,22,95.02,96.5,37,54.5,1.61,0.62,0.91,52
109,2,Tuesday,23,62.71,54.5,20.5,29.5,0.91,0.34,0.49,52
109,3,Wednesday,0,34.08,33.5,13,20,0.56,0.22,0.33,52
109,3,Wednesday,1,18.19,17,8,9,0.28,0.13,0.15,52
109,3,Wednesday,2,10.56,9.5,4,5,0.16,0.07,0.08,52
109,3,Wednesday,3,6.69,6,2,4,0.1,0.03,0.07,51
109,3,Wednesday,4,6.4,6,3,4,0.1,0.05,0.07,52
109,3,Wednesday,5,24.9,25,8,17,0.42,0.13,0.28,52
109,3,Wednesday,6,90.56,90.5,18.5,70,1.51,0.31,1.17,52
109,3,Wednesday,7,253.96,266,35,228.5,4.43,0.58,3.81,52
109,3,Wednesday,8,610.62,638,83.5,550.5,10.63,1.39,9.18,52
109,3,Wednesday,9,381.29,388,89,301,6.47,1.48,5.02,52
109,3,Wednesday,10,229.94,244,96.5,140,4.07,1.61,2.33,52
109,3,Wednesday,11,225.06,230,111,118,3.83,1.85,1.97,52
109,3,Wednesday,12,361.21,370,195.5,179.5,6.17,3.26,2.99,52
109,3,Wednesday,13,379.94,390,204,181.5,6.5,3.4,3.02,52
109,3,Wednesday,14,277.27,289.5,173.5,112,4.82,2.89,1.87,52
109,3,Wednesday,15,313.56,328,217.5,103.5,5.47,3.62,1.73,52
109,3,Wednesday,16,466.31,476,366,101,7.93,6.1,1.68,52
109,3,Wednesday,17,597.19,618,499.5,119.5,10.3,8.32,1.99,52
109,3,Wednesday,18,321.83,328.5,215,113.5,5.47,3.58,1.89,52
109,3,Wednesday,19,197.83,201,100,94.5,3.35,1.67,1.57,52
109,3,Wednesday,20,158.1,160,69,85.5,2.67,1.15,1.43,52
109,3,Wednesday,21,156.44,135,56,79,2.25,0.93,1.32,52
109,3,Wednesday,22,116.33,110,45,64,1.83,0.75,1.07,52
109,3,Wednesday,23,73.77,60,25,33.5,1,0.42,0.56,52
109,4,Thursday,0,68.31,36,13,22,0.6,0.22,0.37,52
109,4,Thursday,1,25.12,18,7,11,0.3,0.12,0.18,52
109,4,Thursday,2,14.38,11,4,5,0.18,0.07,0.08,52
109,4,Thursday,3,8.06,5,2,3,0.08,0.03,0.05,52
109,4,Thursday,4,7.08,6,2.5,3,0.1,0.04,0.05,52
109,4,Thursday,5,24.71,25,9,15,0.42,0.15,0.25,52
109,4,Thursday,6,81.81,84,20,62,1.4,0.33,1.03,52
109,4,Thursday,7,236.04,249.5,33.5,215.5,4.16,0.56,3.59,52
109,4,Thursday,8,586.33,609.5,86,524,10.16,1.43,8.73,52
109,4,Thursday,9,381.37,397,89.5,306,6.62,1.49,5.1,52
109,4,Thursday,10,230.21,241.5,95.5,140.5,4.03,1.59,2.34,52
109,4,Thursday,11,222.94,233,109,116.5,3.88,1.82,1.94,52
109,4,Thursday,12,337.15,355.5,188,161,5.92,3.13,2.68,52
109,4,Thursday,13,343.77,363,187,165.5,6.05,3.12,2.76,52
109,4,Thursday,14,271.06,286.5,168,116.5,4.78,2.8,1.94,52
109,4,Thursday,15,312.12,331,213.5,113.5,5.52,3.56,1.89,52
109,4,Thursday,16,442.63,473.5,356.5,117,7.89,5.94,1.95,52
109,4,Thursday,17,566.38,587,460,127.5,9.78,7.67,2.12,52
109,4,Thursday,18,310.29,317,205,111,5.28,3.42,1.85,52
109,4,Thursday,19,191.44,192.5,98.5,91,3.21,1.64,1.52,52
109,4,Thursday,20,155.04,157.5,71,83,2.62,1.18,1.38,52
109,4,Thursday,21,145.62,142.5,60.5,84,2.38,1.01,1.4,52
109,4,Thursday,22,121.79,117,47.5,64,1.95,0.79,1.07,52
109,4,Thursday,23,71.9,66,27.5,39,1.1,0.46,0.65,52
109,5,Friday,0,41.7,41,16,25,0.68,0.27,0.42,53
109,5,Friday,1,24.87,24,8,14,0.4,0.13,0.23,53
109,5,Friday,2,12.42,11,6,6,0.18,0.1,0.1,53
109,5,Friday,3,8.72,7,3,5,0.12,0.05,0.08,53
109,5,Friday,4,7.86,8,3,4,0.13,0.05,0.07,51
109,5,Friday,5,22.91,23,9,14,0.38,0.15,0.23,53
109,5,Friday,6,73.36,75,20,55,1.25,0.33,0.92,53
109,5,Friday,7,179.6,188,32,157,3.13,0.53,2.62,53
109,5,Friday,8,444.64,477,73,396,7.95,1.22,6.6,53
109,5,Friday,9,296.4,300,81,223,5,1.35,3.72,53
109,5,Friday,10,206.79,211,87,119,3.52,1.45,1.98,53
109,5,Friday,11,203.38,204,100,107,3.4,1.67,1.78,53
109,5,Friday,12,293.87,298,159,142,4.97,2.65,2.37,53
109,5,Friday,13,309.91,315,166,151,5.25,2.77,2.52,53
109,5,Friday,14,262.72,266,148,123,4.43,2.47,2.05,53
109,5,Friday,15,283.81,295,183,107,4.92,3.05,1.78,53
109,5,Friday,16,361.17,381,260,109,6.35,4.33,1.82,53
109,5,Friday,17,454.4,481,355,130,8.02,5.92,2.17,53
109,5,Friday,18,301.19,312,182,125,5.2,3.03,2.08,53
109,5,Friday,19,212.58,211,98,106,3.52,1.63,1.77,53
109,5,Friday,20,174.34,172,81,88,2.87,1.35,1.47,53
109,5,Friday,21,159.43,157,62,94,2.62,1.03,1.57,53
109,5,Friday,22,152.68,153,62,84,2.55,1.03,1.4,53
109,5,Friday,23,139.87,104,41,63,1.73,0.68,1.05,53
109,6,Saturday,0,60.33,59.5,23,36,0.99,0.38,0.6,52
109,6,Saturday,1,38.77,37,13,22,0.62,0.22,0.37,52
109,6,Saturday,2,27.13,26,12,13,0.43,0.2,0.22,52
109,6,Saturday,3,18.5,17,7,10,0.28,0.12,0.17,52
109,6,Saturday,4,12.37,12,5.5,5,0.2,0.09,0.08,52
109,6,Saturday,5,14.94,14,6,8,0.23,0.1,0.13,52
109,6,Saturday,6,25.9,25,10,15.5,0.42,0.17,0.26,52
109,6,Saturday,7,41.23,39,16,24.5,0.65,0.27,0.41,52
109,6,Saturday,8,69.02,68.5,32.5,33.5,1.14,0.54,0.56,52
109,6,Saturday,9,109.02,109,61,47,1.82,1.02,0.78,52
109,6,Saturday,10,131.75,131,73.5,56.5,2.18,1.23,0.94,52
109,6,Saturday,11,151.56,143.5,78.5,66,2.39,1.31,1.1,52
109,6,Saturday,12,180.13,178,83.5,94.5,2.97,1.39,1.57,52
109,6,Saturday,13,181.9,173,82,89,2.88,1.37,1.48,52
109,6,Saturday,14,185.79,180.5,83,98,3.01,1.38,1.63,52
109,6,Saturday,15,190.06,183.5,79.5,99.5,3.06,1.32,1.66,52
109,6,Saturday,16,206.83,206.5,80.5,106.5,3.44,1.34,1.77,52
109,6,Saturday,17,214.71,204,79.5,124.5,3.4,1.32,2.08,52
109,6,Saturday,18,225.69,206,88.5,120.5,3.43,1.48,2.01,52
109,6,Saturday,19,203.77,191,77,113,3.18,1.28,1.88,52
109,6,Saturday,20,154,158,65.5,93,2.63,1.09,1.55,52
109,6,Saturday,21,151.73,150.5,58,90,2.51,0.97,1.5,52
109,6,Saturday,22,147.63,135,46.5,78,2.25,0.78,1.3,52
109,6,Saturday,23,146.4,104.5,40.5,61,1.74,0.68,1.02,52
109,7,Sunday,0,65.17,62.5,26,36.5,1.04,0.43,0.61,52
109,7,Sunday,1,43.29,41.5,16,23.5,0.69,0.27,0.39,52
109,7,Sunday,2,30.82,31,14,16,0.52,0.23,0.27,51
109,7,Sunday,3,20.71,20,9,10.5,0.33,0.15,0.17,52
109,7,Sunday,4,14.92,14,6.5,7,0.23,0.11,0.12,52
109,7,Sunday,5,13.19,13,5.5,6.5,0.22,0.09,0.11,52
109,7,Sunday,6,22.12,21,9,11,0.35,0.15,0.18,52
109,7,Sunday,7,33.54,30,15,15,0.5,0.25,0.25,52
109,7,Sunday,8,57.38,55.5,27,26,0.92,0.45,0.43,52
109,7,Sunday,9,84.17,83,45.5,36.5,1.38,0.76,0.61,52
109,7,Sunday,10,116.6,114,62,49.5,1.9,1.03,0.82,52
109,7,Sunday,11,125.75,128,70,57.5,2.13,1.17,0.96,52
109,7,Sunday,12,150,151.5,73.5,70,2.52,1.23,1.17,52
109,7,Sunday,13,157.37,152,76,82,2.53,1.27,1.37,52
109,7,Sunday,14,167.62,157,64,87.5,2.62,1.07,1.46,52
109,7,Sunday,15,157.35,153,67.5,83.5,2.55,1.12,1.39,52
109,7,Sunday,16,161.77,159.5,65,89.5,2.66,1.08,1.49,52
109,7,Sunday,17,161.21,161,66,94.5,2.68,1.1,1.57,52
109,7,Sunday,18,168.83,163,71.5,87,2.72,1.19,1.45,52
109,7,Sunday,19,152.13,149.5,59,88,2.49,0.98,1.47,52
109,7,Sunday,20,139.9,141.5,52.5,84.5,2.36,0.88,1.41,52
109,7,Sunday,21,125.83,131,45,83.5,2.18,0.75,1.39,52
109,7,Sunday,22,95.23,91,34.5,56.5,1.52,0.58,0.94,52
109,7,Sunday,23,61.31,57,24.5,32.5,0.95,0.41,0.54,52
117,1,Monday,0,30.2,23,16,10,0.38,0.27,0.17,51
117,1,Monday,1,18,14,8,4.5,0.23,0.13,0.07,50
117,1,Monday,2,7.3,6,4,1,0.1,0.07,0.02,50
117,1,Monday,3,5.17,4,3,2,0.07,0.05,0.03,47
117,1,Monday,4,4.82,4,2,2,0.07,0.03,0.03,50
117,1,Monday,5,14.9,15,9.5,5,0.25,0.16,0.08,52
117,1,Monday,6,55.73,50.5,36,15,0.84,0.6,0.25,52
117,1,Monday,7,129.79,138.5,94,43,2.31,1.57,0.72,52
117,1,Monday,8,370.54,399.5,311,91,6.66,5.18,1.52,52
117,1,Monday,9,262.6,266,169.5,102.5,4.43,2.83,1.71,52
117,1,Monday,10,220.81,209,100,107,3.48,1.67,1.78,52
117,1,Monday,11,228.87,221.5,105,115.5,3.69,1.75,1.93,52
117,1,Monday,12,364.6,359.5,173,182,5.99,2.88,3.03,52
117,1,Monday,13,371.15,362,192.5,170.5,6.03,3.21,2.84,52
117,1,Monday,14,305.35,274,134,142,4.57,2.23,2.37,52
117,1,Monday,15,281.29,271.5,115.5,151.5,4.53,1.93,2.52,52
117,1,Monday,16,345.79,327,106.5,224,5.45,1.77,3.73,52
117,1,Monday,17,491.38,507.5,148,360,8.46,2.47,6,52
117,1,Monday,18,321.08,284.5,109.5,172.5,4.74,1.82,2.88,52
117,1,Monday,19,166.9,142,74,75,2.37,1.23,1.25,52
117,1,Monday,20,138.4,118.5,66,55.5,1.98,1.1,0.92,52
117,1,Monday,21,106.92,90,55,39,1.5,0.92,0.65,52
117,1,Monday,22,97.79,81.5,39,36.5,1.36,0.65,0.61,52
117,1,Monday,23,54.81,33.5,18.5,15,0.56,0.31,0.25,52
117,2,Tuesday,0,22.58,15,9,7,0.25,0.15,0.12,52
117,2,Tuesday,1,11.37,10,7,4,0.17,0.12,0.07,51
117,2,Tuesday,2,5.96,5,3,1,0.08,0.05,0.02,50
117,2,Tuesday,3,3.82,3,2,1,0.05,0.03,0.02,45
117,2,Tuesday,4,3.98,3,2,2,0.05,0.03,0.03,49
117,2,Tuesday,5,16.73,16,11,5,0.27,0.18,0.08,52
117,2,Tuesday,6,67.21,70.5,51,19,1.18,0.85,0.32,52
117,2,Tuesday,7,164.73,173.5,127,48,2.89,2.12,0.8,52
117,2,Tuesday,8,483.58,507,395.5,110,8.45,6.59,1.83,52
117,2,Tuesday,9,324.06,332.5,222,103.5,5.54,3.7,1.73,52
117,2,Tuesday,10,223.87,224,114,104.5,3.73,1.9,1.74,52
117,2,Tuesday,11,238.1,245,112,123,4.08,1.87,2.05,52
117,2,Tuesday,12,390.96,392.5,193.5,194.5,6.54,3.22,3.24,52
117,2,Tuesday,13,395.58,395.5,206.5,179.5,6.59,3.44,2.99,52
117,2,Tuesday,14,299.13,303,141.5,162,5.05,2.36,2.7,52
117,2,Tuesday,15,305.02,302,121.5,177.5,5.03,2.02,2.96,52
117,2,Tuesday,16,423.19,423.5,124.5,299.5,7.06,2.08,4.99,52
117,2,Tuesday,17,655.02,678.5,184,492.5,11.31,3.07,8.21,52
117,2,Tuesday,18,363.27,348,136,220.5,5.8,2.27,3.67,52
117,2,Tuesday,19,220.87,207,99.5,104.5,3.45,1.66,1.74,52
117,2,Tuesday,20,175.85,161,81.5,79.5,2.68,1.36,1.32,52
117,2,Tuesday,21,138.27,125,68.5,61.5,2.08,1.14,1.02,52
117,2,Tuesday,22,149.83,125.5,71,52,2.09,1.18,0.87,52
117,2,Tuesday,23,86.92,53.5,28.5,20.5,0.89,0.48,0.34,52
117,3,Wednesday,0,24.52,21.5,12,7.5,0.36,0.2,0.12,52
117,3,Wednesday,1,14.9,14.5,10,4,0.24,0.17,0.07,52
117,3,Wednesday,2,7,6,4,1,0.1,0.07,0.02,49
117,3,Wednesday,3,3.71,3,2,1,0.05,0.03,0.02,42
117,3,Wednesday,4,3.69,3,2,1,0.05,0.03,0.02,49
117,3,Wednesday,5,18.02,18,12,5,0.3,0.2,0.08,51
117,3,Wednesday,6,70.57,72,54,17,1.2,0.9,0.28,51
117,3,Wednesday,7,164.73,177,121,46,2.95,2.02,0.77,51
117,3,Wednesday,8,469.55,489,381,102,8.15,6.35,1.7,51
117,3,Wednesday,9,308.65,316,211,104,5.27,3.52,1.73,51
117,3,Wednesday,10,228.02,231,118,110,3.85,1.97,1.83,51
117,3,Wednesday,11,257.2,258,129,130,4.3,2.15,2.17,51
117,3,Wednesday,12,410.59,410,198,211,6.83,3.3,3.52,51
117,3,Wednesday,13,402.22,403,217,192,6.72,3.62,3.2,51
117,3,Wednesday,14,312.53,311,146,165,5.18,2.43,2.75,51
117,3,Wednesday,15,314.47,306,128,184,5.1,2.13,3.07,51
117,3,Wednesday,16,449.02,436,131,304,7.27,2.18,5.07,51
117,3,Wednesday,17,669.98,666,176,487,11.1,2.93,8.12,51
117,3,Wednesday,18,421.59,393,153,232,6.55,2.55,3.87,51
117,3,Wednesday,19,269.29,221,104,113,3.68,1.73,1.88,51
117,3,Wednesday,20,192.39,174,86,80,2.9,1.43,1.33,51
117,3,Wednesday,21,178.69,154,83,69,2.57,1.38,1.15,51
117,3,Wednesday,22,225.47,146,83,55,2.43,1.38,0.92,51
117,3,Wednesday,23,136.59,56,36,23,0.93,0.6,0.38,51
117,4,Thursday,0,49.59,24,13,9,0.4,0.22,0.15,51
117,4,Thursday,1,27.51,13,10,3,0.22,0.17,0.05,51
117,4,Thursday,2,10.98,5,4,2,0.08,0.07,0.03,51
117,4,Thursday,3,5.25,4,2,1,0.07,0.03,0.02,51
117,4,Thursday,4,6.28,5,2,3,0.08,0.03,0.05,50
117,4,Thursday,5,18.29,18.5,12,5,0.31,0.2,0.08,52
117,4,Thursday,6,70.75,73.5,56,17,1.23,0.93,0.28,52
117,4,Thursday,7,167.06,174,125,50,2.9,2.08,0.83,52
117,4,Thursday,8,490.15,529,416.5,103.5,8.82,6.94,1.73,52
117,4,Thursday,9,346.71,355,235,112,5.92,3.92,1.87,51
117,4,Thursday,10,241.08,239,122,118,3.98,2.03,1.97,51
117,4,Thursday,11,269.94,263,124.5,138.5,4.38,2.08,2.31,52
117,4,Thursday,12,418.88,422,192,222.5,7.03,3.2,3.71,52
117,4,Thursday,13,408.65,415.5,216.5,191.5,6.92,3.61,3.19,52
117,4,Thursday,14,334.73,338,155,181.5,5.63,2.58,3.02,52
117,4,Thursday,15,337.71,340.5,138.5,195,5.68,2.31,3.25,52
117,4,Thursday,16,458.58,473,145,329.5,7.88,2.42,5.49,52
117,4,Thursday,17,709.02,706,208,491,11.77,3.47,8.18,52
117,4,Thursday,18,499.77,459.5,189,257,7.66,3.15,4.28,52
117,4,Thursday,19,306.44,260,115,143,4.33,1.92,2.38,52
117,4,Thursday,20,216.73,212.5,99,102.5,3.54,1.65,1.71,52
117,4,Thursday,21,197.06,173.5,93.5,83,2.89,1.56,1.38,52
117,4,Thursday,22,272.54,205,107,78.5,3.42,1.78,1.31,52
117,4,Thursday,23,142.71,121.5,73,37.5,2.02,1.22,0.62,52
117,5,Friday,0,41.15,34,22,13,0.57,0.37,0.22,53
117,5,Friday,1,21.75,20,15,6,0.33,0.25,0.1,53
117,5,Friday,2,12.28,12,9,3,0.2,0.15,0.05,53
117,5,Friday,3,6.71,5,3,1,0.08,0.05,0.02,51
117,5,Friday,4,4.98,4,2,2,0.07,0.03,0.03,49
117,5,Friday,5,18.21,17,12,5,0.28,0.2,0.08,52
117,5,Friday,6,63.72,66,45,19,1.1,0.75,0.32,53
117,5,Friday,7,114.49,117,78,40,1.95,1.3,0.67,53
117,5,Friday,8,312.45,321,233,88,5.35,3.88,1.47,53
117,5,Friday,9,270.43,259,146,113,4.32,2.43,1.88,53
117,5,Friday,10,232.26,217,109,116,3.62,1.82,1.93,53
117,5,Friday,11,264.81,250,116,134,4.17,1.93,2.23,53
117,5,Friday,12,372.08,356,161,195,5.93,2.68,3.25,53
117,5,Friday,13,361.09,355,182,173,5.92,3.03,2.88,53
117,5,Friday,14,337.04,335,155,178,5.58,2.58,2.97,53
117,5,Friday,15,343.34,337,148,192,5.62,2.47,3.2,53
117,5,Friday,16,419.3,406,162,250,6.77,2.7,4.17,53
117,5,Friday,17,582.81,556,220,343,9.27,3.67,5.72,53
117,5,Friday,18,572.5,502.5,226.5,262.5,8.38,3.78,4.38,52
117,5,Friday,19,405.53,407,196,203,6.78,3.27,3.38,53
117,5,Friday,20,286.47,257,126,137,4.28,2.1,2.28,53
117,5,Friday,21,255.58,241,130,107,4.02,2.17,1.78,53
117,5,Friday,22,425.7,332,167,140,5.53,2.78,2.33,53
117,5,Friday,23,301.45,250,128,83,4.17,2.13,1.38,53
117,6,Saturday,0,96.85,90.5,52.5,35,1.51,0.88,0.58,52
117,6,Saturday,1,49.15,44,27,17,0.73,0.45,0.28,52
117,6,Saturday,2,26.6,22,14.5,7,0.37,0.24,0.12,52
117,6,Saturday,3,17.58,12,8,4.5,0.2,0.13,0.07,52
117,6,Saturday,4,11.1,7,4,2,0.12,0.07,0.03,51
117,6,Saturday,5,11.2,10,5,5,0.17,0.08,0.08,51
117,6,Saturday,6,30.57,28,15,12,0.47,0.25,0.2,51
117,6,Saturday,7,62.13,53,29,23,0.88,0.48,0.38,52
117,6,Saturday,8,104.88,96.5,42,51,1.61,0.7,0.85,52
117,6,Saturday,9,170.19,144,58.5,90,2.4,0.98,1.5,52
117,6,Saturday,10,219.62,211,82,125,3.52,1.37,2.08,52
117,6,Saturday,11,263.92,239.5,108.5,132.5,3.99,1.81,2.21,52
117,6,Saturday,12,328.63,301,140,158,5.02,2.33,2.63,52
117,6,Saturday,13,329.08,309,155.5,157,5.15,2.59,2.62,52
117,6,Saturday,14,341.1,320,150,167,5.33,2.5,2.78,52
117,6,Saturday,15,397.65,360,180.5,179,6,3.01,2.98,52
117,6,Saturday,16,438.54,406.5,201.5,196.5,6.78,3.36,3.28,52
117,6,Saturday,17,481.92,473.5,222,236,7.89,3.7,3.93,52
117,6,Saturday,18,558.5,516,233,238,8.6,3.88,3.97,52
117,6,Saturday,19,483.63,441,212.5,218.5,7.35,3.54,3.64,52
117,6,Saturday,20,363.38,326,175,147,5.43,2.92,2.45,52
117,6,Saturday,21,293.08,277,156,113.5,4.62,2.6,1.89,52
117,6,Saturday,22,446.77,354,207.5,144.5,5.9,3.46,2.41,52
117,6,Saturday,23,290.17,241,137,90,4.02,2.28,1.5,52
117,7,Sunday,0,121.4,104.5,61,45,1.74,1.02,0.75,52
117,7,Sunday,1,71.13,68,42,28,1.13,0.7,0.47,52
117,7,Sunday,2,34.53,33,21,11,0.55,0.35,0.18,51
117,7,Sunday,3,20.29,19.5,12,6.5,0.32,0.2,0.11,52
117,7,Sunday,4,9.71,9,5,3,0.15,0.08,0.05,51
117,7,Sunday,5,19.06,8,5,4,0.13,0.08,0.07,52
117,7,Sunday,6,44.29,20,9,10,0.33,0.15,0.17,51
117,7,Sunday,7,67.25,42,20,23,0.7,0.33,0.38,51
117,7,Sunday,8,105.14,76,32,43,1.27,0.53,0.72,51
117,7,Sunday,9,194.02,145,55,89,2.42,0.92,1.48,51
117,7,Sunday,10,253.94,197,74,124,3.28,1.23,2.07,51
117,7,Sunday,11,283.96,235,95,134,3.92,1.58,2.23,51
117,7,Sunday,12,320.57,286,128,157,4.77,2.13,2.62,51
117,7,Sunday,13,306.51,292,133,150,4.87,2.22,2.5,51
117,7,Sunday,14,331.02,287,148,139,4.78,2.47,2.32,51
117,7,Sunday,15,320.65,313,154,143,5.22,2.57,2.38,51
117,7,Sunday,16,347.43,299,171,137,4.98,2.85,2.28,51
117,7,Sunday,17,340.04,304,153,140,5.07,2.55,2.33,51
117,7,Sunday,18,345.35,262,149,137,4.37,2.48,2.28,51
117,7,Sunday,19,236.08,213,112,105,3.55,1.87,1.75,51
117,7,Sunday,20,180.9,164,89,73,2.73,1.48,1.22,51
117,7,Sunday,21,160.43,124,78,51,2.07,1.3,0.85,51
117,7,Sunday,22,187.92,134,80,35,2.23,1.33,0.58,51
117,7,Sunday,23,146.16,68,46,19,1.13,0.77,0.32,51
118,1,Monday,0,4.49,3,1,2,0.05,0.02,0.03,43
118,1,Monday,1,3.35,2,0,2,0.03,0,0.03,34
118,1,Monday,2,1.64,1,0,1,0.02,0,0.02,11
118,1,Monday,3,2,2,1.5,0.5,0.03,0.03,0.01,2
118,1,Monday,4,1,1,1,0,0.02,0.02,0,5
118,1,Monday,5,1.18,1,1,0,0.02,0.02,0,34
118,1,Monday,6,4.17,4,2.5,1,0.07,0.04,0.02,48
118,1,Monday,7,14.58,14,9.5,5,0.23,0.16,0.08,52
118,1,Monday,8,34.25,34.5,25,11,0.58,0.42,0.18,52
118,1,Monday,9,27.25,27,17,9,0.45,0.28,0.15,52
118,1,Monday,10,24.92,23,10.5,10,0.38,0.17,0.17,52
118,1,Monday,11,24.35,22,11,11,0.37,0.18,0.18,52
118,1,Monday,12,32.1,30.5,16,14.5,0.51,0.27,0.24,52
118,1,Monday,13,31.19,26.5,14,11,0.44,0.23,0.18,52
118,1,Monday,14,33.79,29,14,15,0.48,0.23,0.25,52
118,1,Monday,15,30.79,30.5,14,17,0.51,0.23,0.28,52
118,1,Monday,16,39.79,35,12,23,0.58,0.2,0.38,52
118,1,Monday,17,56.98,53,18,36,0.88,0.3,0.6,52
118,1,Monday,18,36.04,32.5,14,16,0.54,0.23,0.27,52
118,1,Monday,19,18.85,15,7,7,0.25,0.12,0.12,52
118,1,Monday,20,15.94,13,7,6,0.22,0.12,0.1,52
118,1,Monday,21,12.21,8,5,4,0.13,0.08,0.07,52
118,1,Monday,22,11.46,9,3,5,0.15,0.05,0.08,52
118,1,Monday,23,7.28,4.5,1,2,0.07,0.02,0.03,50
118,2,Tuesday,0,3.46,2,0,2,0.03,0,0.03,39
118,2,Tuesday,1,2.43,2,1,1,0.03,0.02,0.02,21
118,2,Tuesday,2,1.54,1,0,1,0.02,0,0.02,13
118,2,Tuesday,3,1.25,1,0.5,1,0.02,0.01,0.02,4
118,2,Tuesday,4,1,1,0.5,0.5,0.02,0.01,0.01,2
118,2,Tuesday,5,1.41,1,0,1,0.02,0,0.02,29
118,2,Tuesday,6,4.65,4,3,1,0.07,0.05,0.02,51
118,2,Tuesday,7,17.21,18,11,6.5,0.3,0.18,0.11,52
118,2,Tuesday,8,42.67,42,30.5,12,0.7,0.51,0.2,52
118,2,Tuesday,9,33.13,31.5,20,11,0.52,0.33,0.18,52
118,2,Tuesday,10,24.08,23,12,10,0.38,0.2,0.17,52
118,2,Tuesday,11,25.6,25,11,11,0.42,0.18,0.18,52
118,2,Tuesday,12,32.83,30.5,14.5,15.5,0.51,0.24,0.26,52
118,2,Tuesday,13,32.71,32.5,16,14.5,0.54,0.27,0.24,52
118,2,Tuesday,14,33.73,32.5,14,16.5,0.54,0.23,0.28,52
118,2,Tuesday,15,32.52,30.5,12,18,0.51,0.2,0.3,52
118,2,Tuesday,16,44.6,41,12.5,27.5,0.68,0.21,0.46,52
118,2,Tuesday,17,70.33,70.5,23,47,1.18,0.38,0.78,52
118,2,Tuesday,18,44.29,39.5,16,22,0.66,0.27,0.37,52
118,2,Tuesday,19,23.06,18,8.5,10,0.3,0.14,0.17,52
118,2,Tuesday,20,19.25,16,8,8,0.27,0.13,0.13,52
118,2,Tuesday,21,16.27,13,7,6,0.22,0.12,0.1,52
118,2,Tuesday,22,18.58,12,5,6,0.2,0.08,0.1,52
118,2,Tuesday,23,12.69,7,4,3,0.12,0.07,0.05,52
118,3,Wednesday,0,3.12,2,1,1,0.03,0.02,0.02,40
118,3,Wednesday,1,2.26,2,0,1,0.03,0,0.02,27
118,3,Wednesday,2,3.43,2,0,1.5,0.03,0,0.03,14
118,3,Wednesday,3,1,1,1,0,0.02,0.02,0,6
118,3,Wednesday,4,1,1,0.5,0.5,0.02,0.01,0.01,4
118,3,Wednesday,5,1.97,1,1,1,0.02,0.02,0.02,37
118,3,Wednesday,6,5.12,5,3,1,0.08,0.05,0.02,51
118,3,Wednesday,7,15.84,15,10,5,0.25,0.17,0.08,51
118,3,Wednesday,8,42.67,45,32,12,0.75,0.53,0.2,51
118,3,Wednesday,9,32.78,31,21,10,0.52,0.35,0.17,51
118,3,Wednesday,10,24.22,22,13,10,0.37,0.22,0.17,51
118,3,Wednesday,11,27.82,27,14,11,0.45,0.23,0.18,51
118,3,Wednesday,12,33.25,31,15,16,0.52,0.25,0.27,51
118,3,Wednesday,13,34.63,36,17,16,0.6,0.28,0.27,51
118,3,Wednesday,14,34.92,33,17,18,0.55,0.28,0.3,51
118,3,Wednesday,15,33.69,33,13,18,0.55,0.22,0.3,51
118,3,Wednesday,16,45.98,40,16,27,0.67,0.27,0.45,51
118,3,Wednesday,17,69.76,66,20,45,1.1,0.33,0.75,51
118,3,Wednesday,18,50.63,41,18,23,0.68,0.3,0.38,51
118,3,Wednesday,19,30.61,24,11,13,0.4,0.18,0.22,51
118,3,Wednesday,20,17.31,17,8,7,0.28,0.13,0.12,51
118,3,Wednesday,21,17.43,14,6,6,0.23,0.1,0.1,51
118,3,Wednesday,22,23.06,16,7.5,8,0.27,0.12,0.13,50
118,3,Wednesday,23,15.57,8,3,4,0.13,0.05,0.07,49
118,4,Thursday,0,4.77,2,1,1,0.03,0.02,0.02,39
118,4,Thursday,1,3.12,2,0,1,0.03,0,0.02,34
118,4,Thursday,2,4.12,2,0,2,0.03,0,0.03,8
118,4,Thursday,3,1.25,1,0.5,1,0.02,0.01,0.02,4
118,4,Thursday,4,2,1,1,1,0.02,0.02,0.02,5
118,4,Thursday,5,1.39,1,1,1,0.02,0.02,0.02,31
118,4,Thursday,6,5.16,5,3,1,0.08,0.05,0.02,49
118,4,Thursday,7,17.25,18.5,11,6,0.31,0.18,0.1,52
118,4,Thursday,8,45.08,47,34,13,0.78,0.57,0.22,52
118,4,Thursday,9,36.1,35,22,12,0.58,0.37,0.2,51
118,4,Thursday,10,26.1,25,13,13,0.42,0.22,0.22,51
118,4,Thursday,11,29.58,28,14,14,0.47,0.23,0.23,52
118,4,Thursday,12,36.42,36,16,18.5,0.6,0.27,0.31,52
118,4,Thursday,13,37.58,37,19,17,0.62,0.32,0.28,52
118,4,Thursday,14,33.9,33,17,17,0.55,0.28,0.28,52
118,4,Thursday,15,36.92,35.5,15.5,21,0.59,0.26,0.35,52
118,4,Thursday,16,53.37,51,18,33,0.85,0.3,0.55,52
118,4,Thursday,17,78.46,79,26,52,1.32,0.43,0.87,52
118,4,Thursday,18,63.52,57,22,34,0.95,0.37,0.57,52
118,4,Thursday,19,37.6,29.5,13,16.5,0.49,0.22,0.28,52
118,4,Thursday,20,21.67,18.5,9,9,0.31,0.15,0.15,52
118,4,Thursday,21,22.58,18.5,9,8,0.31,0.15,0.13,52
118,4,Thursday,22,28.75,20,11,9,0.33,0.18,0.15,52
118,4,Thursday,23,18.9,13,7,6,0.22,0.12,0.1,51
118,5,Friday,0,4.6,3,2,1,0.05,0.03,0.02,47
118,5,Friday,1,2.37,2,0,2,0.03,0,0.03,30
118,5,Friday,2,1.58,1,0,1,0.02,0,0.02,12
118,5,Friday,3,1,1,0.5,0.5,0.02,0.01,0.01,2
118,5,Friday,4,1,1,0,1,0.02,0,0.02,5
118,5,Friday,5,1.41,1,1,0,0.02,0.02,0,29
118,5,Friday,6,4.14,3,2,1,0.05,0.03,0.02,50
118,5,Friday,7,12.45,12,7,4,0.2,0.12,0.07,53
118,5,Friday,8,31.72,31,21,10,0.52,0.35,0.17,53
118,5,Friday,9,30.25,28,16,10,0.47,0.27,0.17,53
118,5,Friday,10,27.64,26,13,12,0.43,0.22,0.2,53
118,5,Friday,11,30.42,28,14,14,0.47,0.23,0.23,53
118,5,Friday,12,36.4,34,15,18,0.57,0.25,0.3,53
118,5,Friday,13,35.28,34,17,16,0.57,0.28,0.27,53
118,5,Friday,14,35.09,34,16,17,0.57,0.27,0.28,53
118,5,Friday,15,37.87,38,19,20,0.63,0.32,0.33,53
118,5,Friday,16,48.32,46,18,26,0.77,0.3,0.43,53
118,5,Friday,17,70.85,64,28,36,1.07,0.47,0.6,53
118,5,Friday,18,69.46,63,24,37.5,1.05,0.4,0.62,52
118,5,Friday,19,49.72,48,19,24,0.8,0.32,0.4,53
118,5,Friday,20,27.72,23,12,11,0.38,0.2,0.18,53
118,5,Friday,21,28.23,25,16,9,0.42,0.27,0.15,53
118,5,Friday,22,45.42,43,27,12,0.72,0.45,0.2,53
118,5,Friday,23,33.04,25,16,10,0.42,0.27,0.17,53
118,6,Saturday,0,10.67,10,5,5,0.17,0.08,0.08,52
118,6,Saturday,1,6.19,5,2,3,0.08,0.03,0.05,47
118,6,Saturday,2,3.22,3,0,2,0.05,0,0.03,37
118,6,Saturday,3,3.15,1,1,1,0.02,0.02,0.02,20
118,6,Saturday,4,2.77,1,1,1,0.02,0.02,0.02,13
118,6,Saturday,5,1.74,1,1,1,0.02,0.02,0.02,23
118,6,Saturday,6,2.22,2,1,1,0.03,0.02,0.02,41
118,6,Saturday,7,4.94,4,2,1,0.07,0.03,0.02,49
118,6,Saturday,8,10.5,9.5,4,4.5,0.16,0.07,0.07,52
118,6,Saturday,9,20.67,18,6,11,0.3,0.1,0.18,52
118,6,Saturday,10,27.19,24,9,16,0.4,0.15,0.27,52
118,6,Saturday,11,33.46,30.5,13,18,0.51,0.22,0.3,52
118,6,Saturday,12,42.79,36,18,18,0.6,0.3,0.3,52
118,6,Saturday,13,42.87,39.5,19,19,0.66,0.32,0.32,52
118,6,Saturday,14,45.62,40,19.5,21.5,0.67,0.32,0.36,52
118,6,Saturday,15,55.35,50,22,24,0.83,0.37,0.4,52
118,6,Saturday,16,62.94,55,25.5,31,0.92,0.42,0.52,52
118,6,Saturday,17,63.19,58,29,27.5,0.97,0.48,0.46,52
118,6,Saturday,18,64.63,61.5,27.5,32.5,1.02,0.46,0.54,52
118,6,Saturday,19,60.83,53,29.5,22.5,0.88,0.49,0.38,52
118,6,Saturday,20,36.17,30,19,10.5,0.5,0.32,0.17,52
118,6,Saturday,21,36.23,33,25,8,0.55,0.42,0.13,52
118,6,Saturday,22,55.04,50,36,13,0.83,0.6,0.22,52
118,6,Saturday,23,35.63,29,19,9,0.48,0.32,0.15,52
118,7,Sunday,0,15.59,12,6,7,0.2,0.1,0.12,51
118,7,Sunday,1,8.66,7,2,4,0.12,0.03,0.07,50
118,7,Sunday,2,4.35,3.5,1,3,0.06,0.02,0.05,48
118,7,Sunday,3,1.88,2,1,1,0.03,0.02,0.02,24
118,7,Sunday,4,1.93,1,1,1,0.02,0.02,0.02,15
118,7,Sunday,5,1.41,1,1,0,0.02,0.02,0,17
118,7,Sunday,6,2.77,2,1,1,0.03,0.02,0.02,35
118,7,Sunday,7,4.61,3,1,2,0.05,0.02,0.03,49
118,7,Sunday,8,8.31,7,3,4,0.12,0.05,0.07,51
118,7,Sunday,9,17.86,14,5,10,0.23,0.08,0.17,51
118,7,Sunday,10,25.25,22,8,14,0.37,0.13,0.23,51
118,7,Sunday,11,31.75,27,11,15,0.45,0.18,0.25,51
118,7,Sunday,12,39.16,34,14,20,0.57,0.23,0.33,51
118,7,Sunday,13,44.1,35,16,22,0.58,0.27,0.37,51
118,7,Sunday,14,46.88,38,16,22,0.63,0.27,0.37,51
118,7,Sunday,15,45.35,38,18,20,0.63,0.3,0.33,51
118,7,Sunday,16,48.78,44,25,16,0.73,0.42,0.27,51
118,7,Sunday,17,43.45,36,19,14,0.6,0.32,0.23,51
118,7,Sunday,18,47.43,36,19,16,0.6,0.32,0.27,51
118,7,Sunday,19,30.08,27,13,11,0.45,0.22,0.18,51
118,7,Sunday,20,21.84,18,10,7,0.3,0.17,0.12,51
118,7,Sunday,21,17.59,12,6,5,0.2,0.1,0.08,51
118,7,Sunday,22,22,17,10,7,0.28,0.17,0.12,51
118,7,Sunday,23,18.9,10,3,5,0.17,0.05,0.08,51
123,1,Monday,0,1.45,1,1,0,0.02,0.02,0,11
123,1,Monday,1,2.2,1,1,1,0.02,0.02,0.02,5
123,1,Monday,2,1,1,1,0,0.02,0.02,0,5
123,1,Monday,3,1.25,1,1,0,0.02,0.02,0,4
123,1,Monday,4,1.17,1,1,0,0.02,0.02,0,6
123,1,Monday,5,2.08,2,1,1,0.03,0.02,0.02,12
123,1,Monday,6,12,11,5,6,0.18,0.08,0.1,39
123,1,Monday,7,36.5,37,23,13,0.62,0.38,0.22,52
123,1,Monday,8,59.15,60.5,45.5,15,1.01,0.76,0.25,52
123,1,Monday,9,37.77,34,20.5,12.5,0.57,0.34,0.21,52
123,1,Monday,10,37.62,31,15.5,13.5,0.52,0.26,0.22,52
123,1,Monday,11,50.02,42,22,19.5,0.7,0.37,0.32,52
123,1,Monday,12,123.62,122.5,62.5,60.5,2.04,1.04,1.01,52
123,1,Monday,13,129.94,125,83.5,44.5,2.08,1.39,0.74,52
123,1,Monday,14,65.96,53.5,33,20.5,0.89,0.55,0.34,52
123,1,Monday,15,53.21,43,25.5,17.5,0.72,0.42,0.29,52
123,1,Monday,16,58.75,48,28,21.5,0.8,0.47,0.36,52
123,1,Monday,17,76.51,76,34,32,1.27,0.57,0.53,51
123,1,Monday,18,55.11,36,22,14,0.6,0.37,0.23,45
123,1,Monday,19,38.23,25,12,10,0.42,0.2,0.17,39
123,1,Monday,20,27.8,6,4,2.5,0.1,0.07,0.04,30
123,1,Monday,21,10.35,2,1,0,0.03,0.02,0,23
123,1,Monday,22,10.57,3,3,0,0.05,0.05,0,14
123,1,Monday,23,9.91,5,5,0,0.08,0.08,0,11
123,2,Tuesday,0,2.45,1,1,0,0.02,0.02,0,11
123,2,Tuesday,1,1.67,1.5,1,0,0.03,0.02,0,6
123,2,Tuesday,2,2,2,1,1,0.03,0.02,0.02,1
123,2,Tuesday,3,1,1,1,0,0.02,0.02,0,5
123,2,Tuesday,4,1,1,0,1,0.02,0,0.02,1
123,2,Tuesday,5,3.35,4,2,0,0.07,0.03,0,17
123,2,Tuesday,6,20.46,18,11,9,0.3,0.18,0.15,39
123,2,Tuesday,7,50.15,54,34,17,0.9,0.57,0.28,52
123,2,Tuesday,8,67,67,54.5,15,1.12,0.91,0.25,52
123,2,Tuesday,9,40.25,37,23,11.5,0.62,0.38,0.19,52
123,2,Tuesday,10,37.65,32.5,18,11.5,0.54,0.3,0.19,52
123,2,Tuesday,11,44.85,43,24.5,18,0.72,0.41,0.3,52
123,2,Tuesday,12,133.38,139.5,66,65.5,2.33,1.1,1.09,52
123,2,Tuesday,13,136.08,140,91,45,2.33,1.52,0.75,52
123,2,Tuesday,14,52.58,49.5,31.5,17.5,0.82,0.52,0.29,52
123,2,Tuesday,15,44.02,37,22,15.5,0.62,0.37,0.26,52
123,2,Tuesday,16,55.35,52.5,28,23,0.88,0.47,0.38,52
123,2,Tuesday,17,72.83,76,36.5,35,1.27,0.61,0.58,52
123,2,Tuesday,18,46.72,29.5,15.5,13.5,0.49,0.26,0.22,46
123,2,Tuesday,19,37.03,36,20,11,0.6,0.33,0.18,35
123,2,Tuesday,20,18.24,8,6.5,1,0.13,0.11,0.02,34
123,2,Tuesday,21,4.07,1,1,0,0.02,0.02,0,28
123,2,Tuesday,22,6.43,4,2,0,0.07,0.03,0,21
123,2,Tuesday,23,7.88,2,2,0,0.03,0.03,0,17
123,3,Wednesday,0,2.7,1,1,0,0.02,0.02,0,10
123,3,Wednesday,1,2.75,1.5,1,0.5,0.03,0.02,0.01,4
123,3,Wednesday,2,1,1,1,0,0.02,0.02,0,2
123,3,Wednesday,3,1.5,1.5,1,0.5,0.03,0.02,0.01,2
123,3,Wednesday,4,1,1,1,0,0.02,0.02,0,1
123,3,Wednesday,5,3,2,1,1,0.03,0.02,0.02,23
123,3,Wednesday,6,23.49,21,10,11,0.35,0.17,0.18,43
123,3,Wednesday,7,68.08,64,42.5,22,1.07,0.71,0.37,52
123,3,Wednesday,8,74.25,75.5,59.5,17,1.26,0.99,0.28,52
123,3,Wednesday,9,38.87,39,20.5,15,0.65,0.34,0.25,52
123,3,Wednesday,10,40.45,32,19,14,0.53,0.32,0.23,51
123,3,Wednesday,11,43.65,42,22,17.5,0.7,0.37,0.29,52
123,3,Wednesday,12,122.92,118.5,63,54.5,1.98,1.05,0.91,52
123,3,Wednesday,13,121.4,124,84,39.5,2.07,1.4,0.66,52
123,3,Wednesday,14,54.77,54.5,32,20.5,0.91,0.53,0.34,52
123,3,Wednesday,15,47.87,43.5,26,17.5,0.72,0.43,0.29,52
123,3,Wednesday,16,55.85,48,27.5,22.5,0.8,0.46,0.38,52
123,3,Wednesday,17,78.87,72.5,32.5,36.5,1.21,0.54,0.61,52
123,3,Wednesday,18,57.8,40,26,15,0.67,0.43,0.25,45
123,3,Wednesday,19,45.54,33,23,9,0.55,0.38,0.15,37
123,3,Wednesday,20,32.03,13,5.5,3,0.22,0.09,0.05,32
123,3,Wednesday,21,6.28,2,2,0,0.03,0.03,0,29
123,3,Wednesday,22,12.46,3,3,0,0.05,0.05,0,26
123,3,Wednesday,23,9.6,4.5,4.5,0,0.07,0.07,0,20
123,4,Thursday,0,21.88,2,1,0.5,0.03,0.02,0.01,8
123,4,Thursday,1,4.09,1,1,0,0.02,0.02,0,11
123,4,Thursday,2,1.33,1,1,0,0.02,0.02,0,6
123,4,Thursday,3,1,1,1,0,0.02,0.02,0,3
123,4,Thursday,4,1.75,1.5,1,1,0.03,0.02,0.02,4
123,4,Thursday,5,3,2,1,0,0.03,0.02,0,24
123,4,Thursday,6,20.63,18,12,7,0.3,0.2,0.12,43
123,4,Thursday,7,56.02,57,37,19,0.95,0.62,0.32,52
123,4,Thursday,8,72.67,75,57.5,15,1.25,0.96,0.25,52
123,4,Thursday,9,39.54,39,24.5,13,0.65,0.41,0.22,52
123,4,Thursday,10,39,34.5,19,14,0.58,0.32,0.23,52
123,4,Thursday,11,46.83,44.5,25,19,0.74,0.42,0.32,52
123,4,Thursday,12,118.85,123,64.5,55,2.05,1.07,0.92,52
123,4,Thursday,13,124.38,122.5,81,44.5,2.04,1.35,0.74,52
123,4,Thursday,14,63.08,62,38,23,1.03,0.63,0.38,52
123,4,Thursday,15,51.1,46.5,26.5,19,0.78,0.44,0.32,52
123,4,Thursday,16,60.19,55.5,30.5,25,0.92,0.51,0.42,52
123,4,Thursday,17,83.2,77,39,36,1.28,0.65,0.6,51
123,4,Thursday,18,56.17,49,25.5,21.5,0.82,0.42,0.36,46
123,4,Thursday,19,41.33,34.5,18.5,10.5,0.58,0.31,0.17,40
123,4,Thursday,20,21.94,8,4.5,1,0.13,0.07,0.02,36
123,4,Thursday,21,6.83,2.5,2,0,0.04,0.03,0,30
123,4,Thursday,22,8.18,5,2.5,1,0.08,0.04,0.02,34
123,4,Thursday,23,8.45,3.5,3,0,0.06,0.05,0,22
123,5,Friday,0,2.55,1,1,0,0.02,0.02,0,11
123,5,Friday,1,1.7,1,1,0,0.02,0.02,0,10
123,5,Friday,3,2,2,1,1,0.03,0.02,0.02,1
123,5,Friday,4,1.17,1,1,0,0.02,0.02,0,6
123,5,Friday,5,2.56,1,1,0,0.02,0.02,0,25
123,5,Friday,6,16.57,17,8,7,0.28,0.13,0.12,42
123,5,Friday,7,48.4,45,26,20,0.75,0.43,0.33,53
123,5,Friday,8,58.98,55,42,17,0.92,0.7,0.28,53
123,5,Friday,9,60.42,43,26,15,0.72,0.43,0.25,53
123,5,Friday,10,96.68,36,20,14,0.6,0.33,0.23,53
123,5,Friday,11,65.4,43,24,17,0.72,0.4,0.28,53
123,5,Friday,12,78.74,80,42,33,1.33,0.7,0.55,53
123,5,Friday,13,92.47,91,59,30,1.52,0.98,0.5,53
123,5,Friday,14,61.53,58,35,20,0.97,0.58,0.33,53
123,5,Friday,15,56.11,48,31,19,0.8,0.52,0.32,53
123,5,Friday,16,65.96,55,33,22,0.92,0.55,0.37,53
123,5,Friday,17,78.6,67,38,24,1.12,0.63,0.4,53
123,5,Friday,18,59.98,41,22,17,0.68,0.37,0.28,49
123,5,Friday,19,45.21,23.5,13,9,0.39,0.22,0.15,48
123,5,Friday,20,28.24,6,5,2,0.1,0.08,0.03,41
123,5,Friday,21,10.62,3,3,0,0.05,0.05,0,37
123,5,Friday,22,16.89,10.5,9,1.5,0.17,0.15,0.03,38
123,5,Friday,23,12.29,9,7,1,0.15,0.12,0.02,31
123,6,Saturday,0,3.83,2,1.5,0,0.03,0.03,0,12
123,6,Saturday,1,7.3,1.5,1.5,0,0.03,0.03,0,10
123,6,Saturday,2,8.8,1,1,0,0.02,0.02,0,5
123,6,Saturday,3,3,1,1,0,0.02,0.02,0,3
123,6,Saturday,4,1.5,1.5,1,0.5,0.03,0.02,0.01,2
123,6,Saturday,5,1.4,1,0,1,0.02,0,0.02,10
123,6,Saturday,6,9,7,3,3,0.12,0.05,0.05,35
123,6,Saturday,7,26,25.5,13,11,0.42,0.22,0.18,52
123,6,Saturday,8,40.08,41,20,17.5,0.68,0.33,0.29,52
123,6,Saturday,9,51.04,48,28,20.5,0.8,0.47,0.34,52
123,6,Saturday,10,54.08,46.5,27.5,19.5,0.78,0.46,0.32,52
123,6,Saturday,11,59.65,51,31.5,18,0.85,0.52,0.3,52
123,6,Saturday,12,65.19,53.5,34.5,18,0.89,0.58,0.3,52
123,6,Saturday,13,64.8,55,35,23,0.92,0.58,0.38,51
123,6,Saturday,14,65.77,59.5,35.5,20.5,0.99,0.59,0.34,52
123,6,Saturday,15,87.87,69,42,27,1.15,0.7,0.45,52
123,6,Saturday,16,89.69,73,45.5,24,1.22,0.76,0.4,52
123,6,Saturday,17,91,70,44,21,1.17,0.73,0.35,51
123,6,Saturday,18,72.04,41,25,12,0.68,0.42,0.2,49
123,6,Saturday,19,66.61,35,16,7.5,0.58,0.27,0.12,46
123,6,Saturday,20,30.28,10,6,3,0.17,0.1,0.05,39
123,6,Saturday,21,11.24,2,2,1,0.03,0.03,0.02,34
123,6,Saturday,22,16.49,6,5,1,0.1,0.08,0.02,37
123,6,Saturday,23,14.56,7,6,0,0.12,0.1,0,27
123,7,Sunday,0,3.12,2,1,0,0.03,0.02,0,17
123,7,Sunday,1,1.4,1,1,0.5,0.02,0.02,0.01,10
123,7,Sunday,2,1,1,1,0,0.02,0.02,0,5
123,7,Sunday,3,1.33,1,1,0,0.02,0.02,0,3
123,7,Sunday,4,1,1,1,0,0.02,0.02,0,2
123,7,Sunday,5,2.08,1,0,1,0.02,0,0.02,12
123,7,Sunday,6,9.92,6,3,3,0.1,0.05,0.05,37
123,7,Sunday,7,28.17,25,10,12.5,0.42,0.17,0.21,52
123,7,Sunday,8,38.54,38,17.5,17,0.63,0.29,0.28,52
123,7,Sunday,9,56.33,54.5,33,19,0.91,0.55,0.32,52
123,7,Sunday,10,63.79,53.5,32,19.5,0.89,0.53,0.32,52
123,7,Sunday,11,69.27,59,33,24.5,0.98,0.55,0.41,52
123,7,Sunday,12,82.37,58,33.5,22.5,0.97,0.56,0.38,52
123,7,Sunday,13,72.31,59,35.5,22,0.98,0.59,0.37,52
123,7,Sunday,14,78.52,54,36,23.5,0.9,0.6,0.39,52
123,7,Sunday,15,74.35,65,37.5,22.5,1.08,0.62,0.38,52
123,7,Sunday,16,90.9,61,41.5,20,1.02,0.69,0.33,52
123,7,Sunday,17,81.54,58,41,17,0.97,0.68,0.28,52
123,7,Sunday,18,72.82,33.5,21,11.5,0.56,0.35,0.19,44
123,7,Sunday,19,52.89,20.5,12,10.5,0.34,0.2,0.17,38
123,7,Sunday,20,30.74,4,3,1,0.07,0.05,0.02,35
123,7,Sunday,21,21.77,1,1,0,0.02,0.02,0,22
123,7,Sunday,22,21.29,4,3,1,0.07,0.05,0.02,17
123,7,Sunday,23,17.65,4,4,1,0.07,0.07,0.02,17
124,1,Monday,6,1.78,2,1,1,0.03,0.02,0.02,9
124,1,Monday,7,2.39,2,1,1.5,0.03,0.02,0.03,36
124,1,Monday,8,3.89,3,1,2,0.05,0.02,0.03,35
124,1,Monday,9,4.13,3,1,2,0.05,0.02,0.03,38
124,1,Monday,10,4.72,3,1,2,0.05,0.02,0.03,39
124,1,Monday,11,4.88,4,2,2,0.07,0.03,0.03,41
124,1,Monday,12,8.55,6,3,4,0.1,0.05,0.07,44
124,1,Monday,13,8.76,6.5,3,4,0.11,0.05,0.07,50
124,1,Monday,14,6.8,5,2,3,0.08,0.03,0.05,45
124,1,Monday,15,6,4,2,3,0.07,0.03,0.05,42
124,1,Monday,16,4.74,4,1,2,0.07,0.02,0.03,43
124,1,Monday,17,5.72,4,2,3,0.07,0.03,0.05,39
124,1,Monday,18,6.15,4,1,2,0.07,0.02,0.03,27
124,1,Monday,19,4.85,2,1,2,0.03,0.02,0.03,20
124,1,Monday,20,4.25,3,1,1.5,0.05,0.02,0.03,12
124,1,Monday,21,1,1,1,0,0.02,0.02,0,1
124,1,Monday,22,1,1,0,1,0.02,0,0.02,1
124,2,Tuesday,0,1,1,0,1,0.02,0,0.02,1
124,2,Tuesday,6,2.2,2,1,1,0.03,0.02,0.02,10
124,2,Tuesday,7,2.08,2,1,1,0.03,0.02,0.02,26
124,2,Tuesday,8,3.44,3,1,1,0.05,0.02,0.02,36
124,2,Tuesday,9,3.59,3,1,1,0.05,0.02,0.02,37
124,2,Tuesday,10,5.28,4,2,2,0.07,0.03,0.03,36
124,2,Tuesday,11,4.64,3,1,2,0.05,0.02,0.03,39
124,2,Tuesday,12,10.33,7,3,4,0.12,0.05,0.07,46
124,2,Tuesday,13,9.1,8,3,4,0.13,0.05,0.07,50
124,2,Tuesday,14,5.84,5,2,3,0.08,0.03,0.05,43
124,2,Tuesday,15,5.22,4,1.5,2,0.07,0.03,0.03,46
124,2,Tuesday,16,6.53,5,1,3,0.08,0.02,0.05,43
124,2,Tuesday,17,6,4,2,2,0.07,0.03,0.03,41
124,2,Tuesday,18,6.38,4,1,3,0.07,0.02,0.05,26
124,2,Tuesday,19,4.9,4,1,3,0.07,0.02,0.05,20
124,2,Tuesday,20,5.11,5,2,3,0.08,0.03,0.05,9
124,3,Wednesday,6,2.82,2,1,1,0.03,0.02,0.02,11
124,3,Wednesday,7,2.74,2,1,1,0.03,0.02,0.02,34
124,3,Wednesday,8,4.32,3,2,2,0.05,0.03,0.03,37
124,3,Wednesday,9,4.51,4,1,2,0.07,0.02,0.03,37
124,3,Wednesday,10,4.58,4,1,2,0.07,0.02,0.03,45
124,3,Wednesday,11,3.48,2,1,1,0.03,0.02,0.02,46
124,3,Wednesday,12,7.86,5,2,4,0.08,0.03,0.07,50
124,3,Wednesday,13,8.82,7,4,3,0.12,0.07,0.05,51
124,3,Wednesday,14,5.43,4,2,2,0.07,0.03,0.03,42
124,3,Wednesday,15,4.57,3,1,2,0.05,0.02,0.03,47
124,3,Wednesday,16,5.72,4,2,2,0.07,0.03,0.03,40
124,3,Wednesday,17,8.24,6,2,3,0.1,0.03,0.05,38
124,3,Wednesday,18,8.97,5,2,2,0.08,0.03,0.03,29
124,3,Wednesday,19,8.16,5,1,3,0.08,0.02,0.05,19
124,3,Wednesday,20,7.09,4,2,3,0.07,0.03,0.05,11
124,3,Wednesday,21,1,1,0,1,0.02,0,0.02,1
124,4,Thursday,5,1,1,0,1,0.02,0,0.02,3
124,4,Thursday,6,1.53,1,0,1,0.02,0,0.02,15
124,4,Thursday,7,3.07,2,1,1,0.03,0.02,0.02,29
124,4,Thursday,8,3.81,3,1,2,0.05,0.02,0.03,37
124,4,Thursday,9,4.62,3,1,2,0.05,0.02,0.03,40
124,4,Thursday,10,4.29,3,1,2,0.05,0.02,0.03,38
124,4,Thursday,11,5.68,4,2,2,0.07,0.03,0.03,40
124,4,Thursday,12,8.47,7,3,4,0.12,0.05,0.07,49
124,4,Thursday,13,9.81,6,3,4,0.1,0.05,0.07,48
124,4,Thursday,14,6.11,5,2,3,0.08,0.03,0.05,45
124,4,Thursday,15,4.95,4,1,2,0.07,0.02,0.03,44
124,4,Thursday,16,5.36,4,2,2,0.07,0.03,0.03,44
124,4,Thursday,17,8.15,6,2,3,0.1,0.03,0.05,41
124,4,Thursday,18,6.81,5,1,4,0.08,0.02,0.07,27
124,4,Thursday,19,5.22,4,1,3,0.07,0.02,0.05,23
124,4,Thursday,20,2.79,2,1.5,1,0.03,0.03,0.02,14
124,4,Thursday,21,1,1,0,1,0.02,0,0.02,2
124,5,Friday,5,1,1,0,1,0.02,0,0.02,2
124,5,Friday,6,1.75,1,1,0,0.02,0.02,0,8
124,5,Friday,7,3.1,3,0.5,2,0.05,0.01,0.03,42
124,5,Friday,8,4.95,3,1,3,0.05,0.02,0.05,43
124,5,Friday,9,8.55,3.5,1,2,0.06,0.02,0.03,44
124,5,Friday,10,19.35,3,1,2,0.05,0.02,0.03,48
124,5,Friday,11,9.59,4,2,2,0.07,0.03,0.03,49
124,5,Friday,12,6.33,5,2,3,0.08,0.03,0.05,46
124,5,Friday,13,7.88,7,3,3,0.12,0.05,0.05,50
124,5,Friday,14,5.24,4,2,2,0.07,0.03,0.03,50
124,5,Friday,15,5.63,4,2,2,0.07,0.03,0.03,43
124,5,Friday,16,5.39,5,1,3,0.08,0.02,0.05,49
124,5,Friday,17,8.55,7,2,5,0.12,0.03,0.08,44
124,5,Friday,18,9.07,7,2,5,0.12,0.03,0.08,30
124,5,Friday,19,6.18,5,2,2.5,0.08,0.03,0.04,22
124,5,Friday,20,7.5,3.5,1,2,0.06,0.02,0.03,12
124,5,Friday,21,1,1,0.5,0.5,0.02,0.01,0.01,2
124,5,Friday,22,2,2,2,0,0.03,0.03,0,1
124,6,Saturday,5,1,1,0.5,0.5,0.02,0.01,0.01,2
124,6,Saturday,6,4,2,0,1,0.03,0,0.02,10
124,6,Saturday,7,2.89,2,1,1,0.03,0.02,0.02,27
124,6,Saturday,8,3.03,3,1,2,0.05,0.02,0.03,35
124,6,Saturday,9,4.56,3,1,2,0.05,0.02,0.03,36
124,6,Saturday,10,6.29,4,1,3,0.07,0.02,0.05,41
124,6,Saturday,11,6.51,3,1,2,0.05,0.02,0.03,43
124,6,Saturday,12,8.1,5,2,3,0.08,0.03,0.05,42
124,6,Saturday,13,6.71,4,1,3,0.07,0.02,0.05,45
124,6,Saturday,14,6.64,4,1,3,0.07,0.02,0.05,45
124,6,Saturday,15,9.33,5,2,3,0.08,0.03,0.05,48
124,6,Saturday,16,8.27,6,2,4,0.1,0.03,0.07,44
124,6,Saturday,17,8.83,5,1,4,0.08,0.02,0.07,42
124,6,Saturday,18,8.45,6,1,3,0.1,0.02,0.05,31
124,6,Saturday,19,8.64,5.5,2,3,0.09,0.03,0.05,22
124,6,Saturday,20,4.17,3.5,1,2,0.06,0.02,0.03,12
124,6,Saturday,21,1,1,0,1,0.02,0,0.02,1
124,7,Sunday,5,1,1,1,0,0.02,0.02,0,1
124,7,Sunday,6,2.44,1,1,1,0.02,0.02,0.02,9
124,7,Sunday,7,2.62,2,1,1,0.03,0.02,0.02,21
124,7,Sunday,8,2.75,2,1,1,0.03,0.02,0.02,32
124,7,Sunday,9,3.67,3,1,2,0.05,0.02,0.03,33
124,7,Sunday,10,4.21,3,1,2,0.05,0.02,0.03,43
124,7,Sunday,11,5.95,3,2,2,0.05,0.03,0.03,44
124,7,Sunday,12,7.5,4,1,3,0.07,0.02,0.05,46
124,7,Sunday,13,7.48,5,2,4,0.08,0.03,0.07,44
124,7,Sunday,14,9.05,6,2,4,0.1,0.03,0.07,44
124,7,Sunday,15,7.09,5,2,3,0.08,0.03,0.05,47
124,7,Sunday,16,8.1,5,2,2,0.08,0.03,0.03,42
124,7,Sunday,17,9.9,5,2,3,0.08,0.03,0.05,41
124,7,Sunday,18,9.61,3.5,1.5,2.5,0.06,0.03,0.04,28
124,7,Sunday,19,6.74,4,1,2,0.07,0.02,0.03,19
124,7,Sunday,20,3.83,3,1,1,0.05,0.02,0.02,12
124,7,Sunday,21,1.5,1.5,0.5,1,0.03,0.01,0.02,2
124,7,Sunday,22,1,1,0,1,0.02,0,0.02,1
130,1,Monday,0,2.36,2,1,0,0.03,0.02,0,33
130,1,Monday,1,1.75,1,1,1,0.02,0.02,0.02,24
130,1,Monday,2,1.45,1,1,0,0.02,0.02,0,11
130,1,Monday,3,1.38,1,1,0,0.02,0.02,0,8
130,1,Monday,4,1.73,1,0,1,0.02,0,0.02,11
130,1,Monday,5,2.14,1.5,1,0,0.03,0.02,0,36
130,1,Monday,6,28.29,14,9,3,0.23,0.15,0.05,52
130,1,Monday,7,30.9,29.5,15.5,12,0.49,0.26,0.2,52
130,1,Monday,8,48.15,45.5,24.5,20,0.76,0.41,0.33,52
130,1,Monday,9,79.06,78,46,33.5,1.3,0.77,0.56,52
130,1,Monday,10,97.1,94.5,59,36.5,1.57,0.98,0.61,52
130,1,Monday,11,99.67,105,61,40.5,1.75,1.02,0.68,52
130,1,Monday,12,186.67,195.5,109.5,82,3.26,1.82,1.37,52
130,1,Monday,13,143.85,151,83,63.5,2.52,1.38,1.06,52
130,1,Monday,14,105.75,104.5,62.5,44,1.74,1.04,0.73,52
130,1,Monday,15,102.98,107,58.5,44.5,1.78,0.98,0.74,52
130,1,Monday,16,103.58,108,54,53,1.8,0.9,0.88,52
130,1,Monday,17,98.13,98.5,53.5,46,1.64,0.89,0.77,52
130,1,Monday,18,83.67,92,45.5,42.5,1.53,0.76,0.71,52
130,1,Monday,19,45.38,44,21,19.5,0.73,0.35,0.32,52
130,1,Monday,20,34.06,27.5,16,11,0.46,0.27,0.18,52
130,1,Monday,21,16.18,14.5,9,4,0.24,0.15,0.07,50
130,1,Monday,22,9.67,9,5,3,0.15,0.08,0.05,51
130,1,Monday,23,3.74,3,2,1,0.05,0.03,0.02,43
130,2,Tuesday,0,2.03,2,1,1,0.03,0.02,0.02,31
130,2,Tuesday,1,1.67,1,1,0,0.02,0.02,0,27
130,2,Tuesday,2,1.4,1,1,1,0.02,0.02,0.02,10
130,2,Tuesday,3,1.3,1,0,1,0.02,0,0.02,10
130,2,Tuesday,4,1.25,1,0,1,0.02,0,0.02,8
130,2,Tuesday,5,2.81,2,1,1,0.03,0.02,0.02,42
130,2,Tuesday,6,41.87,38,32.5,4,0.63,0.54,0.07,52
130,2,Tuesday,7,33.54,34.5,18,13.5,0.58,0.3,0.22,52
130,2,Tuesday,8,53.46,54,29,20.5,0.9,0.48,0.34,52
130,2,Tuesday,9,92.33,92.5,58.5,32,1.54,0.98,0.53,52
130,2,Tuesday,10,119.75,121,78,39.5,2.02,1.3,0.66,52
130,2,Tuesday,11,118.73,120,68,49,2,1.13,0.82,52
130,2,Tuesday,12,229.6,232.5,126,106,3.88,2.1,1.77,52
130,2,Tuesday,13,178.77,187,108,73,3.12,1.8,1.22,52
130,2,Tuesday,14,126.67,130.5,66,63,2.17,1.1,1.05,52
130,2,Tuesday,15,114.96,113,61,53,1.88,1.02,0.88,52
130,2,Tuesday,16,119.37,121,57,62,2.02,0.95,1.03,52
130,2,Tuesday,17,115.9,118.5,61,57.5,1.98,1.02,0.96,52
130,2,Tuesday,18,91.71,99,49,46.5,1.65,0.82,0.78,52
130,2,Tuesday,19,55.12,55.5,22.5,27.5,0.92,0.38,0.46,52
130,2,Tuesday,20,37.29,29.5,15.5,13,0.49,0.26,0.22,52
130,2,Tuesday,21,18.47,18,10,7,0.3,0.17,0.12,51
130,2,Tuesday,22,10.43,10,6,3,0.17,0.1,0.05,49
130,2,Tuesday,23,4.61,3.5,2,2,0.06,0.03,0.03,44
130,3,Wednesday,0,1.81,1,1,1,0.02,0.02,0.02,32
130,3,Wednesday,1,1.5,1,1,0,0.02,0.02,0,14
130,3,Wednesday,2,1.53,1,1,1,0.02,0.02,0.02,15
130,3,Wednesday,3,1.57,1,1,0,0.02,0.02,0,14
130,3,Wednesday,4,1.25,1,0.5,0.5,0.02,0.01,0.01,12
130,3,Wednesday,5,3.11,2,2,0,0.03,0.03,0,47
130,3,Wednesday,6,48.33,43.5,39,4,0.72,0.65,0.07,52
130,3,Wednesday,7,35.62,33,19,15,0.55,0.32,0.25,52
130,3,Wednesday,8,52.12,50,30,22,0.83,0.5,0.37,52
130,3,Wednesday,9,98.25,101,63,35.5,1.68,1.05,0.59,52
130,3,Wednesday,10,120.38,123,77.5,43,2.05,1.29,0.72,52
130,3,Wednesday,11,140.19,139,75.5,63,2.32,1.26,1.05,52
130,3,Wednesday,12,235.04,238.5,138.5,99.5,3.98,2.31,1.66,52
130,3,Wednesday,13,169.96,171.5,96.5,74.5,2.86,1.61,1.24,52
130,3,Wednesday,14,139.35,140,73,66.5,2.33,1.22,1.11,52
130,3,Wednesday,15,132.56,136,62,72,2.27,1.03,1.2,52
130,3,Wednesday,16,125.13,127,61,63,2.12,1.02,1.05,52
130,3,Wednesday,17,119.54,122,59,61,2.03,0.98,1.02,52
130,3,Wednesday,18,98.37,109.5,62,46.5,1.82,1.03,0.78,52
130,3,Wednesday,19,63.48,49,24,22.5,0.82,0.4,0.38,52
130,3,Wednesday,20,39.08,28.5,18,10,0.48,0.3,0.17,52
130,3,Wednesday,21,29.98,22.5,11.5,9.5,0.38,0.19,0.16,52
130,3,Wednesday,22,12.98,9,6,3,0.15,0.1,0.05,51
130,3,Wednesday,23,8.11,4,2,2,0.07,0.03,0.03,46
130,4,Thursday,0,5.12,1,1,0,0.02,0.02,0,32
130,4,Thursday,1,2.75,1,1,0,0.02,0.02,0,16
130,4,Thursday,2,1.7,2,1,1,0.03,0.02,0.02,10
130,4,Thursday,3,1.25,1,0.5,0.5,0.02,0.01,0.01,12
130,4,Thursday,4,1.25,1,1,0,0.02,0.02,0,12
130,4,Thursday,5,2.95,2,2,1,0.03,0.03,0.02,42
130,4,Thursday,6,50.52,45.5,42,4,0.76,0.7,0.07,52
130,4,Thursday,7,35.83,34,21,14.5,0.57,0.35,0.24,52
130,4,Thursday,8,51.54,50.5,29,20.5,0.84,0.48,0.34,52
130,4,Thursday,9,96.98,94.5,58,36,1.57,0.97,0.6,52
130,4,Thursday,10,127.73,129.5,84.5,43,2.16,1.41,0.72,52
130,4,Thursday,11,133.48,134,74,58,2.23,1.23,0.97,52
130,4,Thursday,12,231.79,237,127,111.5,3.95,2.12,1.86,52
130,4,Thursday,13,174.62,179,96.5,77.5,2.98,1.61,1.29,52
130,4,Thursday,14,134.98,136,73,61,2.27,1.22,1.02,52
130,4,Thursday,15,121.1,121,63,59,2.02,1.05,0.98,52
130,4,Thursday,16,118.79,122.5,58.5,60.5,2.04,0.98,1.01,52
130,4,Thursday,17,122.35,127.5,63,61,2.12,1.05,1.02,52
130,4,Thursday,18,94.83,98,48,46,1.63,0.8,0.77,52
130,4,Thursday,19,55.75,51.5,28,22,0.86,0.47,0.37,52
130,4,Thursday,20,40.47,33,17,16,0.55,0.28,0.27,51
130,4,Thursday,21,20.59,19,13,7,0.32,0.22,0.12,51
130,4,Thursday,22,12.73,12.5,7.5,3,0.21,0.12,0.05,52
130,4,Thursday,23,6.31,5,3,2,0.08,0.05,0.03,48
130,5,Friday,0,2.45,2.5,1,1,0.04,0.02,0.02,42
130,5,Friday,1,2,2,1,1,0.03,0.02,0.02,23
130,5,Friday,2,1.8,1,1,1,0.02,0.02,0.02,15
130,5,Friday,3,1.23,1,1,0,0.02,0.02,0,13
130,5,Friday,4,1.33,1,0.5,1,0.02,0.01,0.02,12
130,5,Friday,5,3.02,2,2,0,0.03,0.03,0,43
130,5,Friday,6,46.9,40.5,38,3,0.68,0.63,0.05,52
130,5,Friday,7,36.79,35,19,15,0.58,0.32,0.25,53
130,5,Friday,8,59.19,57,31,24,0.95,0.52,0.4,53
130,5,Friday,9,88.38,85,47,38,1.42,0.78,0.63,53
130,5,Friday,10,95.74,97,46,47,1.62,0.77,0.78,53
130,5,Friday,11,107.98,109,58,50,1.82,0.97,0.83,53
130,5,Friday,12,165.91,180,104,71,3,1.73,1.18,53
130,5,Friday,13,145.79,149,91,57,2.48,1.52,0.95,53
130,5,Friday,14,129.98,135,68,62,2.25,1.13,1.03,53
130,5,Friday,15,121.72,126,63,58,2.1,1.05,0.97,53
130,5,Friday,16,107.13,108,58,48,1.8,0.97,0.8,53
130,5,Friday,17,112.11,115,50,61,1.92,0.83,1.02,53
130,5,Friday,18,61.09,66,35,26,1.1,0.58,0.43,53
130,5,Friday,19,48.53,48,28,17,0.8,0.47,0.28,53
130,5,Friday,20,33.89,24,17,11,0.4,0.28,0.18,53
130,5,Friday,21,24.4,21,12,7,0.35,0.2,0.12,53
130,5,Friday,22,13.85,13,7,4,0.22,0.12,0.07,53
130,5,Friday,23,7.46,6.5,4,2,0.11,0.07,0.03,52
130,6,Saturday,0,4.17,3,2,1,0.05,0.03,0.02,41
130,6,Saturday,1,2.33,2,1,1,0.03,0.02,0.02,27
130,6,Saturday,2,1.68,1,1,0,0.02,0.02,0,22
130,6,Saturday,3,1.6,1,1,0,0.02,0.02,0,15
130,6,Saturday,4,1.56,1.5,1,1,0.03,0.02,0.02,16
130,6,Saturday,5,1.54,1,1,1,0.02,0.02,0.02,26
130,6,Saturday,6,9.9,9.5,8,1,0.16,0.13,0.02,50
130,6,Saturday,7,69.6,69.5,62.5,10,1.16,1.04,0.17,52
130,6,Saturday,8,81.06,79,59,21.5,1.32,0.98,0.36,52
130,6,Saturday,9,89.67,89,58.5,31.5,1.48,0.98,0.52,52
130,6,Saturday,10,122.15,121,72,54.5,2.02,1.2,0.91,52
130,6,Saturday,11,151.08,145.5,82.5,71.5,2.42,1.38,1.19,52
130,6,Saturday,12,139.31,142,72.5,67,2.37,1.21,1.12,52
130,6,Saturday,13,129.44,131.5,71.5,59,2.19,1.19,0.98,52
130,6,Saturday,14,135.23,137.5,63.5,71.5,2.29,1.06,1.19,52
130,6,Saturday,15,126.9,128.5,51.5,77,2.14,0.86,1.28,52
130,6,Saturday,16,88.98,88.5,45,41.5,1.48,0.75,0.69,52
130,6,Saturday,17,72.5,75,44,29,1.25,0.73,0.48,52
130,6,Saturday,18,56.61,57,32,21,0.95,0.53,0.35,51
130,6,Saturday,19,45.48,37.5,21,13.5,0.62,0.35,0.22,50
130,6,Saturday,20,34.34,26,16,9.5,0.43,0.27,0.16,50
130,6,Saturday,21,20.33,18,10,7,0.3,0.17,0.12,51
130,6,Saturday,22,12.33,12,6,4,0.2,0.1,0.07,51
130,6,Saturday,23,8.77,7,4,2,0.12,0.07,0.03,47
130,7,Sunday,0,3.36,3,1.5,1,0.05,0.03,0.02,44
130,7,Sunday,1,2.84,2,1,1,0.03,0.02,0.02,25
130,7,Sunday,2,1.81,1,1,1,0.02,0.02,0.02,27
130,7,Sunday,3,1.94,1,1,1,0.02,0.02,0.02,16
130,7,Sunday,4,1.62,1,0,1,0.02,0,0.02,13
130,7,Sunday,5,1.45,1,1,1,0.02,0.02,0.02,11
130,7,Sunday,6,3.21,2,1.5,1,0.03,0.03,0.02,38
130,7,Sunday,7,13.87,13.5,7,5,0.22,0.12,0.08,52
130,7,Sunday,8,39.75,37.5,22,14,0.62,0.37,0.23,52
130,7,Sunday,9,56.94,50.5,26,23.5,0.84,0.43,0.39,52
130,7,Sunday,10,70.19,66,29.5,35,1.1,0.49,0.58,52
130,7,Sunday,11,80.58,81,45.5,32,1.35,0.76,0.53,52
130,7,Sunday,12,100.83,100.5,67,33,1.68,1.12,0.55,52
130,7,Sunday,13,101.48,99.5,63,37,1.66,1.05,0.62,52
130,7,Sunday,14,104.13,104,59,44,1.73,0.98,0.73,52
130,7,Sunday,15,122.08,123,44.5,79.5,2.05,0.74,1.32,52
130,7,Sunday,16,82.67,81,42,39.5,1.35,0.7,0.66,52
130,7,Sunday,17,61.08,60.5,34,24,1.01,0.57,0.4,52
130,7,Sunday,18,48.29,46,25,20,0.77,0.42,0.33,52
130,7,Sunday,19,35.19,29,19,8,0.48,0.32,0.13,52
130,7,Sunday,20,27.8,23,14,9,0.38,0.23,0.15,51
130,7,Sunday,21,17.28,17,8.5,6,0.28,0.14,0.1,50
130,7,Sunday,22,10.06,8,5,3,0.13,0.08,0.05,49
130,7,Sunday,23,4.65,3,2,1,0.05,0.03,0.02,49
131,1,Monday,0,58.24,42,22,19,0.7,0.37,0.32,45
131,1,Monday,1,40.09,31,16,15,0.52,0.27,0.25,45
131,1,Monday,2,30.29,22,11,11,0.37,0.18,0.18,45
131,1,Monday,3,25.16,18,8,10,0.3,0.13,0.17,45
131,1,Monday,4,19.84,14,6,8,0.23,0.1,0.13,45
131,1,Monday,5,15.33,14,6,6,0.23,0.1,0.1,45
131,1,Monday,6,27.67,27,15,11,0.45,0.25,0.18,45
131,1,Monday,7,69.69,72,48,25,1.2,0.8,0.42,45
131,1,Monday,8,162.89,174,124.5,47,2.9,2.08,0.78,46
131,1,Monday,9,145.54,144,81,61.5,2.4,1.35,1.02,46
131,1,Monday,10,179.73,179,61,113,2.98,1.02,1.88,45
131,1,Monday,11,200.14,193.5,79.5,115.5,3.22,1.32,1.93,44
131,1,Monday,12,305.45,311.5,137.5,169,5.19,2.29,2.82,44
131,1,Monday,13,323.39,327,165,154,5.45,2.75,2.57,44
131,1,Monday,14,223.5,219.5,116,100,3.66,1.93,1.67,44
131,1,Monday,15,200.86,200,114,85,3.33,1.9,1.42,44
131,1,Monday,16,205.52,208.5,105,95.5,3.48,1.75,1.59,44
131,1,Monday,17,232.77,234,84.5,155,3.9,1.41,2.58,44
131,1,Monday,18,155.68,145,61.5,80.5,2.42,1.02,1.34,44
131,1,Monday,19,127.68,122,63.5,64,2.03,1.06,1.07,44
131,1,Monday,20,116.75,118,63.5,50,1.97,1.06,0.83,44
131,1,Monday,21,109.48,102.5,56,40.5,1.71,0.93,0.68,44
131,1,Monday,22,84.39,73,39,30,1.22,0.65,0.5,44
131,1,Monday,23,54.84,45,24,18,0.75,0.4,0.3,44
131,2,Tuesday,0,38.23,30,17,12,0.5,0.28,0.2,44
131,2,Tuesday,1,20.91,19,10.5,9,0.32,0.17,0.15,44
131,2,Tuesday,2,15.59,14,6,7,0.23,0.1,0.12,44
131,2,Tuesday,3,12.64,11.5,4,5.5,0.19,0.07,0.09,44
131,2,Tuesday,4,8.84,7.5,3.5,4,0.12,0.06,0.07,44
131,2,Tuesday,5,11.86,12,6,6,0.2,0.1,0.1,44
131,2,Tuesday,6,31.93,30.5,17,14,0.51,0.28,0.23,44
131,2,Tuesday,7,89.89,94.5,61.5,31.5,1.57,1.02,0.52,44
131,2,Tuesday,8,192.36,202.5,149.5,48,3.38,2.49,0.8,44
131,2,Tuesday,9,176.77,164.5,96,69.5,2.74,1.6,1.16,44
131,2,Tuesday,10,191.41,186,74.5,113,3.1,1.24,1.88,44
131,2,Tuesday,11,193.43,189.5,80.5,108.5,3.16,1.34,1.81,44
131,2,Tuesday,12,344.67,354,146,204,5.9,2.43,3.4,45
131,2,Tuesday,13,360.73,359,178,178,5.98,2.97,2.97,45
131,2,Tuesday,14,230.39,234,114.5,116.5,3.9,1.91,1.94,44
131,2,Tuesday,15,224.55,225,117.5,104.5,3.75,1.96,1.74,44
131,2,Tuesday,16,215.45,203,90,112.5,3.38,1.5,1.88,44
131,2,Tuesday,17,278.73,288.5,98,185.5,4.81,1.63,3.09,44
131,2,Tuesday,18,189.75,186.5,73,110.5,3.11,1.22,1.84,44
131,2,Tuesday,19,136.77,127,62.5,70.5,2.12,1.04,1.18,44
131,2,Tuesday,20,140.59,133,65.5,64.5,2.22,1.09,1.07,44
131,2,Tuesday,21,127.52,116,68,47,1.93,1.13,0.78,44
131,2,Tuesday,22,104.2,91,50.5,38.5,1.52,0.84,0.64,44
131,2,Tuesday,23,76.5,61,33.5,23.5,1.02,0.56,0.39,44
131,3,Wednesday,0,39.95,34.5,18,14.5,0.58,0.3,0.24,44
131,3,Wednesday,1,24.61,20.5,11,10.5,0.34,0.18,0.17,44
131,3,Wednesday,2,16.89,16,7,8,0.27,0.12,0.13,44
131,3,Wednesday,3,13.64,11,5,6.5,0.18,0.08,0.11,44
131,3,Wednesday,4,10.36,9,5,5,0.15,0.08,0.08,44
131,3,Wednesday,5,12.95,12,6,5.5,0.2,0.1,0.09,44
131,3,Wednesday,6,36.5,37,19,18,0.62,0.32,0.3,44
131,3,Wednesday,7,97.95,101.5,63,34,1.69,1.05,0.57,44
131,3,Wednesday,8,201.68,208.5,146.5,56,3.48,2.44,0.93,44
131,3,Wednesday,9,179.7,174,98.5,78,2.9,1.64,1.3,44
131,3,Wednesday,10,212.18,191.5,74,118,3.19,1.23,1.97,44
131,3,Wednesday,11,215.22,213,93,113,3.55,1.55,1.88,45
131,3,Wednesday,12,346.4,345,153,193,5.75,2.55,3.22,45
131,3,Wednesday,13,364.29,378,188,185,6.3,3.13,3.08,45
131,3,Wednesday,14,249.38,253,134,114,4.22,2.23,1.9,45
131,3,Wednesday,15,219.73,214,108,109,3.57,1.8,1.82,45
131,3,Wednesday,16,240.42,242,114,125,4.03,1.9,2.08,45
131,3,Wednesday,17,296.29,291,107,185,4.85,1.78,3.08,45
131,3,Wednesday,18,203.13,206,89,113,3.43,1.48,1.88,45
131,3,Wednesday,19,158.84,145,69,81,2.42,1.15,1.35,45
131,3,Wednesday,20,153.84,144,68,67,2.4,1.13,1.12,45
131,3,Wednesday,21,151.84,117,66,53,1.95,1.1,0.88,45
131,3,Wednesday,22,146.58,111,61,47,1.85,1.02,0.78,45
131,3,Wednesday,23,120.53,78,40,36,1.3,0.67,0.6,45
131,4,Thursday,0,94.42,44,25,18,0.73,0.42,0.3,45
131,4,Thursday,1,51.04,26,14,12,0.43,0.23,0.2,45
131,4,Thursday,2,30.91,16,8,10,0.27,0.13,0.17,45
131,4,Thursday,3,24.16,17,6,11,0.28,0.1,0.18,45
131,4,Thursday,4,17.13,12,5,8,0.2,0.08,0.13,45
131,4,Thursday,5,14.78,12,6,6,0.2,0.1,0.1,45
131,4,Thursday,6,38.76,38,17,19,0.63,0.28,0.32,45
131,4,Thursday,7,99.49,102,64,36,1.7,1.07,0.6,45
131,4,Thursday,8,211.58,214,160,59,3.57,2.67,0.98,45
131,4,Thursday,9,196.36,193,110,85,3.22,1.83,1.42,45
131,4,Thursday,10,192.91,187,72,111,3.12,1.2,1.85,45
131,4,Thursday,11,233.13,218,93,115,3.63,1.55,1.92,45
131,4,Thursday,12,351.84,354,154,200,5.9,2.57,3.33,45
131,4,Thursday,13,371.09,365,184,180,6.08,3.07,3,45
131,4,Thursday,14,249.38,250,128,122,4.17,2.13,2.03,45
131,4,Thursday,15,238.36,242,121,114,4.03,2.02,1.9,45
131,4,Thursday,16,250.67,254,116,129,4.23,1.93,2.15,45
131,4,Thursday,17,310.56,293,114,185,4.88,1.9,3.08,45
131,4,Thursday,18,225.89,223,95,123,3.72,1.58,2.05,45
131,4,Thursday,19,170.24,169,82,84,2.82,1.37,1.4,45
131,4,Thursday,20,165.16,153,81,75,2.55,1.35,1.25,45
131,4,Thursday,21,172.49,166,86,68,2.77,1.43,1.13,45
131,4,Thursday,22,160.73,140,82,57,2.33,1.37,0.95,45
131,4,Thursday,23,114.49,98,56,42,1.63,0.93,0.7,45
131,5,Friday,0,67.8,60,29,27,1,0.48,0.45,46
131,5,Friday,1,44.93,40,21,22,0.67,0.35,0.37,46
131,5,Friday,2,30.59,30,13.5,15.5,0.5,0.22,0.26,46
131,5,Friday,3,25.07,22,9.5,13.5,0.37,0.16,0.22,46
131,5,Friday,4,21.33,18,5,14,0.3,0.08,0.23,46
131,5,Friday,5,17.3,16,6.5,9,0.27,0.11,0.15,46
131,5,Friday,6,29.87,28.5,14,14,0.48,0.23,0.23,46
131,5,Friday,7,73.96,74.5,43,30.5,1.24,0.72,0.51,46
131,5,Friday,8,160.67,159.5,109,51,2.66,1.82,0.85,46
131,5,Friday,9,167.47,159,80,81,2.65,1.33,1.35,47
131,5,Friday,10,193.21,185,66,122,3.08,1.1,2.03,47
131,5,Friday,11,219.17,210,94,116,3.5,1.57,1.93,47
131,5,Friday,12,290.89,288,136,153.5,4.8,2.27,2.56,46
131,5,Friday,13,306.11,299,152,154,4.98,2.53,2.57,46
131,5,Friday,14,251.39,247,126.5,119.5,4.12,2.11,1.99,46
131,5,Friday,15,231.26,231.5,125.5,103.5,3.86,2.09,1.73,46
131,5,Friday,16,246.13,242.5,127.5,114,4.04,2.12,1.9,46
131,5,Friday,17,271.17,267.5,116.5,152.5,4.46,1.94,2.54,46
131,5,Friday,18,240.74,232,102,120.5,3.87,1.7,2.01,46
131,5,Friday,19,210.52,205.5,105.5,96.5,3.42,1.76,1.61,46
131,5,Friday,20,207.07,205,106,97,3.42,1.77,1.62,46
131,5,Friday,21,228.37,225.5,127.5,96,3.76,2.12,1.6,46
131,5,Friday,22,265.3,263,160.5,97,4.38,2.67,1.62,46
131,5,Friday,23,250.87,231.5,140,93,3.86,2.33,1.55,46
131,6,Saturday,0,187.18,178,97,85,2.97,1.62,1.42,45
131,6,Saturday,1,144.49,137,67,74,2.28,1.12,1.23,45
131,6,Saturday,2,123.2,116,44,70,1.93,0.73,1.17,45
131,6,Saturday,3,94.38,87,29,61,1.45,0.48,1.02,45
131,6,Saturday,4,60.56,60,19,41,1,0.32,0.68,45
131,6,Saturday,5,37.67,35,9,26,0.58,0.15,0.43,45
131,6,Saturday,6,40.02,39,12,27,0.65,0.2,0.45,45
131,6,Saturday,7,45.53,43,17,24,0.72,0.28,0.4,45
131,6,Saturday,8,81.02,75,34,40,1.25,0.57,0.67,45
131,6,Saturday,9,147.31,142,50,92,2.37,0.83,1.53,45
131,6,Saturday,10,199.02,197,70,128,3.28,1.17,2.13,45
131,6,Saturday,11,238.44,232,103,126,3.87,1.72,2.1,45
131,6,Saturday,12,258.36,250,123,127,4.17,2.05,2.12,45
131,6,Saturday,13,271.64,263,142,128,4.38,2.37,2.13,45
131,6,Saturday,14,268.96,270,145,116,4.5,2.42,1.93,45
131,6,Saturday,15,270,269,163,110,4.48,2.72,1.83,45
131,6,Saturday,16,274.51,273,187,96,4.55,3.12,1.6,45
131,6,Saturday,17,240.47,240,139,99,4,2.32,1.65,45
131,6,Saturday,18,249.91,259,136,108,4.32,2.27,1.8,45
131,6,Saturday,19,257.64,266,146,115,4.43,2.43,1.92,45
131,6,Saturday,20,266.49,257,136,120,4.28,2.27,2,45
131,6,Saturday,21,292.22,286,157,124,4.77,2.62,2.07,45
131,6,Saturday,22,339.62,347,219,126,5.78,3.65,2.1,45
131,6,Saturday,23,362.91,359,212,130,5.98,3.53,2.17,45
131,7,Sunday,0,270.16,272,150,118,4.53,2.5,1.97,45
131,7,Sunday,1,216.49,214,104,106,3.57,1.73,1.77,45
131,7,Sunday,2,162.32,164,64,96.5,2.73,1.07,1.61,44
131,7,Sunday,3,135.16,135,47,88,2.25,0.78,1.47,45
131,7,Sunday,4,96.87,94,34,61,1.57,0.57,1.02,45
131,7,Sunday,5,71.69,69,21,47,1.15,0.35,0.78,45
131,7,Sunday,6,55.98,54,15,36,0.9,0.25,0.6,45
131,7,Sunday,7,51.82,49,16,34,0.82,0.27,0.57,45
131,7,Sunday,8,70.8,69,29,38,1.15,0.48,0.63,45
131,7,Sunday,9,135.49,133,42,91,2.22,0.7,1.52,45
131,7,Sunday,10,193.98,184,62,125,3.07,1.03,2.08,45
131,7,Sunday,11,214.04,214,96,117,3.57,1.6,1.95,45
131,7,Sunday,12,237.18,237,119,120,3.95,1.98,2,45
131,7,Sunday,13,242.09,230,122,110,3.83,2.03,1.83,45
131,7,Sunday,14,261.42,244,138,103,4.07,2.3,1.72,45
131,7,Sunday,15,241.47,230,140,90,3.83,2.33,1.5,45
131,7,Sunday,16,222.76,220,148,72,3.67,2.47,1.2,45
131,7,Sunday,17,183.22,172,104,66,2.87,1.73,1.1,45
131,7,Sunday,18,172.53,160,86,75,2.67,1.43,1.25,45
131,7,Sunday,19,147.84,141,76,67,2.35,1.27,1.12,45
131,7,Sunday,20,142.51,126,72,52,2.1,1.2,0.87,45
131,7,Sunday,21,130,110,59,44,1.83,0.98,0.73,45
131,7,Sunday,22,122.47,101,58,37,1.68,0.97,0.62,45
131,7,Sunday,23,109.38,80,46,30,1.33,0.77,0.5,45
132,1,Monday,0,53.9,49,23.5,25,0.82,0.39,0.42,52
132,1,Monday,1,29.17,28,14.5,12,0.47,0.24,0.2,52
132,1,Monday,2,16.13,14.5,8.5,6,0.24,0.14,0.1,52
132,1,Monday,3,11.44,10,6,4.5,0.17,0.1,0.07,52
132,1,Monday,4,8.58,7.5,5,3,0.12,0.08,0.05,52
132,1,Monday,5,17.85,17.5,10.5,7,0.29,0.17,0.12,52
132,1,Monday,6,41.13,42.5,23.5,16.5,0.71,0.39,0.28,52
132,1,Monday,7,88.02,90.5,58,34.5,1.51,0.97,0.58,52
132,1,Monday,8,213.23,227,119,109,3.78,1.98,1.82,52
132,1,Monday,9,164.21,165,96,67,2.75,1.6,1.12,52
132,1,Monday,10,184.44,188.5,118.5,68.5,3.14,1.98,1.14,52
132,1,Monday,11,206.9,208,121,85,3.47,2.02,1.42,52
132,1,Monday,12,285.02,295,146,144,4.92,2.43,2.4,52
132,1,Monday,13,293.23,295.5,167,129.5,4.92,2.78,2.16,52
132,1,Monday,14,243.52,243,132,109.5,4.05,2.2,1.82,52
132,1,Monday,15,257.02,254.5,129.5,126,4.24,2.16,2.1,52
132,1,Monday,16,279.25,276,139,139.5,4.6,2.32,2.33,52
132,1,Monday,17,336.12,333.5,172.5,163,5.56,2.88,2.72,52
132,1,Monday,18,307.62,317,153.5,160,5.28,2.56,2.67,52
132,1,Monday,19,263.48,261,127,135,4.35,2.12,2.25,52
132,1,Monday,20,226.98,228,107,123.5,3.8,1.78,2.06,52
132,1,Monday,21,181.94,188,90.5,97,3.13,1.51,1.62,52
132,1,Monday,22,133.4,131.5,62,67,2.19,1.03,1.12,52
132,1,Monday,23,84.02,84,41,43,1.4,0.68,0.72,52
132,2,Tuesday,0,46.17,44.5,21,25,0.74,0.35,0.42,52
132,2,Tuesday,1,22.27,22,11,9,0.37,0.18,0.15,52
132,2,Tuesday,2,14.17,13.5,6,6.5,0.22,0.1,0.11,52
132,2,Tuesday,3,8.77,8,4,4,0.13,0.07,0.07,52
132,2,Tuesday,4,7.29,7,4,2,0.12,0.07,0.03,52
132,2,Tuesday,5,19.04,19,11.5,7,0.32,0.19,0.12,52
132,2,Tuesday,6,48.92,50,29,20,0.83,0.48,0.33,52
132,2,Tuesday,7,96,99,59.5,39,1.65,0.99,0.65,52
132,2,Tuesday,8,250.87,247,131.5,119.5,4.12,2.19,1.99,52
132,2,Tuesday,9,202.52,201,130,71,3.35,2.17,1.18,52
132,2,Tuesday,10,229.92,234.5,150,82,3.91,2.5,1.37,52
132,2,Tuesday,11,243.1,248,149.5,96.5,4.13,2.49,1.61,52
132,2,Tuesday,12,349.96,349.5,186.5,156,5.82,3.11,2.6,52
132,2,Tuesday,13,342.88,342.5,193,153.5,5.71,3.22,2.56,52
132,2,Tuesday,14,273.54,282,149,133.5,4.7,2.48,2.22,52
132,2,Tuesday,15,267.96,275,126.5,142,4.58,2.11,2.37,52
132,2,Tuesday,16,291.65,297.5,148,150.5,4.96,2.47,2.51,52
132,2,Tuesday,17,350.2,367,197,169,6.12,3.28,2.82,51
132,2,Tuesday,18,313.56,325,155.5,165,5.42,2.59,2.75,52
132,2,Tuesday,19,272.06,275,131.5,139,4.58,2.19,2.32,52
132,2,Tuesday,20,230.17,222,107,122.5,3.7,1.78,2.04,52
132,2,Tuesday,21,184.92,184,86,99.5,3.07,1.43,1.66,52
132,2,Tuesday,22,142.17,143,67,76.5,2.38,1.12,1.27,52
132,2,Tuesday,23,97.63,89,42,47,1.48,0.7,0.78,52
132,3,Wednesday,0,46.62,47,19,26,0.78,0.32,0.43,52
132,3,Wednesday,1,26.42,26,13,11.5,0.43,0.22,0.19,52
132,3,Wednesday,2,13.12,13,7,6,0.22,0.12,0.1,52
132,3,Wednesday,3,9.24,9,5,3,0.15,0.08,0.05,51
132,3,Wednesday,4,7.87,8,4.5,3,0.13,0.07,0.05,52
132,3,Wednesday,5,18.31,19,10,7,0.32,0.17,0.12,52
132,3,Wednesday,6,47.98,46,28,19,0.77,0.47,0.32,52
132,3,Wednesday,7,100.73,98,58.5,42,1.63,0.98,0.7,52
132,3,Wednesday,8,245.9,242.5,122.5,123,4.04,2.04,2.05,52
132,3,Wednesday,9,181.85,178.5,105,74,2.98,1.75,1.23,52
132,3,Wednesday,10,201.15,205.5,124,80.5,3.42,2.07,1.34,52
132,3,Wednesday,11,225.75,225,124.5,98,3.75,2.08,1.63,52
132,3,Wednesday,12,332.69,326,172.5,155,5.43,2.88,2.58,52
132,3,Wednesday,13,330.63,328.5,185,143,5.47,3.08,2.38,52
132,3,Wednesday,14,247.38,245.5,134.5,113.5,4.09,2.24,1.89,52
132,3,Wednesday,15,272.83,270,142,136.5,4.5,2.37,2.28,52
132,3,Wednesday,16,312.58,316.5,160.5,155,5.28,2.67,2.58,52
132,3,Wednesday,17,397.83,395,219,179,6.58,3.65,2.98,52
132,3,Wednesday,18,374.79,398.5,208,180,6.64,3.47,3,52
132,3,Wednesday,19,320,324.5,158.5,157.5,5.41,2.64,2.62,52
132,3,Wednesday,20,280.75,281.5,126.5,147.5,4.69,2.11,2.46,52
132,3,Wednesday,21,241.37,225.5,97.5,123,3.76,1.62,2.05,52
132,3,Wednesday,22,171.25,160.5,73,84,2.67,1.22,1.4,52
132,3,Wednesday,23,117.17,100.5,47.5,52.5,1.68,0.79,0.88,52
132,4,Thursday,0,71.42,53,25.5,26,0.88,0.42,0.43,52
132,4,Thursday,1,33.63,26,13.5,12,0.43,0.22,0.2,52
132,4,Thursday,2,19.65,15,9,6.5,0.25,0.15,0.11,52
132,4,Thursday,3,12.13,10,6,4,0.17,0.1,0.07,52
132,4,Thursday,4,10.15,9,5,4,0.15,0.08,0.07,52
132,4,Thursday,5,19.06,19,11,7,0.32,0.18,0.12,52
132,4,Thursday,6,49.58,49.5,30,19,0.82,0.5,0.32,52
132,4,Thursday,7,96.5,99.5,61,38,1.66,1.02,0.63,52
132,4,Thursday,8,250.33,250,130.5,119,4.17,2.17,1.98,52
132,4,Thursday,9,211.37,216.5,130.5,78.5,3.61,2.17,1.31,52
132,4,Thursday,10,233.12,235,157,81,3.92,2.62,1.35,52
132,4,Thursday,11,249.87,252.5,153.5,101.5,4.21,2.56,1.69,52
132,4,Thursday,12,351.21,352.5,192.5,162.5,5.88,3.21,2.71,52
132,4,Thursday,13,361.35,372,207.5,154,6.2,3.46,2.57,52
132,4,Thursday,14,278.58,288.5,147,132,4.81,2.45,2.2,52
132,4,Thursday,15,274.17,281,134.5,145,4.68,2.24,2.42,52
132,4,Thursday,16,302.69,315,148,163.5,5.25,2.47,2.72,52
132,4,Thursday,17,357.12,365,186.5,173.5,6.08,3.11,2.89,52
132,4,Thursday,18,329.33,330.5,160,166.5,5.51,2.67,2.78,52
132,4,Thursday,19,282.79,288,140.5,146,4.8,2.34,2.43,52
132,4,Thursday,20,246.96,250.5,115.5,130,4.18,1.93,2.17,52
132,4,Thursday,21,211.48,210,97.5,109.5,3.5,1.62,1.82,52
132,4,Thursday,22,162.33,153.5,76.5,79,2.56,1.27,1.32,52
132,4,Thursday,23,111.19,109,50.5,57.5,1.82,0.84,0.96,52
132,5,Friday,0,57.94,58,27,31,0.97,0.45,0.52,53
132,5,Friday,1,31.89,30,17,14,0.5,0.28,0.23,53
132,5,Friday,2,18.51,17,10,7,0.28,0.17,0.12,53
132,5,Friday,3,12.23,11,6,5,0.18,0.1,0.08,53
132,5,Friday,4,9.94,9,5,3,0.15,0.08,0.05,53
132,5,Friday,5,20.23,20,12,8,0.33,0.2,0.13,53
132,5,Friday,6,46.64,46,27,20,0.77,0.45,0.33,53
132,5,Friday,7,88.96,90,57,29,1.5,0.95,0.48,53
132,5,Friday,8,212.6,215,119,100,3.58,1.98,1.67,53
132,5,Friday,9,206.36,204,125,76,3.4,2.08,1.27,53
132,5,Friday,10,234.75,232,156,80,3.87,2.6,1.33,53
132,5,Friday,11,248.77,255,153,98,4.25,2.55,1.63,53
132,5,Friday,12,345.02,361,189,165,6.02,3.15,2.75,53
132,5,Friday,13,378.55,389,210,177,6.48,3.5,2.95,53
132,5,Friday,14,304.32,308,157,151,5.13,2.62,2.52,53
132,5,Friday,15,295.72,299,140,153,4.98,2.33,2.55,53
132,5,Friday,16,301.96,310,153,150,5.17,2.55,2.5,53
132,5,Friday,17,362.57,370,189,180,6.17,3.15,3,53
132,5,Friday,18,345.15,352,169,181,5.87,2.82,3.02,53
132,5,Friday,19,304.87,296,145,154,4.93,2.42,2.57,53
132,5,Friday,20,277.36,266,128,139,4.43,2.13,2.32,53
132,5,Friday,21,239.28,239,111,124,3.98,1.85,2.07,53
132,5,Friday,22,201.45,197,91,102,3.28,1.52,1.7,53
132,5,Friday,23,179.79,153,76,79,2.55,1.27,1.32,53
132,6,Saturday,0,102.71,97.5,51,45,1.62,0.85,0.75,52
132,6,Saturday,1,60.71,58,30.5,26,0.97,0.51,0.43,52
132,6,Saturday,2,35.85,32.5,23,11,0.54,0.38,0.18,52
132,6,Saturday,3,25.88,26,16,8,0.43,0.27,0.13,52
132,6,Saturday,4,18.83,17.5,11,5,0.29,0.18,0.08,52
132,6,Saturday,5,17.23,16,10,6,0.27,0.17,0.1,52
132,6,Saturday,6,34.71,35.5,23,11,0.59,0.38,0.18,52
132,6,Saturday,7,67.27,67.5,42,23.5,1.12,0.7,0.39,52
132,6,Saturday,8,114.75,112,76.5,39,1.87,1.27,0.65,52
132,6,Saturday,9,198.56,202.5,137.5,65,3.38,2.29,1.08,52
132,6,Saturday,10,272.73,279,187,93,4.65,3.12,1.55,52
132,6,Saturday,11,289.02,296,188,105.5,4.93,3.13,1.76,52
132,6,Saturday,12,297.79,305.5,178,130,5.09,2.97,2.17,52
132,6,Saturday,13,300.37,301.5,165.5,134.5,5.03,2.76,2.24,52
132,6,Saturday,14,300.85,311.5,166,141,5.19,2.77,2.35,52
132,6,Saturday,15,284.73,288.5,149,144.5,4.81,2.48,2.41,52
132,6,Saturday,16,284.31,294.5,143,146.5,4.91,2.38,2.44,52
132,6,Saturday,17,279.56,279.5,143.5,136,4.66,2.39,2.27,52
132,6,Saturday,18,283.33,294.5,141.5,153.5,4.91,2.36,2.56,52
132,6,Saturday,19,275.4,280.5,135.5,144,4.68,2.26,2.4,52
132,6,Saturday,20,264.96,268,124.5,141.5,4.47,2.08,2.36,52
132,6,Saturday,21,225,228,109.5,112.5,3.8,1.82,1.88,52
132,6,Saturday,22,197.44,186.5,84,104,3.11,1.4,1.73,52
132,6,Saturday,23,189.92,159.5,75,85,2.66,1.25,1.42,52
132,7,Sunday,0,113.63,111.5,60,53,1.86,1,0.88,52
132,7,Sunday,1,67.67,67,37.5,29.5,1.12,0.62,0.49,52
132,7,Sunday,2,42.57,42,26,14,0.7,0.43,0.23,51
132,7,Sunday,3,31.08,28.5,20,9,0.48,0.33,0.15,52
132,7,Sunday,4,24.04,22.5,15.5,6.5,0.38,0.26,0.11,52
132,7,Sunday,5,17.83,17,11,6.5,0.28,0.18,0.11,52
132,7,Sunday,6,28.13,28,17,10,0.47,0.28,0.17,52
132,7,Sunday,7,50.79,50,30,19,0.83,0.5,0.32,52
132,7,Sunday,8,93.73,93.5,63,29,1.56,1.05,0.48,52
132,7,Sunday,9,191.96,194,140,51,3.23,2.33,0.85,52
132,7,Sunday,10,253.69,259,178.5,81,4.32,2.98,1.35,52
132,7,Sunday,11,276.37,282,178.5,105,4.7,2.98,1.75,52
132,7,Sunday,12,277.67,285,166.5,115,4.75,2.78,1.92,52
132,7,Sunday,13,293.54,301.5,163,136,5.03,2.72,2.27,52
132,7,Sunday,14,298.46,304.5,161.5,137.5,5.08,2.69,2.29,52
132,7,Sunday,15,286.87,294.5,142,149,4.91,2.37,2.48,52
132,7,Sunday,16,276.87,283,132,152.5,4.72,2.2,2.54,52
132,7,Sunday,17,275.98,268,131,139,4.47,2.18,2.32,52
132,7,Sunday,18,265.25,273,127.5,143,4.55,2.12,2.38,52
132,7,Sunday,19,240.1,237.5,110,121.5,3.96,1.83,2.02,52
132,7,Sunday,20,209.21,210,100,110.5,3.5,1.67,1.84,52
132,7,Sunday,21,178.75,181,84,90,3.02,1.4,1.5,52
132,7,Sunday,22,131.96,122.5,59.5,62.5,2.04,0.99,1.04,52
132,7,Sunday,23,94.9,93,44,49,1.55,0.73,0.82,52
133,1,Monday,0,87.33,80,54.5,25,1.33,0.91,0.42,52
133,1,Monday,1,43.17,41,28.5,12.5,0.68,0.48,0.21,52
133,1,Monday,2,22.62,20.5,12,8,0.34,0.2,0.13,52
133,1,Monday,3,27.67,27,11,18,0.45,0.18,0.3,52
133,1,Monday,4,47.13,46.5,12,35,0.78,0.2,0.58,52
133,1,Monday,5,168.65,170,81,86,2.83,1.35,1.43,52
133,1,Monday,6,519.06,529.5,316,201.5,8.82,5.27,3.36,52
133,1,Monday,7,899.12,928.5,585.5,333,15.47,9.76,5.55,52
133,1,Monday,8,866.54,903,442,450.5,15.05,7.37,7.51,52
133,1,Monday,9,779.54,787.5,369,402,13.12,6.15,6.7,52
133,1,Monday,10,789.31,767,365,397,12.78,6.08,6.62,52
133,1,Monday,11,802.52,785.5,380,395,13.09,6.33,6.58,52
133,1,Monday,12,1032.83,1039,515,515.5,17.32,8.58,8.59,52
133,1,Monday,13,1018.1,1004.5,542,461,16.74,9.03,7.68,52
133,1,Monday,14,915.21,903.5,445.5,465.5,15.06,7.42,7.76,52
133,1,Monday,15,1068.54,1073.5,496,580,17.89,8.27,9.67,52
133,1,Monday,16,1157.06,1148.5,528.5,626,19.14,8.81,10.43,52
133,1,Monday,17,1230.25,1250,674,578,20.83,11.23,9.63,52
133,1,Monday,18,1215.94,1216.5,684,535,20.27,11.4,8.92,52
133,1,Monday,19,832.56,826.5,457.5,369,13.78,7.62,6.15,52
133,1,Monday,20,671.73,670,383.5,284,11.17,6.39,4.73,52
133,1,Monday,21,596.15,587,336,246.5,9.78,5.6,4.11,52
133,1,Monday,22,395.15,375.5,203,169.5,6.26,3.38,2.83,52
133,1,Monday,23,162.33,142.5,85.5,56,2.38,1.43,0.93,52
133,2,Tuesday,0,70.46,68,43,21,1.13,0.72,0.35,52
133,2,Tuesday,1,38.77,35,25,11,0.58,0.42,0.18,52
133,2,Tuesday,2,20.75,19,11,7.5,0.32,0.18,0.12,52
133,2,Tuesday,3,24.37,24.5,9,13,0.41,0.15,0.22,52
133,2,Tuesday,4,35.71,35.5,9.5,26.5,0.59,0.16,0.44,52
133,2,Tuesday,5,176.75,176,92,83,2.93,1.53,1.38,52
133,2,Tuesday,6,542.29,545.5,352,201.5,9.09,5.87,3.36,52
133,2,Tuesday,7,958.87,975.5,613.5,367,16.26,10.22,6.12,52
133,2,Tuesday,8,933.81,945.5,470,469.5,15.76,7.83,7.82,52
133,2,Tuesday,9,796.02,780.5,384.5,388.5,13.01,6.41,6.47,52
133,2,Tuesday,10,753.6,735.5,360.5,370.5,12.26,6.01,6.18,52
133,2,Tuesday,11,796.23,769,379.5,394,12.82,6.32,6.57,52
133,2,Tuesday,12,1075.19,1062.5,534.5,527.5,17.71,8.91,8.79,52
133,2,Tuesday,13,1064.52,1070.5,563.5,501,17.84,9.39,8.35,52
133,2,Tuesday,14,917.54,915,442.5,466,15.25,7.38,7.77,52
133,2,Tuesday,15,1112.87,1114,499.5,617,18.57,8.32,10.28,52
133,2,Tuesday,16,1201.63,1197.5,536.5,664.5,19.96,8.94,11.07,52
133,2,Tuesday,17,1298.42,1354,708,621,22.57,11.8,10.35,52
133,2,Tuesday,18,1277.08,1285,731,544,21.42,12.18,9.07,52
133,2,Tuesday,19,859.5,851,483.5,364.5,14.18,8.06,6.08,52
133,2,Tuesday,20,709.25,700.5,406.5,306.5,11.68,6.78,5.11,52
133,2,Tuesday,21,616.58,620,361,259.5,10.33,6.02,4.32,52
133,2,Tuesday,22,424.9,421,240,186,7.02,4,3.1,52
133,2,Tuesday,23,203.73,161.5,97,63.5,2.69,1.62,1.06,52
133,3,Wednesday,0,82.42,78.5,51.5,26.5,1.31,0.86,0.44,52
133,3,Wednesday,1,43.25,41.5,28.5,12,0.69,0.48,0.2,52
133,3,Wednesday,2,21.75,21,12.5,9,0.35,0.21,0.15,52
133,3,Wednesday,3,24.85,25.5,11,14,0.42,0.18,0.23,52
133,3,Wednesday,4,38.1,37,10.5,27,0.62,0.17,0.45,52
133,3,Wednesday,5,170,174,84.5,86,2.9,1.41,1.43,52
133,3,Wednesday,6,538.69,537,339.5,204.5,8.95,5.66,3.41,52
133,3,Wednesday,7,931.67,949.5,586.5,356,15.82,9.78,5.93,52
133,3,Wednesday,8,907.67,899,438,468,14.98,7.3,7.8,52
133,3,Wednesday,9,787.06,796,381,400.5,13.27,6.35,6.68,52
133,3,Wednesday,10,766.25,753.5,377,381,12.56,6.28,6.35,52
133,3,Wednesday,11,828.9,830.5,415,412,13.84,6.92,6.87,52
133,3,Wednesday,12,1082.42,1063.5,529,538.5,17.73,8.82,8.97,52
133,3,Wednesday,13,1097.04,1083.5,574,501,18.06,9.57,8.35,52
133,3,Wednesday,14,966.48,961.5,476,481.5,16.02,7.93,8.03,52
133,3,Wednesday,15,1129.23,1123,516,600.5,18.72,8.6,10.01,52
133,3,Wednesday,16,1235.48,1216.5,573.5,658,20.27,9.56,10.97,52
133,3,Wednesday,17,1324.37,1330,715.5,625.5,22.17,11.93,10.43,52
133,3,Wednesday,18,1293.4,1260.5,716.5,557.5,21.01,11.94,9.29,52
133,3,Wednesday,19,881.06,863.5,481,371,14.39,8.02,6.18,52
133,3,Wednesday,20,711.88,689.5,384,301,11.49,6.4,5.02,52
133,3,Wednesday,21,676.98,644,364,272,10.73,6.07,4.53,52
133,3,Wednesday,22,474.71,448,242,187.5,7.47,4.03,3.12,52
133,3,Wednesday,23,216.81,166,96,67,2.77,1.6,1.12,52
133,4,Thursday,0,115.75,67,44,23.5,1.12,0.73,0.39,52
133,4,Thursday,1,58.5,39.5,28.5,13,0.66,0.48,0.22,52
133,4,Thursday,2,30.58,21,12,10,0.35,0.2,0.17,52
133,4,Thursday,3,27.62,23,10,13,0.38,0.17,0.22,52
133,4,Thursday,4,39.42,35.5,11,26,0.59,0.18,0.43,52
133,4,Thursday,5,170.19,169.5,87,83.5,2.83,1.45,1.39,52
133,4,Thursday,6,518.92,545,325.5,206.5,9.08,5.42,3.44,52
133,4,Thursday,7,889.79,904,552.5,347,15.07,9.21,5.78,52
133,4,Thursday,8,912.96,931,444,482,15.52,7.4,8.03,52
133,4,Thursday,9,797.44,801,391,411.5,13.35,6.52,6.86,52
133,4,Thursday,10,797.62,760.5,391.5,387,12.68,6.53,6.45,52
133,4,Thursday,11,818.75,795.5,394,411.5,13.26,6.57,6.86,52
133,4,Thursday,12,1060.65,1045,528,529.5,17.42,8.8,8.82,52
133,4,Thursday,13,1062.37,1065.5,558,505,17.76,9.3,8.42,52
133,4,Thursday,14,938.12,938.5,459,464.5,15.64,7.65,7.74,52
133,4,Thursday,15,1111.04,1116.5,521.5,615.5,18.61,8.69,10.26,52
133,4,Thursday,16,1184.27,1200,554,636,20,9.23,10.6,52
133,4,Thursday,17,1277.58,1320,681.5,603.5,22,11.36,10.06,52
133,4,Thursday,18,1060.4,1061.5,573,480,17.69,9.55,8,52
133,4,Thursday,19,951.98,927,514,398,15.45,8.57,6.63,52
133,4,Thursday,20,724.42,709.5,401.5,303,11.82,6.69,5.05,52
133,4,Thursday,21,672.42,685.5,403.5,276.5,11.43,6.72,4.61,52
133,4,Thursday,22,545.19,494.5,289,208,8.24,4.82,3.47,52
133,4,Thursday,23,247.04,210,122.5,78.5,3.5,2.04,1.31,52
133,5,Friday,0,94.89,85,55,27,1.42,0.92,0.45,53
133,5,Friday,1,50,47,33,14,0.78,0.55,0.23,53
133,5,Friday,2,25.42,24,12,10,0.4,0.2,0.17,53
133,5,Friday,3,26.96,26,11,15,0.43,0.18,0.25,53
133,5,Friday,4,37.13,38,10,27,0.63,0.17,0.45,53
133,5,Friday,5,164.21,163,79,85,2.72,1.32,1.42,53
133,5,Friday,6,481.68,500,293,198,8.33,4.88,3.3,53
133,5,Friday,7,805.81,825,496,316,13.75,8.27,5.27,53
133,5,Friday,8,812.72,799,387,407,13.32,6.45,6.78,53
133,5,Friday,9,777.74,750,364,389,12.5,6.07,6.48,53
133,5,Friday,10,834.66,827,406,405,13.78,6.77,6.75,53
133,5,Friday,11,879,852,425,432,14.2,7.08,7.2,53
133,5,Friday,12,1089.58,1078,525,560,17.97,8.75,9.33,53
133,5,Friday,13,1106.62,1079,583,500,17.98,9.72,8.33,53
133,5,Friday,14,1087.09,1075,518,559,17.92,8.63,9.32,53
133,5,Friday,15,1199.83,1220,553,660,20.33,9.22,11,53
133,5,Friday,16,1203.89,1188,573,610,19.8,9.55,10.17,53
133,5,Friday,17,1255.04,1238,662,590,20.63,11.03,9.83,53
133,5,Friday,18,1114.92,1061,568,486,17.68,9.47,8.1,53
133,5,Friday,19,914.26,866,477,388,14.43,7.95,6.47,53
133,5,Friday,20,778.42,753,426,327,12.55,7.1,5.45,53
133,5,Friday,21,703.6,703,411,292,11.72,6.85,4.87,53
133,5,Friday,22,627.74,581,332,237,9.68,5.53,3.95,53
133,5,Friday,23,408.09,277,168,111,4.62,2.8,1.85,53
133,6,Saturday,0,142.83,130.5,82.5,47.5,2.17,1.38,0.79,52
133,6,Saturday,1,89.37,82,51,35,1.37,0.85,0.58,52
133,6,Saturday,2,44.63,43.5,23.5,17,0.72,0.39,0.28,52
133,6,Saturday,3,39.9,39.5,19.5,19.5,0.66,0.32,0.32,52
133,6,Saturday,4,45.44,42,16,26,0.7,0.27,0.43,52
133,6,Saturday,5,97.33,97.5,36.5,57.5,1.62,0.61,0.96,52
133,6,Saturday,6,255.12,256,113,138.5,4.27,1.88,2.31,52
133,6,Saturday,7,391.5,397,172,218,6.62,2.87,3.63,52
133,6,Saturday,8,534.38,535.5,246.5,291.5,8.93,4.11,4.86,52
133,6,Saturday,9,708.35,709,328.5,366.5,11.82,5.47,6.11,52
133,6,Saturday,10,874.77,840,417,443.5,14,6.95,7.39,52
133,6,Saturday,11,932,899,450.5,453.5,14.98,7.51,7.56,52
133,6,Saturday,12,936.1,930.5,473,461.5,15.51,7.88,7.69,52
133,6,Saturday,13,908.94,887,456.5,446.5,14.78,7.61,7.44,52
133,6,Saturday,14,966.54,964,499,475.5,16.07,8.32,7.92,52
133,6,Saturday,15,1050.37,1058.5,560.5,486,17.64,9.34,8.1,52
133,6,Saturday,16,1100.56,1082,567,515,18.03,9.45,8.58,52
133,6,Saturday,17,1097.98,1126,589,538.5,18.77,9.82,8.97,52
133,6,Saturday,18,1218.27,1166.5,624.5,532,19.44,10.41,8.87,52
133,6,Saturday,19,922.5,906,485,410.5,15.1,8.08,6.84,52
133,6,Saturday,20,728.15,740.5,409,327,12.34,6.82,5.45,52
133,6,Saturday,21,657,643,365.5,284,10.72,6.09,4.73,52
133,6,Saturday,22,616.04,498.5,291,230.5,8.31,4.85,3.84,52
133,6,Saturday,23,439.9,299.5,175.5,117.5,4.99,2.92,1.96,52
133,7,Sunday,0,171.29,165.5,97,64,2.76,1.62,1.07,52
133,7,Sunday,1,90.94,93.5,54,39,1.56,0.9,0.65,52
133,7,Sunday,2,54.84,55,29,23,0.92,0.48,0.38,51
133,7,Sunday,3,48.85,47.5,23.5,23.5,0.79,0.39,0.39,52
133,7,Sunday,4,57.19,54,22,31,0.9,0.37,0.52,52
133,7,Sunday,5,73.73,73,25,45.5,1.22,0.42,0.76,52
133,7,Sunday,6,230.77,227,92,133,3.78,1.53,2.22,52
133,7,Sunday,7,364.48,352,145,210.5,5.87,2.42,3.51,52
133,7,Sunday,8,501.21,479,218.5,263,7.98,3.64,4.38,52
133,7,Sunday,9,681.13,666.5,293,370.5,11.11,4.88,6.18,52
133,7,Sunday,10,865.5,840.5,378,475,14.01,6.3,7.92,52
133,7,Sunday,11,887.58,878.5,433,453,14.64,7.22,7.55,52
133,7,Sunday,12,847.04,838,413.5,421,13.97,6.89,7.02,52
133,7,Sunday,13,833.06,836.5,396,432.5,13.94,6.6,7.21,52
133,7,Sunday,14,903.19,904.5,438,454,15.07,7.3,7.57,52
133,7,Sunday,15,924.73,904.5,461.5,441,15.07,7.69,7.35,52
133,7,Sunday,16,983.75,952.5,496.5,456,15.88,8.28,7.6,52
133,7,Sunday,17,1014.94,991.5,520,481.5,16.52,8.67,8.03,52
133,7,Sunday,18,1132.5,1086,608,492,18.1,10.13,8.2,52
133,7,Sunday,19,821.06,816.5,438.5,366,13.61,7.31,6.1,52
133,7,Sunday,20,667.87,619,344.5,284.5,10.32,5.74,4.74,52
133,7,Sunday,21,583.42,544,319,235.5,9.07,5.32,3.92,52
133,7,Sunday,22,414.31,380,219,161,6.33,3.65,2.68,52
133,7,Sunday,23,179,160.5,98.5,66.5,2.67,1.64,1.11,52
134,1,Monday,0,117.13,107.5,49,60,1.79,0.82,1,52
134,1,Monday,1,63.94,59,27,28,0.98,0.45,0.47,52
134,1,Monday,2,34.15,30,16,14,0.5,0.27,0.23,52
134,1,Monday,3,31.87,29.5,17,12,0.49,0.28,0.2,52
134,1,Monday,4,45.33,42.5,26.5,16,0.71,0.44,0.27,52
134,1,Monday,5,94.6,93,46,46.5,1.55,0.77,0.78,52
134,1,Monday,6,254.94,270,127,133.5,4.5,2.12,2.22,52
134,1,Monday,7,497.54,513,256,255.5,8.55,4.27,4.26,52
134,1,Monday,8,578.62,579.5,245.5,340.5,9.66,4.09,5.68,52
134,1,Monday,9,569.67,567,238.5,320.5,9.45,3.98,5.34,52
134,1,Monday,10,630.37,636.5,287,343.5,10.61,4.78,5.72,52
134,1,Monday,11,613.81,617.5,292,321,10.29,4.87,5.35,52
134,1,Monday,12,750.21,769.5,376.5,379.5,12.82,6.28,6.32,52
134,1,Monday,13,693.88,710.5,360.5,353.5,11.84,6.01,5.89,52
134,1,Monday,14,643.33,668.5,346.5,314.5,11.14,5.78,5.24,52
134,1,Monday,15,784.38,796,400,394,13.27,6.67,6.57,52
134,1,Monday,16,875.4,884,460,443.5,14.73,7.67,7.39,52
134,1,Monday,17,968.54,991,534.5,436,16.52,8.91,7.27,52
134,1,Monday,18,816.6,827,450.5,375.5,13.78,7.51,6.26,52
134,1,Monday,19,604.15,627.5,323,290.5,10.46,5.38,4.84,52
134,1,Monday,20,489.08,504,262.5,234,8.4,4.38,3.9,52
134,1,Monday,21,447.9,466,249,213,7.77,4.15,3.55,52
134,1,Monday,22,312.96,296,143.5,154,4.93,2.39,2.57,52
134,1,Monday,23,161.15,153.5,72,79.5,2.56,1.2,1.32,52
134,2,Tuesday,0,99.98,96.5,44,51.5,1.61,0.73,0.86,52
134,2,Tuesday,1,51.27,46,23,23,0.77,0.38,0.38,52
134,2,Tuesday,2,25.02,23.5,11,12,0.39,0.18,0.2,52
134,2,Tuesday,3,24.98,25,14.5,10,0.42,0.24,0.17,52
134,2,Tuesday,4,31.79,30,15.5,14.5,0.5,0.26,0.24,52
134,2,Tuesday,5,88.9,90,45,45,1.5,0.75,0.75,52
134,2,Tuesday,6,243.75,254,129,124.5,4.23,2.15,2.08,52
134,2,Tuesday,7,504.25,515,245,270.5,8.58,4.08,4.51,52
134,2,Tuesday,8,623.19,630,251.5,364,10.5,4.19,6.07,52
134,2,Tuesday,9,583.62,604,251.5,340.5,10.07,4.19,5.68,52
134,2,Tuesday,10,591.23,583,271,308,9.72,4.52,5.13,52
134,2,Tuesday,11,608.46,625,278.5,327.5,10.42,4.64,5.46,52
134,2,Tuesday,12,791.52,814.5,392.5,419,13.57,6.54,6.98,52
134,2,Tuesday,13,747.13,761,369.5,380.5,12.68,6.16,6.34,52
134,2,Tuesday,14,645.6,658.5,328.5,326.5,10.97,5.47,5.44,52
134,2,Tuesday,15,814.94,828,392,436.5,13.8,6.53,7.28,52
134,2,Tuesday,16,925.27,927,465,479,15.45,7.75,7.98,52
134,2,Tuesday,17,1031.33,1074.5,552.5,490.5,17.91,9.21,8.18,52
134,2,Tuesday,18,852.46,873,450.5,420,14.55,7.51,7,52
134,2,Tuesday,19,632.77,622.5,329,294,10.38,5.48,4.9,52
134,2,Tuesday,20,523.23,524,291.5,247.5,8.73,4.86,4.12,52
134,2,Tuesday,21,465.98,476.5,264,214,7.94,4.4,3.57,52
134,2,Tuesday,22,336.17,333.5,166,168,5.56,2.77,2.8,52
134,2,Tuesday,23,214.75,172,86,84,2.87,1.43,1.4,52
134,3,Wednesday,0,112.02,108,48.5,63.5,1.8,0.81,1.06,52
134,3,Wednesday,1,58.88,54,24,29,0.9,0.4,0.48,52
134,3,Wednesday,2,29.25,30,14,14.5,0.5,0.23,0.24,52
134,3,Wednesday,3,27.48,25,15,10.5,0.42,0.25,0.17,52
134,3,Wednesday,4,36.23,34.5,19,17,0.58,0.32,0.28,52
134,3,Wednesday,5,92.38,94.5,49,45.5,1.57,0.82,0.76,52
134,3,Wednesday,6,260.63,257.5,124,131,4.29,2.07,2.18,52
134,3,Wednesday,7,543.54,562.5,264.5,291,9.38,4.41,4.85,52
134,3,Wednesday,8,673.85,655.5,258,381,10.93,4.3,6.35,52
134,3,Wednesday,9,597,592.5,247,345.5,9.88,4.12,5.76,52
134,3,Wednesday,10,641.76,634,273,346,10.57,4.55,5.77,51
134,3,Wednesday,11,679.33,666,308,359,11.1,5.13,5.98,51
134,3,Wednesday,12,862.12,835,398,445,13.92,6.63,7.42,51
134,3,Wednesday,13,820.88,824,400,426,13.73,6.67,7.1,51
134,3,Wednesday,14,727.96,733,352,367,12.22,5.87,6.12,51
134,3,Wednesday,15,876.43,865,414,451,14.42,6.9,7.52,51
134,3,Wednesday,16,996.39,979,496,494,16.32,8.27,8.23,51
134,3,Wednesday,17,1102.57,1099,592,522,18.32,9.87,8.7,51
134,3,Wednesday,18,888.94,887,464,423,14.78,7.73,7.05,51
134,3,Wednesday,19,652.45,663,359,308,11.05,5.98,5.13,51
134,3,Wednesday,20,534.88,536,289,246,8.93,4.82,4.1,51
134,3,Wednesday,21,523.31,508,273,236,8.47,4.55,3.93,51
134,3,Wednesday,22,392.55,361,176,183,6.02,2.93,3.05,51
134,3,Wednesday,23,224.27,186.5,90,94,3.11,1.5,1.57,52
134,4,Thursday,0,150.96,103,43,61.5,1.72,0.72,1.02,52
134,4,Thursday,1,72.1,51,25,26,0.85,0.42,0.43,52
134,4,Thursday,2,39.79,31.5,16,14.5,0.52,0.27,0.24,52
134,4,Thursday,3,33.63,27,15.5,12,0.45,0.26,0.2,52
134,4,Thursday,4,38.48,35,18,17.5,0.58,0.3,0.29,52
134,4,Thursday,5,94.56,90.5,45.5,47.5,1.51,0.76,0.79,52
134,4,Thursday,6,249.58,258.5,122,132,4.31,2.03,2.2,52
134,4,Thursday,7,507.25,532.5,250,277.5,8.88,4.17,4.62,52
134,4,Thursday,8,641.67,640.5,252,378.5,10.68,4.2,6.31,52
134,4,Thursday,9,609.4,600.5,246,343,10.01,4.1,5.72,52
134,4,Thursday,10,643.13,632.5,276.5,354,10.54,4.61,5.9,52
134,4,Thursday,11,646.37,659.5,287,357,10.99,4.78,5.95,52
134,4,Thursday,12,811.75,823.5,384.5,428,13.72,6.41,7.13,52
134,4,Thursday,13,758.44,772,369,404,12.87,6.15,6.73,52
134,4,Thursday,14,690.38,700,346.5,352,11.67,5.78,5.87,52
134,4,Thursday,15,849.4,879,413,464,14.65,6.88,7.73,52
134,4,Thursday,16,929.13,954.5,462,471,15.91,7.7,7.85,52
134,4,Thursday,17,1061.35,1084.5,568.5,507.5,18.08,9.47,8.46,52
134,4,Thursday,18,854.31,870.5,457,402.5,14.51,7.62,6.71,52
134,4,Thursday,19,710.4,695.5,357,331,11.59,5.95,5.52,52
134,4,Thursday,20,560.38,552,286,268.5,9.2,4.77,4.47,52
134,4,Thursday,21,547.25,556,294.5,260,9.27,4.91,4.33,52
134,4,Thursday,22,459.44,414,210.5,212.5,6.9,3.51,3.54,52
134,4,Thursday,23,261.04,239.5,119,123.5,3.99,1.98,2.06,52
134,5,Friday,0,135.55,135,61,70,2.25,1.02,1.17,53
134,5,Friday,1,75.21,70,32,37,1.17,0.53,0.62,53
134,5,Friday,2,36.83,34,17,16,0.57,0.28,0.27,53
134,5,Friday,3,30.15,28,16,12,0.47,0.27,0.2,53
134,5,Friday,4,37.72,36,19,18,0.6,0.32,0.3,53
134,5,Friday,5,95.74,97,43,50,1.62,0.72,0.83,53
134,5,Friday,6,239.85,237,112,125,3.95,1.87,2.08,53
134,5,Friday,7,456.45,472,221,244,7.87,3.68,4.07,53
134,5,Friday,8,575.17,568,228,332,9.47,3.8,5.53,53
134,5,Friday,9,620.17,619,242,364,10.32,4.03,6.07,53
134,5,Friday,10,708.94,698,301,390,11.63,5.02,6.5,53
134,5,Friday,11,726,713,317,406,11.88,5.28,6.77,53
134,5,Friday,12,821.09,833,389,443,13.88,6.48,7.38,53
134,5,Friday,13,794.49,794,372,399,13.23,6.2,6.65,53
134,5,Friday,14,786.62,791,375,408,13.18,6.25,6.8,53
134,5,Friday,15,931.36,942,426,500,15.7,7.1,8.33,53
134,5,Friday,16,976.85,978,480,490,16.3,8,8.17,53
134,5,Friday,17,1064.74,1072,555,510,17.87,9.25,8.5,53
134,5,Friday,18,922.11,851,453,419,14.18,7.55,6.98,53
134,5,Friday,19,775.79,726,391,353,12.1,6.52,5.88,53
134,5,Friday,20,622.83,611,309,301,10.18,5.15,5.02,53
134,5,Friday,21,603.87,605,313,280,10.08,5.22,4.67,53
134,5,Friday,22,567.19,506,248,242,8.43,4.13,4.03,53
134,5,Friday,23,453.32,322,171,153,5.37,2.85,2.55,53
134,6,Saturday,0,226.94,209,100,102,3.48,1.67,1.7,52
134,6,Saturday,1,141.6,136,74,59,2.27,1.23,0.98,52
134,6,Saturday,2,84.98,80.5,42.5,36,1.34,0.71,0.6,52
134,6,Saturday,3,63.52,63,35,24.5,1.05,0.58,0.41,52
134,6,Saturday,4,62.73,60,35.5,25.5,1,0.59,0.42,52
134,6,Saturday,5,76.56,73.5,37,35,1.23,0.62,0.58,52
134,6,Saturday,6,156.52,155,76,84,2.58,1.27,1.4,52
134,6,Saturday,7,268.08,269.5,127,137.5,4.49,2.12,2.29,52
134,6,Saturday,8,390.12,384,169.5,217.5,6.4,2.83,3.62,52
134,6,Saturday,9,545.19,550,235.5,313,9.17,3.92,5.22,52
134,6,Saturday,10,724,720.5,309,401,12.01,5.15,6.68,52
134,6,Saturday,11,774.77,755,351,407,12.58,5.85,6.78,52
134,6,Saturday,12,741.71,742,348.5,380.5,12.37,5.81,6.34,52
134,6,Saturday,13,682.58,670.5,328,342.5,11.18,5.47,5.71,52
134,6,Saturday,14,720.96,711,349.5,364,11.85,5.82,6.07,52
134,6,Saturday,15,833.33,815.5,415,406,13.59,6.92,6.77,52
134,6,Saturday,16,897.69,886.5,461,414,14.78,7.68,6.9,52
134,6,Saturday,17,896.5,910,481.5,426,15.17,8.03,7.1,52
134,6,Saturday,18,915.92,877,446.5,418.5,14.62,7.44,6.97,52
134,6,Saturday,19,737.9,724.5,365,345,12.07,6.08,5.75,52
134,6,Saturday,20,571.4,583.5,296,281.5,9.72,4.93,4.69,52
134,6,Saturday,21,531.5,526.5,290.5,245.5,8.78,4.84,4.09,52
134,6,Saturday,22,565.96,474.5,250,218.5,7.91,4.17,3.64,52
134,6,Saturday,23,477.54,348.5,184.5,146,5.81,3.08,2.43,52
134,7,Sunday,0,233.35,215,113.5,101.5,3.58,1.89,1.69,52
134,7,Sunday,1,153.75,151.5,91.5,63.5,2.52,1.52,1.06,52
134,7,Sunday,2,100.41,95,52,40,1.58,0.87,0.67,51
134,7,Sunday,3,76.81,76,46.5,28,1.27,0.78,0.47,52
134,7,Sunday,4,80.48,79.5,50.5,31,1.32,0.84,0.52,52
134,7,Sunday,5,95.12,97,56,37,1.62,0.93,0.62,52
134,7,Sunday,6,155.19,156,82.5,70,2.6,1.38,1.17,52
134,7,Sunday,7,247.06,240.5,118.5,122.5,4.01,1.98,2.04,52
134,7,Sunday,8,343.63,341.5,168,168.5,5.69,2.8,2.81,52
134,7,Sunday,9,495.25,500,217,275,8.33,3.62,4.58,52
134,7,Sunday,10,674.92,659.5,307.5,346,10.99,5.12,5.77,52
134,7,Sunday,11,717.58,729,351,380.5,12.15,5.85,6.34,52
134,7,Sunday,12,664.6,661,327.5,318.5,11.02,5.46,5.31,52
134,7,Sunday,13,607.31,611.5,302.5,313.5,10.19,5.04,5.22,52
134,7,Sunday,14,683.75,658.5,340.5,332,10.97,5.68,5.53,52
134,7,Sunday,15,731.63,725,372,350,12.08,6.2,5.83,52
134,7,Sunday,16,760.29,745.5,402,358.5,12.43,6.7,5.97,52
134,7,Sunday,17,784.17,769.5,420,348.5,12.82,7,5.81,52
134,7,Sunday,18,807.77,783,408,368,13.05,6.8,6.13,52
134,7,Sunday,19,584.73,602,326,275.5,10.03,5.43,4.59,52
134,7,Sunday,20,490.44,487.5,261.5,228,8.12,4.36,3.8,52
134,7,Sunday,21,446.17,459.5,230.5,216,7.66,3.84,3.6,52
134,7,Sunday,22,348.5,326,159.5,166,5.43,2.66,2.77,52
134,7,Sunday,23,200.48,187,89,95.5,3.12,1.48,1.59,52
135,1,Monday,0,77.92,70.5,24,47,1.18,0.4,0.78,52
135,1,Monday,1,46.27,39.5,16.5,22.5,0.66,0.28,0.38,52
135,1,Monday,2,21.83,21,9,10,0.35,0.15,0.17,52
135,1,Monday,3,27.77,27,15.5,10.5,0.45,0.26,0.17,52
135,1,Monday,4,37.12,32.5,19,13,0.54,0.32,0.22,52
135,1,Monday,5,54.23,53,27,25,0.88,0.45,0.42,52
135,1,Monday,6,142.35,132.5,63,71,2.21,1.05,1.18,52
135,1,Monday,7,338.79,331,167.5,163.5,5.52,2.79,2.72,52
135,1,Monday,8,605.96,601,248,341.5,10.02,4.13,5.69,52
135,1,Monday,9,585.38,575,247.5,312.5,9.58,4.12,5.21,52
135,1,Monday,10,663.4,637,284.5,340.5,10.62,4.74,5.68,52
135,1,Monday,11,725.88,715.5,327.5,373.5,11.93,5.46,6.22,52
135,1,Monday,12,840.13,855,388.5,470,14.25,6.47,7.83,52
135,1,Monday,13,798.35,793,369.5,416,13.22,6.16,6.93,52
135,1,Monday,14,687.69,680.5,326.5,344.5,11.34,5.44,5.74,52
135,1,Monday,15,735.75,729.5,359.5,370,12.16,5.99,6.17,52
135,1,Monday,16,827.94,839,400.5,418,13.98,6.68,6.97,52
135,1,Monday,17,901.52,913,444.5,452.5,15.22,7.41,7.54,52
135,1,Monday,18,604.67,610.5,291.5,319,10.18,4.86,5.32,52
135,1,Monday,19,407.1,392,194.5,201.5,6.53,3.24,3.36,52
135,1,Monday,20,292.73,276.5,133,148,4.61,2.22,2.47,52
135,1,Monday,21,252.5,247,115,128.5,4.12,1.92,2.14,52
135,1,Monday,22,173.92,164,67.5,97,2.73,1.12,1.62,52
135,1,Monday,23,98.42,87,37,50.5,1.45,0.62,0.84,52
135,2,Tuesday,0,62.25,59,21.5,36,0.98,0.36,0.6,52
135,2,Tuesday,1,37.9,32,15,21,0.53,0.25,0.35,52
135,2,Tuesday,2,16.81,15,6,9,0.25,0.1,0.15,52
135,2,Tuesday,3,22.33,21.5,13,8,0.36,0.22,0.13,52
135,2,Tuesday,4,28.06,28,15,12,0.47,0.25,0.2,52
135,2,Tuesday,5,47.37,47,22,24,0.78,0.37,0.4,52
135,2,Tuesday,6,141.02,133.5,61.5,76,2.22,1.02,1.27,52
135,2,Tuesday,7,352.94,342,157,181.5,5.7,2.62,3.02,52
135,2,Tuesday,8,690.98,686,278.5,389,11.43,4.64,6.48,52
135,2,Tuesday,9,617.69,596.5,261,323.5,9.94,4.35,5.39,52
135,2,Tuesday,10,630.77,614,275.5,332,10.23,4.59,5.53,52
135,2,Tuesday,11,698.75,698,313,368,11.63,5.22,6.13,52
135,2,Tuesday,12,895.12,897.5,420.5,471.5,14.96,7.01,7.86,52
135,2,Tuesday,13,853.23,836.5,399.5,454.5,13.94,6.66,7.58,52
135,2,Tuesday,14,694.06,710.5,325.5,375,11.84,5.42,6.25,52
135,2,Tuesday,15,766.88,778.5,356.5,402,12.97,5.94,6.7,52
135,2,Tuesday,16,875.08,889.5,424.5,444.5,14.82,7.08,7.41,52
135,2,Tuesday,17,1003.88,1023,501.5,528.5,17.05,8.36,8.81,52
135,2,Tuesday,18,651.92,622,295.5,321.5,10.37,4.92,5.36,52
135,2,Tuesday,19,462.96,411,209.5,218,6.85,3.49,3.63,52
135,2,Tuesday,20,317.98,304,151,163,5.07,2.52,2.72,52
135,2,Tuesday,21,256.46,255.5,130.5,132,4.26,2.17,2.2,52
135,2,Tuesday,22,191.31,183,74,105,3.05,1.23,1.75,52
135,2,Tuesday,23,141.46,97.5,39,58,1.62,0.65,0.97,52
135,3,Wednesday,0,70.92,65,24,44,1.08,0.4,0.73,51
135,3,Wednesday,1,42.65,41,16,24,0.68,0.27,0.4,51
135,3,Wednesday,2,19.59,19,8,10,0.32,0.13,0.17,51
135,3,Wednesday,3,24.12,23,13,9,0.38,0.22,0.15,51
135,3,Wednesday,4,28.21,27.5,15,12,0.46,0.25,0.2,52
135,3,Wednesday,5,49.4,48.5,24,24.5,0.81,0.4,0.41,52
135,3,Wednesday,6,145.38,145,64.5,78,2.42,1.07,1.3,52
135,3,Wednesday,7,366,354.5,169.5,188,5.91,2.83,3.13,52
135,3,Wednesday,8,707.21,715.5,287.5,407,11.93,4.79,6.78,52
135,3,Wednesday,9,628.19,614.5,260,351,10.24,4.33,5.85,52
135,3,Wednesday,10,677.33,685,304,364,11.42,5.07,6.07,52
135,3,Wednesday,11,761.62,749.5,335,403.5,12.49,5.58,6.72,52
135,3,Wednesday,12,948.13,959.5,438.5,511,15.99,7.31,8.52,52
135,3,Wednesday,13,915.75,881.5,400,486,14.69,6.67,8.1,52
135,3,Wednesday,14,758.12,747.5,346.5,398.5,12.46,5.78,6.64,52
135,3,Wednesday,15,809.56,813,389,433,13.55,6.48,7.22,52
135,3,Wednesday,16,957.1,942.5,459,476.5,15.71,7.65,7.94,52
135,3,Wednesday,17,1065.31,1034.5,496,541,17.24,8.27,9.02,52
135,3,Wednesday,18,683.92,650,311.5,339,10.83,5.19,5.65,52
135,3,Wednesday,19,451.4,417.5,199.5,219.5,6.96,3.33,3.66,52
135,3,Wednesday,20,324.85,313,140.5,160.5,5.22,2.34,2.67,52
135,3,Wednesday,21,304.4,275.5,126,146.5,4.59,2.1,2.44,52
135,3,Wednesday,22,230.5,200.5,79,112.5,3.34,1.32,1.88,52
135,3,Wednesday,23,143.98,107,45,63,1.78,0.75,1.05,52
135,4,Thursday,0,91.9,64,25,39,1.07,0.42,0.65,52
135,4,Thursday,1,51.56,37.5,16,20,0.62,0.27,0.33,52
135,4,Thursday,2,25.67,19,8,11,0.32,0.13,0.18,52
135,4,Thursday,3,27.15,24,13,10,0.4,0.22,0.17,52
135,4,Thursday,4,29.35,25.5,14,12,0.42,0.23,0.2,52
135,4,Thursday,5,48.98,47,23.5,23,0.78,0.39,0.38,52
135,4,Thursday,6,142.27,144,63,77.5,2.4,1.05,1.29,52
135,4,Thursday,7,362.04,358.5,168,184,5.97,2.8,3.07,52
135,4,Thursday,8,712.25,710.5,283,432.5,11.84,4.72,7.21,52
135,4,Thursday,9,646.19,618.5,264.5,350,10.31,4.41,5.83,52
135,4,Thursday,10,711.13,680,304,378,11.33,5.07,6.3,52
135,4,Thursday,11,759.94,746.5,325.5,416.5,12.44,5.42,6.94,52
135,4,Thursday,12,949.52,939,441.5,511,15.65,7.36,8.52,52
135,4,Thursday,13,890.46,892,393.5,491.5,14.87,6.56,8.19,52
135,4,Thursday,14,763.79,756,363.5,393.5,12.6,6.06,6.56,52
135,4,Thursday,15,829.46,843,395.5,431.5,14.05,6.59,7.19,52
135,4,Thursday,16,960.62,955,465.5,489.5,15.92,7.76,8.16,52
135,4,Thursday,17,1127.31,1119,538,563,18.65,8.97,9.38,52
135,4,Thursday,18,780.9,728,337,378,12.13,5.62,6.3,52
135,4,Thursday,19,561.77,521,226,270.5,8.68,3.77,4.51,52
135,4,Thursday,20,358.13,338,160.5,184.5,5.63,2.67,3.08,52
135,4,Thursday,21,340.29,317,148,166.5,5.28,2.47,2.78,52
135,4,Thursday,22,324.4,230,99,131.5,3.83,1.65,2.19,52
135,4,Thursday,23,174.27,144,63.5,80,2.4,1.06,1.33,52
135,5,Friday,0,86.57,83,28,53,1.38,0.47,0.88,53
135,5,Friday,1,51.62,49,19,27,0.82,0.32,0.45,53
135,5,Friday,2,23.72,23,10,12,0.38,0.17,0.2,53
135,5,Friday,3,27.06,25,13,12,0.42,0.22,0.2,53
135,5,Friday,4,28.68,27,15,12,0.45,0.25,0.2,53
135,5,Friday,5,51,51,24,25,0.85,0.4,0.42,53
135,5,Friday,6,140.98,142,60,75,2.37,1,1.25,53
135,5,Friday,7,303.79,291,136,153,4.85,2.27,2.55,53
135,5,Friday,8,594.79,575,233,337,9.58,3.88,5.62,53
135,5,Friday,9,638.09,612,258,349,10.2,4.3,5.82,53
135,5,Friday,10,761.79,730,313,410,12.17,5.22,6.83,53
135,5,Friday,11,861.47,844,364,468,14.07,6.07,7.8,53
135,5,Friday,12,926.92,925,432,493,15.42,7.2,8.22,53
135,5,Friday,13,921.36,912,423,501,15.2,7.05,8.35,53
135,5,Friday,14,886.79,877,392,470,14.62,6.53,7.83,53
135,5,Friday,15,959.06,947,449,499,15.78,7.48,8.32,53
135,5,Friday,16,1031.17,1006,464,514,16.77,7.73,8.57,53
135,5,Friday,17,1147.77,1086,532,561,18.1,8.87,9.35,53
135,5,Friday,18,956.47,804,369,422,13.4,6.15,7.03,53
135,5,Friday,19,702.96,598,272,326,9.97,4.53,5.43,53
135,5,Friday,20,421.92,405,181,214,6.75,3.02,3.57,53
135,5,Friday,21,380.43,375,181,195,6.25,3.02,3.25,53
135,5,Friday,22,429.42,292,132,155,4.87,2.2,2.58,53
135,5,Friday,23,358.68,191,94,93,3.18,1.57,1.55,53
135,6,Saturday,0,144.08,118,52.5,69.5,1.97,0.88,1.16,52
135,6,Saturday,1,94.48,85,41,46,1.42,0.68,0.77,52
135,6,Saturday,2,57.5,56,26,29.5,0.93,0.43,0.49,52
135,6,Saturday,3,46.52,45,25,21.5,0.75,0.42,0.36,52
135,6,Saturday,4,41.38,42.5,22,17.5,0.71,0.37,0.29,52
135,6,Saturday,5,44.33,41.5,21.5,21,0.69,0.36,0.35,52
135,6,Saturday,6,95.81,93.5,40,52.5,1.56,0.67,0.88,52
135,6,Saturday,7,191.02,184,82,99,3.07,1.37,1.65,52
135,6,Saturday,8,336.96,329.5,139,192.5,5.49,2.32,3.21,52
135,6,Saturday,9,555.4,549.5,238,312,9.16,3.97,5.2,52
135,6,Saturday,10,818.46,806,361.5,445,13.43,6.03,7.42,52
135,6,Saturday,11,976.46,972.5,429.5,529,16.21,7.16,8.82,52
135,6,Saturday,12,954.19,930,442.5,483.5,15.5,7.38,8.06,52
135,6,Saturday,13,858.79,843,407,458,14.05,6.78,7.63,52
135,6,Saturday,14,875.38,866,392.5,462,14.43,6.54,7.7,52
135,6,Saturday,15,979.42,923,444,461,15.38,7.4,7.68,52
135,6,Saturday,16,1090.02,1004,468.5,483.5,16.73,7.81,8.06,52
135,6,Saturday,17,967.65,925.5,436,486.5,15.43,7.27,8.11,52
135,6,Saturday,18,890.83,786.5,372,415,13.11,6.2,6.92,52
135,6,Saturday,19,688.73,573.5,279.5,268.5,9.56,4.66,4.47,52
135,6,Saturday,20,408.31,388,182,201.5,6.47,3.03,3.36,52
135,6,Saturday,21,351.48,317,141.5,160.5,5.28,2.36,2.67,52
135,6,Saturday,22,544.21,304.5,137.5,143,5.08,2.29,2.38,52
135,6,Saturday,23,416.58,214.5,106.5,97.5,3.58,1.77,1.62,52
135,7,Sunday,0,140.31,129.5,60.5,70.5,2.16,1.01,1.18,52
135,7,Sunday,1,106.98,104.5,52,46,1.74,0.87,0.77,52
135,7,Sunday,2,75.39,72,31,37,1.2,0.52,0.62,51
135,7,Sunday,3,56.38,54,27.5,26,0.9,0.46,0.43,52
135,7,Sunday,4,69.54,69,40.5,28.5,1.15,0.68,0.48,52
135,7,Sunday,5,78.83,80,44.5,34,1.33,0.74,0.57,52
135,7,Sunday,6,92.73,94,48.5,43,1.57,0.81,0.72,52
135,7,Sunday,7,171.58,167.5,80,85.5,2.79,1.33,1.43,52
135,7,Sunday,8,292.92,298.5,126.5,154,4.97,2.11,2.57,52
135,7,Sunday,9,485.25,467.5,207,252.5,7.79,3.45,4.21,52
135,7,Sunday,10,729.79,701.5,349.5,360.5,11.69,5.82,6.01,52
135,7,Sunday,11,856.46,832,391,439.5,13.87,6.52,7.32,52
135,7,Sunday,12,800.08,762,352,405,12.7,5.87,6.75,52
135,7,Sunday,13,740.65,740,347,372,12.33,5.78,6.2,52
135,7,Sunday,14,804.37,752,355,387.5,12.53,5.92,6.46,52
135,7,Sunday,15,787.88,781.5,374.5,389.5,13.03,6.24,6.49,52
135,7,Sunday,16,840.44,747.5,367.5,387,12.46,6.12,6.45,52
135,7,Sunday,17,756.81,693,348.5,368,11.55,5.81,6.13,52
135,7,Sunday,18,687.42,567.5,254,294,9.46,4.23,4.9,52
135,7,Sunday,19,449.33,425.5,204.5,214,7.09,3.41,3.57,52
135,7,Sunday,20,315.04,294.5,129.5,162.5,4.91,2.16,2.71,52
135,7,Sunday,21,274.81,254.5,115.5,140.5,4.24,1.93,2.34,52
135,7,Sunday,22,215.04,177,74.5,100.5,2.95,1.24,1.68,52
135,7,Sunday,23,121.87,107,43,61,1.78,0.72,1.02,52
136,1,Monday,0,3.32,1,1,1,0.02,0.02,0.02,31
136,1,Monday,1,3.9,2,1,1,0.03,0.02,0.02,20
136,1,Monday,2,1.93,1,1,0,0.02,0.02,0,14
136,1,Monday,3,1.7,1,1,0,0.02,0.02,0,10
136,1,Monday,4,2.33,1,1,1,0.02,0.02,0.02,15
136,1,Monday,5,4.58,2.5,2,0.5,0.04,0.03,0.01,40
136,1,Monday,6,33.6,21,16,7.5,0.35,0.27,0.12,50
136,1,Monday,7,113.57,90,46,47,1.5,0.77,0.78,51
136,1,Monday,8,188.63,162,86,78,2.7,1.43,1.3,51
136,1,Monday,9,121,114,59,56,1.9,0.98,0.93,51
136,1,Monday,10,104.69,87,46,35,1.45,0.77,0.58,51
136,1,Monday,11,130.67,89,49,35,1.48,0.82,0.58,51
136,1,Monday,12,220.47,145,64,68,2.42,1.07,1.13,51
136,1,Monday,13,264.22,147,71,75,2.45,1.18,1.25,51
136,1,Monday,14,262.51,106,55,45,1.77,0.92,0.75,51
136,1,Monday,15,130.45,111,60,48,1.85,1,0.8,51
136,1,Monday,16,179.55,157,90,53,2.62,1.5,0.88,51
136,1,Monday,17,261.65,289,178,72,4.82,2.97,1.2,51
136,1,Monday,18,349.25,122,65,32,2.03,1.08,0.53,51
136,1,Monday,19,84.81,56.5,27,17,0.94,0.45,0.28,48
136,1,Monday,20,37.53,7,6,2,0.12,0.1,0.03,51
136,1,Monday,21,12.8,4,3,2,0.07,0.05,0.03,45
136,1,Monday,22,15.18,3.5,2,2,0.06,0.03,0.03,38
136,1,Monday,23,16.56,2.5,1,1,0.04,0.02,0.02,32
136,2,Tuesday,0,8.3,1,1,1,0.02,0.02,0.02,23
136,2,Tuesday,1,1.79,1,1,0,0.02,0.02,0,14
136,2,Tuesday,2,2,2,1,1,0.03,0.02,0.02,11
136,2,Tuesday,3,1.6,1,1,1,0.02,0.02,0.02,10
136,2,Tuesday,4,1.38,1,1,0,0.02,0.02,0,16
136,2,Tuesday,5,5,2.5,1.5,1,0.04,0.03,0.02,42
136,2,Tuesday,6,51.12,33,19,15,0.55,0.32,0.25,51
136,2,Tuesday,7,144.16,129,64,67,2.15,1.07,1.12,51
136,2,Tuesday,8,226.71,181,87,101,3.02,1.45,1.68,51
136,2,Tuesday,9,142.73,129,72,59,2.15,1.2,0.98,51
136,2,Tuesday,10,116.12,97,50,51,1.62,0.83,0.85,51
136,2,Tuesday,11,105.76,96,50,47,1.6,0.83,0.78,51
136,2,Tuesday,12,162.37,160,79,64,2.67,1.32,1.07,51
136,2,Tuesday,13,144.78,132,62,64,2.2,1.03,1.07,51
136,2,Tuesday,14,104.37,83,46,39,1.38,0.77,0.65,51
136,2,Tuesday,15,121.67,105,63,41,1.75,1.05,0.68,51
136,2,Tuesday,16,185.47,164,102,53,2.73,1.7,0.88,51
136,2,Tuesday,17,299.27,257,186,75,4.28,3.1,1.25,51
136,2,Tuesday,18,185.36,94.5,64,25,1.57,1.07,0.42,50
136,2,Tuesday,19,95.04,37,30,12.5,0.62,0.5,0.21,50
136,2,Tuesday,20,38.72,10,6,3,0.17,0.1,0.05,50
136,2,Tuesday,21,17.17,6,2,2,0.1,0.03,0.03,47
136,2,Tuesday,22,67.43,4.5,2,2,0.07,0.03,0.03,42
136,2,Tuesday,23,37.97,4,1,2,0.07,0.02,0.03,31
136,3,Wednesday,0,3.65,2,1,1,0.03,0.02,0.02,23
136,3,Wednesday,1,2.23,1,1,1,0.02,0.02,0.02,22
136,3,Wednesday,2,1.65,1,1,1,0.02,0.02,0.02,17
136,3,Wednesday,3,2.57,2,1,1,0.03,0.02,0.02,14
136,3,Wednesday,4,2.24,1,1,0,0.02,0.02,0,17
136,3,Wednesday,5,6.15,3,3,0.5,0.05,0.05,0.01,40
136,3,Wednesday,6,48.37,37,21,16,0.62,0.35,0.27,51
136,3,Wednesday,7,152.51,140,70,70,2.33,1.17,1.17,51
136,3,Wednesday,8,227.14,211,103,104,3.52,1.72,1.73,51
136,3,Wednesday,9,129.83,115.5,64,56.5,1.93,1.07,0.94,52
136,3,Wednesday,10,117.4,90,51.5,38.5,1.5,0.86,0.64,52
136,3,Wednesday,11,118.88,99,57.5,40.5,1.65,0.96,0.68,52
136,3,Wednesday,12,175.88,153,84,64.5,2.55,1.4,1.07,52
136,3,Wednesday,13,150.02,144.5,75,64.5,2.41,1.25,1.07,52
136,3,Wednesday,14,116.59,109,51,46,1.82,0.85,0.77,51
136,3,Wednesday,15,142.27,116,67,49,1.93,1.12,0.82,51
136,3,Wednesday,16,202.08,172,115,57,2.87,1.92,0.95,51
136,3,Wednesday,17,362.96,266,195,72,4.43,3.25,1.2,51
136,3,Wednesday,18,341.16,126,88,28,2.1,1.47,0.47,51
136,3,Wednesday,19,264.61,65,52,9,1.08,0.87,0.15,51
136,3,Wednesday,20,51.82,12,7,4,0.2,0.12,0.07,49
136,3,Wednesday,21,18.65,8,4,2,0.13,0.07,0.03,49
136,3,Wednesday,22,258.47,6,2,4,0.1,0.03,0.07,43
136,3,Wednesday,23,193.3,9.5,1,6.5,0.16,0.02,0.11,30
136,4,Thursday,0,11.89,2.5,1,1.5,0.04,0.02,0.03,28
136,4,Thursday,1,5.21,3,1,1,0.05,0.02,0.02,19
136,4,Thursday,2,2.86,1,1,0,0.02,0.02,0,14
136,4,Thursday,3,2.25,2,1,1,0.03,0.02,0.02,12
136,4,Thursday,4,2.5,1.5,1,1,0.03,0.02,0.02,14
136,4,Thursday,5,4.53,2,2,1,0.03,0.03,0.02,45
136,4,Thursday,6,48.96,37,22,13,0.62,0.37,0.22,51
136,4,Thursday,7,143.22,134,67,65,2.23,1.12,1.08,51
136,4,Thursday,8,220.82,202,102,102,3.37,1.7,1.7,51
136,4,Thursday,9,148.18,141,81,59,2.35,1.35,0.98,51
136,4,Thursday,10,106.55,97,53,41,1.62,0.88,0.68,51
136,4,Thursday,11,133.08,111,55,40,1.85,0.92,0.67,51
136,4,Thursday,12,164.51,147,68,66,2.45,1.13,1.1,51
136,4,Thursday,13,138.65,138,69,63,2.3,1.15,1.05,51
136,4,Thursday,14,112.86,114,57,45,1.9,0.95,0.75,51
136,4,Thursday,15,133.57,124,71,46,2.07,1.18,0.77,51
136,4,Thursday,16,205.1,191,130,60,3.18,2.17,1,51
136,4,Thursday,17,379.41,347,245,87,5.78,4.08,1.45,51
136,4,Thursday,18,458.71,227,155,26,3.78,2.58,0.43,51
136,4,Thursday,19,231,91,58,11,1.52,0.97,0.18,51
136,4,Thursday,20,48.19,23.5,12,8,0.39,0.2,0.13,48
136,4,Thursday,21,34.58,12.5,5,5,0.21,0.08,0.08,48
136,4,Thursday,22,299.59,9,3,8,0.15,0.05,0.13,49
136,4,Thursday,23,59.93,11,1.5,9.5,0.18,0.03,0.16,44
136,5,Friday,0,4.76,2,1,1,0.03,0.02,0.02,33
136,5,Friday,1,2,1,1,1,0.02,0.02,0.02,21
136,5,Friday,2,2.35,1.5,1,1,0.03,0.02,0.02,20
136,5,Friday,3,2,2,1,1,0.03,0.02,0.02,11
136,5,Friday,4,1.69,1,1,1,0.02,0.02,0.02,16
136,5,Friday,5,5.4,3,2,1,0.05,0.03,0.02,42
136,5,Friday,6,42.55,32,25,10,0.53,0.42,0.17,51
136,5,Friday,7,113.15,119.5,65,51,1.99,1.08,0.85,52
136,5,Friday,8,209.46,163,71,76.5,2.72,1.18,1.27,52
136,5,Friday,9,343.73,121,57,53,2.02,0.95,0.88,52
136,5,Friday,10,149.27,110,66.5,42.5,1.83,1.11,0.71,52
136,5,Friday,11,130.54,109,54,44.5,1.82,0.9,0.74,52
136,5,Friday,12,162.52,142.5,66.5,63,2.38,1.11,1.05,52
136,5,Friday,13,161.67,134,72.5,62,2.23,1.21,1.03,52
136,5,Friday,14,181.17,118,59.5,51.5,1.97,0.99,0.86,52
136,5,Friday,15,157.63,132.5,77.5,47.5,2.21,1.29,0.79,52
136,5,Friday,16,226.08,179.5,113,52,2.99,1.88,0.87,52
136,5,Friday,17,393.62,238,151.5,62.5,3.97,2.52,1.04,52
136,5,Friday,18,740.15,177,121.5,23,2.95,2.02,0.38,52
136,5,Friday,19,275.23,91.5,62,12.5,1.52,1.03,0.21,52
136,5,Friday,20,60.83,27,18,7,0.45,0.3,0.12,52
136,5,Friday,21,36.31,16.5,4,7.5,0.28,0.07,0.12,52
136,5,Friday,22,445,80,6,61.5,1.33,0.1,1.02,50
136,5,Friday,23,116.15,19.5,3,16,0.32,0.05,0.27,48
136,6,Saturday,0,8.54,4,2,2,0.07,0.03,0.03,37
136,6,Saturday,1,7.48,2,1,1,0.03,0.02,0.02,33
136,6,Saturday,2,5.92,2,1,1,0.03,0.02,0.02,26
136,6,Saturday,3,2.41,2,1,0,0.03,0.02,0,27
136,6,Saturday,4,2.46,1.5,1,1,0.03,0.02,0.02,28
136,6,Saturday,5,4.59,2.5,2,0.5,0.04,0.03,0.01,32
136,6,Saturday,6,23.86,16.5,10,7.5,0.28,0.17,0.12,50
136,6,Saturday,7,94.33,83,46,37,1.38,0.77,0.62,51
136,6,Saturday,8,178.2,136,73,61,2.27,1.22,1.02,51
136,6,Saturday,9,338.27,160,93,62,2.67,1.55,1.03,51
136,6,Saturday,10,309.04,151,94,68,2.52,1.57,1.13,51
136,6,Saturday,11,321.1,150,85,62,2.5,1.42,1.03,51
136,6,Saturday,12,445.47,171,80,60,2.85,1.33,1,51
136,6,Saturday,13,333.08,171,84,60,2.85,1.4,1,51
136,6,Saturday,14,382.73,167,92,66,2.78,1.53,1.1,51
136,6,Saturday,15,647.98,187,90,61,3.12,1.5,1.02,51
136,6,Saturday,16,492,252,107,65,4.2,1.78,1.08,51
136,6,Saturday,17,529.9,189,98,55,3.15,1.63,0.92,51
136,6,Saturday,18,637.04,185,88,38,3.08,1.47,0.63,51
136,6,Saturday,19,399.1,217.5,55.5,45,3.62,0.92,0.75,50
136,6,Saturday,20,125.27,37,13,19,0.62,0.22,0.32,51
136,6,Saturday,21,30.59,16,5,8,0.27,0.08,0.13,51
136,6,Saturday,22,216.18,51,4,45,0.85,0.07,0.75,49
136,6,Saturday,23,87.02,10,3,7,0.17,0.05,0.12,47
136,7,Sunday,0,7.64,3,1.5,2,0.05,0.03,0.03,44
136,7,Sunday,1,3.82,2.5,1.5,1,0.04,0.03,0.02,34
136,7,Sunday,2,2.11,1,1,1,0.02,0.02,0.02,35
136,7,Sunday,3,1.79,1,1,1,0.02,0.02,0.02,34
136,7,Sunday,4,3.05,1,1,1,0.02,0.02,0.02,20
136,7,Sunday,5,30.61,3,2,0.5,0.05,0.03,0.01,28
136,7,Sunday,6,67.98,9.5,5,4,0.16,0.08,0.07,48
136,7,Sunday,7,189.59,60,31,29,1,0.52,0.48,51
136,7,Sunday,8,385.04,186,129,63,3.1,2.15,1.05,51
136,7,Sunday,9,306.75,154,89,64,2.57,1.48,1.07,51
136,7,Sunday,10,350.67,159,90,72,2.65,1.5,1.2,51
136,7,Sunday,11,379.31,178,93,69,2.97,1.55,1.15,51
136,7,Sunday,12,342.51,181,97,64,3.02,1.62,1.07,51
136,7,Sunday,13,263.76,190,117,58,3.17,1.95,0.97,51
136,7,Sunday,14,367.51,154,88,54,2.57,1.47,0.9,51
136,7,Sunday,15,278.49,204,90,56,3.4,1.5,0.93,51
136,7,Sunday,16,336.37,174,67,90,2.9,1.12,1.5,51
136,7,Sunday,17,280.06,116,59,50,1.93,0.98,0.83,51
136,7,Sunday,18,512.41,102,29,30,1.7,0.48,0.5,51
136,7,Sunday,19,166.84,33,19,11,0.55,0.32,0.18,51
136,7,Sunday,20,66.42,16.5,7,3,0.28,0.12,0.05,48
136,7,Sunday,21,93.86,6,3,2,0.1,0.05,0.03,44
136,7,Sunday,22,222.75,5.5,2,2,0.09,0.03,0.03,44
136,7,Sunday,23,123.84,6,1,5,0.1,0.02,0.08,37
137,1,Monday,0,2.18,1.5,1,1,0.03,0.02,0.02,34
137,1,Monday,1,1.95,2,1,1,0.03,0.02,0.02,19
137,1,Monday,2,1.15,1,1,0,0.02,0.02,0,13
137,1,Monday,3,1.2,1,1,0,0.02,0.02,0,15
137,1,Monday,4,1.33,1,1,0,0.02,0.02,0,3
137,1,Monday,5,3.42,3,2,1,0.05,0.03,0.02,38
137,1,Monday,6,22.08,14,13.5,1,0.23,0.22,0.02,52
137,1,Monday,7,96.15,112,97,11.5,1.87,1.62,0.19,52
137,1,Monday,8,204.96,257,226.5,24,4.28,3.78,0.4,52
137,1,Monday,9,147.23,177,127,46,2.95,2.12,0.77,52
137,1,Monday,10,87.08,86,42.5,43.5,1.43,0.71,0.72,52
137,1,Monday,11,95.81,99.5,34.5,63,1.66,0.58,1.05,52
137,1,Monday,12,166.21,183,68.5,111,3.05,1.14,1.85,52
137,1,Monday,13,132.58,139.5,66.5,76.5,2.33,1.11,1.27,52
137,1,Monday,14,105.94,111.5,30,75.5,1.86,0.5,1.26,52
137,1,Monday,15,132.73,140.5,23.5,116,2.34,0.39,1.93,52
137,1,Monday,16,206.08,223.5,22.5,197.5,3.72,0.38,3.29,52
137,1,Monday,17,173.92,188,26.5,161,3.13,0.44,2.68,52
137,1,Monday,18,57.1,57,14.5,36,0.95,0.24,0.6,52
137,1,Monday,19,37.87,23.5,11,16.5,0.39,0.18,0.28,52
137,1,Monday,20,22.47,13,7,7,0.22,0.12,0.12,51
137,1,Monday,21,10.14,9,4,4,0.15,0.07,0.07,51
137,1,Monday,22,6.06,5,2,3,0.08,0.03,0.05,51
137,1,Monday,23,3.08,2,1,1,0.03,0.02,0.02,38
137,2,Tuesday,0,2.07,2,1,1,0.03,0.02,0.02,30
137,2,Tuesday,1,1.5,1,1,0.5,0.02,0.02,0.01,16
137,2,Tuesday,2,1.27,1,1,1,0.02,0.02,0.02,11
137,2,Tuesday,3,1.29,1,0,1,0.02,0,0.02,7
137,2,Tuesday,4,1.07,1,0,1,0.02,0,0.02,14
137,2,Tuesday,5,3.7,3,2.5,1,0.05,0.04,0.02,40
137,2,Tuesday,6,30.29,25,21,3,0.42,0.35,0.05,52
137,2,Tuesday,7,141.96,161.5,145.5,14.5,2.69,2.42,0.24,52
137,2,Tuesday,8,290.06,333,302.5,29,5.55,5.04,0.48,52
137,2,Tuesday,9,217.9,254,192,55,4.23,3.2,0.92,52
137,2,Tuesday,10,105.69,114.5,62,50.5,1.91,1.03,0.84,52
137,2,Tuesday,11,116.25,119.5,43,74,1.99,0.72,1.23,52
137,2,Tuesday,12,226.15,239,94.5,146.5,3.98,1.57,2.44,52
137,2,Tuesday,13,164.04,170.5,79,92,2.84,1.32,1.53,52
137,2,Tuesday,14,133.46,138,35,104,2.3,0.58,1.73,52
137,2,Tuesday,15,199.44,213,26,184,3.55,0.43,3.07,52
137,2,Tuesday,16,296.33,318.5,29.5,291.5,5.31,0.49,4.86,52
137,2,Tuesday,17,252.87,270.5,35,241.5,4.51,0.58,4.03,52
137,2,Tuesday,18,72.58,61,19.5,36,1.02,0.32,0.6,52
137,2,Tuesday,19,43.88,37,13,20.5,0.62,0.22,0.34,52
137,2,Tuesday,20,24.42,17.5,7,10,0.29,0.12,0.17,52
137,2,Tuesday,21,9.88,9.5,4,4,0.16,0.07,0.07,50
137,2,Tuesday,22,5.66,4,2,2,0.07,0.03,0.03,47
137,2,Tuesday,23,3.71,3,1,1,0.05,0.02,0.02,41
137,3,Wednesday,0,1.85,2,1,1,0.03,0.02,0.02,33
137,3,Wednesday,1,1.64,1,1,0,0.02,0.02,0,11
137,3,Wednesday,2,1.22,1,1,1,0.02,0.02,0.02,9
137,3,Wednesday,3,1.12,1,0,1,0.02,0,0.02,8
137,3,Wednesday,4,1.4,1,1,1,0.02,0.02,0.02,10
137,3,Wednesday,5,3.62,3,2,1,0.05,0.03,0.02,47
137,3,Wednesday,6,30.46,23.5,21.5,2.5,0.39,0.36,0.04,52
137,3,Wednesday,7,136.63,152.5,131.5,15,2.54,2.19,0.25,52
137,3,Wednesday,8,281.98,327,290.5,31,5.45,4.84,0.52,52
137,3,Wednesday,9,201.52,221,163,54.5,3.68,2.72,0.91,52
137,3,Wednesday,10,101.56,102,59,48,1.7,0.98,0.8,52
137,3,Wednesday,11,121,124,46,80,2.07,0.77,1.33,52
137,3,Wednesday,12,221.21,227.5,91.5,137,3.79,1.52,2.28,52
137,3,Wednesday,13,171.33,176,85,89,2.93,1.42,1.48,52
137,3,Wednesday,14,133.4,140.5,40.5,95,2.34,0.68,1.58,52
137,3,Wednesday,15,175.62,182.5,25,154,3.04,0.42,2.57,52
137,3,Wednesday,16,282.44,297.5,29,262,4.96,0.48,4.37,52
137,3,Wednesday,17,250.13,264.5,31.5,221.5,4.41,0.52,3.69,52
137,3,Wednesday,18,84.63,59.5,17.5,43,0.99,0.29,0.72,52
137,3,Wednesday,19,62.02,24,10.5,16.5,0.4,0.17,0.28,52
137,3,Wednesday,20,62.65,14,9,7,0.23,0.15,0.12,51
137,3,Wednesday,21,49.8,8.5,4,4,0.14,0.07,0.07,50
137,3,Wednesday,22,41.06,6,3,3,0.1,0.05,0.05,50
137,3,Wednesday,23,43.36,2.5,1,1,0.04,0.02,0.02,42
137,4,Thursday,0,47.14,2,1,1,0.03,0.02,0.02,29
137,4,Thursday,1,12.12,1,0,1,0.02,0,0.02,26
137,4,Thursday,2,2.56,1,0,1,0.02,0,0.02,9
137,4,Thursday,3,2.78,1,1,1,0.02,0.02,0.02,9
137,4,Thursday,4,1.44,1,1,1,0.02,0.02,0.02,9
137,4,Thursday,5,3.4,3,2,1,0.05,0.03,0.02,43
137,4,Thursday,6,23.75,19.5,16,2,0.32,0.27,0.03,52
137,4,Thursday,7,116.56,132.5,110.5,14.5,2.21,1.84,0.24,52
137,4,Thursday,8,255.9,293,265.5,27,4.88,4.42,0.45,52
137,4,Thursday,9,180.37,204.5,168.5,34,3.41,2.81,0.57,52
137,4,Thursday,10,81.06,85.5,50,33.5,1.43,0.83,0.56,52
137,4,Thursday,11,95.88,101,37.5,61,1.68,0.62,1.02,52
137,4,Thursday,12,217.08,228,90,132,3.8,1.5,2.2,52
137,4,Thursday,13,153.15,162,71.5,82,2.7,1.19,1.37,52
137,4,Thursday,14,110.94,113.5,33,77.5,1.89,0.55,1.29,52
137,4,Thursday,15,152.88,154,27.5,130,2.57,0.46,2.17,52
137,4,Thursday,16,258.92,278,31,242.5,4.63,0.52,4.04,52
137,4,Thursday,17,239.1,245.5,33.5,211.5,4.09,0.56,3.52,52
137,4,Thursday,18,78.02,61.5,13,49,1.02,0.22,0.82,52
137,4,Thursday,19,50.17,31.5,11.5,20.5,0.52,0.19,0.34,52
137,4,Thursday,20,25.85,18,7.5,10,0.3,0.12,0.17,52
137,4,Thursday,21,13.59,12,5,6,0.2,0.08,0.1,51
137,4,Thursday,22,12.27,8,4,3,0.13,0.07,0.05,51
137,4,Thursday,23,5.74,3,2,1,0.05,0.03,0.02,47
137,5,Friday,0,2.16,2,1,1,0.03,0.02,0.02,38
137,5,Friday,1,1.88,1,0,1,0.02,0,0.02,17
137,5,Friday,2,1.8,1,1,0,0.02,0.02,0,10
137,5,Friday,3,1.22,1,1,0,0.02,0.02,0,9
137,5,Friday,4,1.17,1,1,1,0.02,0.02,0.02,12
137,5,Friday,5,3.05,2,2,0.5,0.03,0.03,0.01,38
137,5,Friday,6,21.79,16,14.5,3,0.27,0.24,0.05,52
137,5,Friday,7,79.79,87,75,13,1.45,1.25,0.22,53
137,5,Friday,8,181.92,214,190,25,3.57,3.17,0.42,53
137,5,Friday,9,151.75,171,117,50,2.85,1.95,0.83,53
137,5,Friday,10,89.96,100,48,47,1.67,0.8,0.78,53
137,5,Friday,11,103.26,109,36,67,1.82,0.6,1.12,53
137,5,Friday,12,166.02,171,60,106,2.85,1,1.77,53
137,5,Friday,13,132.19,141,64,75,2.35,1.07,1.25,53
137,5,Friday,14,118.32,126,37,83,2.1,0.62,1.38,53
137,5,Friday,15,124.91,128,28,101,2.13,0.47,1.68,53
137,5,Friday,16,180.06,190,29,156,3.17,0.48,2.6,53
137,5,Friday,17,160.3,158,31,130,2.63,0.52,2.17,53
137,5,Friday,18,85.72,55,21,38,0.92,0.35,0.63,53
137,5,Friday,19,66.55,39,16,24,0.65,0.27,0.4,53
137,5,Friday,20,39.6,19,8,11,0.32,0.13,0.18,53
137,5,Friday,21,22.81,12.5,6,5,0.21,0.1,0.08,52
137,5,Friday,22,24.58,10.5,5,5,0.17,0.08,0.08,52
137,5,Friday,23,9.84,4,2,1,0.07,0.03,0.02,50
137,6,Saturday,0,4.49,2,2,1,0.03,0.03,0.02,35
137,6,Saturday,1,2.37,2,1.5,0,0.03,0.03,0,30
137,6,Saturday,2,2.16,2,1,0,0.03,0.02,0,25
137,6,Saturday,3,1.54,1,1,0,0.02,0.02,0,13
137,6,Saturday,4,1.38,1,0,1,0.02,0,0.02,16
137,6,Saturday,5,1.62,1,0.5,1,0.02,0.01,0.02,16
137,6,Saturday,6,4.33,3,2,1,0.05,0.03,0.02,43
137,6,Saturday,7,15.02,14.5,9,5,0.24,0.15,0.08,52
137,6,Saturday,8,25.4,25,13,11.5,0.42,0.22,0.19,52
137,6,Saturday,9,38.13,39,16.5,19,0.65,0.28,0.32,52
137,6,Saturday,10,48.38,52,22,26,0.87,0.37,0.43,52
137,6,Saturday,11,56.92,53,22.5,29.5,0.88,0.38,0.49,52
137,6,Saturday,12,62.15,53.5,22.5,32,0.89,0.38,0.53,52
137,6,Saturday,13,56.37,57,23,31,0.95,0.38,0.52,52
137,6,Saturday,14,56.46,56.5,21.5,34.5,0.94,0.36,0.58,52
137,6,Saturday,15,66.4,55,23,30,0.92,0.38,0.5,52
137,6,Saturday,16,78.15,59.5,25,32.5,0.99,0.42,0.54,52
137,6,Saturday,17,83.71,55,25,27,0.92,0.42,0.45,51
137,6,Saturday,18,73.42,43,20.5,24,0.72,0.34,0.4,52
137,6,Saturday,19,65.88,45,16,23.5,0.75,0.27,0.39,52
137,6,Saturday,20,42.48,16,8,10,0.27,0.13,0.17,50
137,6,Saturday,21,20.32,9,6,5,0.15,0.1,0.08,50
137,6,Saturday,22,22.98,8.5,7,3,0.14,0.12,0.05,52
137,6,Saturday,23,15.18,5,3,2,0.08,0.05,0.03,44
137,7,Sunday,0,4.5,3,1,1,0.05,0.02,0.02,40
137,7,Sunday,1,1.86,1,1,1,0.02,0.02,0.02,29
137,7,Sunday,2,1.27,1,1,0,0.02,0.02,0,26
137,7,Sunday,3,2.04,2,1,0,0.03,0.02,0,24
137,7,Sunday,4,1.83,1,1,0,0.02,0.02,0,23
137,7,Sunday,5,2.2,1,1,1,0.02,0.02,0.02,25
137,7,Sunday,6,5.33,3.5,1,2,0.06,0.02,0.03,42
137,7,Sunday,7,12.29,8,4,4,0.13,0.07,0.07,52
137,7,Sunday,8,26.58,21,10,10.5,0.35,0.17,0.17,52
137,7,Sunday,9,38.71,32.5,15,15.5,0.54,0.25,0.26,52
137,7,Sunday,10,46.52,38.5,17.5,20.5,0.64,0.29,0.34,52
137,7,Sunday,11,48.81,44,18.5,25.5,0.73,0.31,0.42,52
137,7,Sunday,12,54.79,47,20,25.5,0.78,0.33,0.42,52
137,7,Sunday,13,53.31,48,19.5,28,0.8,0.32,0.47,52
137,7,Sunday,14,58.44,43,19,27,0.72,0.32,0.45,52
137,7,Sunday,15,59.06,49.5,20,27.5,0.82,0.33,0.46,52
137,7,Sunday,16,62.5,47.5,19.5,25,0.79,0.32,0.42,52
137,7,Sunday,17,68.38,49,24,22,0.82,0.4,0.37,52
137,7,Sunday,18,58.35,37.5,20,16,0.62,0.33,0.27,52
137,7,Sunday,19,52.92,24,12,14,0.4,0.2,0.23,51
137,7,Sunday,20,37.31,13.5,7,6.5,0.22,0.12,0.11,52
137,7,Sunday,21,22.42,8,4,3,0.13,0.07,0.05,50
137,7,Sunday,22,11.33,4.5,2,2,0.07,0.03,0.03,48
137,7,Sunday,23,4,2,2,1,0.03,0.03,0.02,44
138,1,Monday,1,1,1,0,1,0.02,0,0.02,1
138,1,Monday,2,2,2,0,2,0.03,0,0.03,2
138,1,Monday,4,1,1,0,1,0.02,0,0.02,1
138,1,Monday,5,1,1,0,1,0.02,0,0.02,3
138,1,Monday,6,3,3,1,1,0.05,0.02,0.02,23
138,1,Monday,7,4.4,4,2.5,1,0.07,0.04,0.02,52
138,1,Monday,8,8.08,8,4,3,0.13,0.07,0.05,52
138,1,Monday,9,7.84,7,3,4,0.12,0.05,0.07,51
138,1,Monday,10,14.73,10,3,6,0.17,0.05,0.1,52
138,1,Monday,11,17.83,11,5,5,0.18,0.08,0.08,52
138,1,Monday,12,22.31,21,11,9,0.35,0.18,0.15,52
138,1,Monday,13,22.19,22,11,9.5,0.37,0.18,0.16,52
138,1,Monday,14,14.38,13.5,6,7,0.22,0.1,0.12,52
138,1,Monday,15,13.38,14,8.5,4,0.23,0.14,0.07,52
138,1,Monday,16,11.98,12,6,4.5,0.2,0.1,0.07,52
138,1,Monday,17,11.5,11,7,3,0.18,0.12,0.05,50
138,1,Monday,18,9.68,9,6,3,0.15,0.1,0.05,37
138,1,Monday,19,7.17,7,3,2,0.12,0.05,0.03,30
138,1,Monday,20,5.84,6,2,2,0.1,0.03,0.03,19
138,1,Monday,21,2.14,2,1,1,0.03,0.02,0.02,7
138,1,Monday,22,1.67,2,1,1,0.03,0.02,0.02,3
138,1,Monday,23,1,1,0,1,0.02,0,0.02,1
138,2,Tuesday,4,1,1,0,1,0.02,0,0.02,1
138,2,Tuesday,5,1,1,1,0,0.02,0.02,0,1
138,2,Tuesday,6,2.46,2,1,1,0.03,0.02,0.02,28
138,2,Tuesday,7,5.52,5,2.5,2,0.08,0.04,0.03,50
138,2,Tuesday,8,8.73,8,5,4,0.13,0.08,0.07,52
138,2,Tuesday,9,9.73,8,3,5,0.13,0.05,0.08,52
138,2,Tuesday,10,8.98,8,4,5,0.13,0.07,0.08,52
138,2,Tuesday,11,13.37,12,5,5.5,0.2,0.08,0.09,52
138,2,Tuesday,12,24.81,22,12,10.5,0.37,0.2,0.17,52
138,2,Tuesday,13,26.35,22,11.5,11,0.37,0.19,0.18,52
138,2,Tuesday,14,14.57,12,7,6,0.2,0.12,0.1,51
138,2,Tuesday,15,13.6,12.5,7,4.5,0.21,0.12,0.07,52
138,2,Tuesday,16,15.27,15,9,5,0.25,0.15,0.08,51
138,2,Tuesday,17,13.4,13,9,4,0.22,0.15,0.07,52
138,2,Tuesday,18,10.81,11,5.5,5,0.18,0.09,0.08,32
138,2,Tuesday,19,7.72,6,4,2,0.1,0.07,0.03,29
138,2,Tuesday,20,6.48,4,2,2,0.07,0.03,0.03,21
138,2,Tuesday,21,2.6,2,1,1,0.03,0.02,0.02,5
138,2,Tuesday,22,1.5,1,1,0.5,0.02,0.02,0.01,4
138,2,Tuesday,23,1.6,1,0,1,0.02,0,0.02,5
138,3,Wednesday,1,1,1,0,1,0.02,0,0.02,2
138,3,Wednesday,2,1,1,0,1,0.02,0,0.02,2
138,3,Wednesday,5,1,1,0,1,0.02,0,0.02,3
138,3,Wednesday,6,2.03,1,1,1,0.02,0.02,0.02,29
138,3,Wednesday,7,5.27,5,3,2,0.08,0.05,0.03,52
138,3,Wednesday,8,10,9,4.5,4.5,0.15,0.07,0.07,52
138,3,Wednesday,9,8.73,8.5,4,4,0.14,0.07,0.07,52
138,3,Wednesday,10,13,9.5,4,5,0.16,0.07,0.08,52
138,3,Wednesday,11,20.31,11.5,6,6,0.19,0.1,0.1,52
138,3,Wednesday,12,25.13,23,13,10,0.38,0.22,0.17,52
138,3,Wednesday,13,25.79,23,13,9,0.38,0.22,0.15,52
138,3,Wednesday,14,17.9,17,9,7.5,0.28,0.15,0.12,52
138,3,Wednesday,15,15.37,14.5,8.5,6,0.24,0.14,0.1,52
138,3,Wednesday,16,14.62,13.5,9,5,0.22,0.15,0.08,52
138,3,Wednesday,17,15.02,15,9,5,0.25,0.15,0.08,52
138,3,Wednesday,18,11.56,10.5,6.5,4,0.17,0.11,0.07,36
138,3,Wednesday,19,8.34,7.5,4,2,0.12,0.07,0.03,32
138,3,Wednesday,20,9.47,4,2,2,0.07,0.03,0.03,19
138,3,Wednesday,21,1.55,1,0,1,0.02,0,0.02,11
138,3,Wednesday,22,1,1,1,0,0.02,0.02,0,3
138,3,Wednesday,23,1,1,0,1,0.02,0,0.02,3
138,4,Thursday,0,1,1,0.5,0.5,0.02,0.01,0.01,4
138,4,Thursday,1,1,1,0,1,0.02,0,0.02,1
138,4,Thursday,3,1.33,1,0,1,0.02,0,0.02,3
138,4,Thursday,5,1,1,0.5,0.5,0.02,0.01,0.01,2
138,4,Thursday,6,2.5,2,1,1,0.03,0.02,0.02,30
138,4,Thursday,7,5.67,5,3,2,0.08,0.05,0.03,52
138,4,Thursday,8,9.67,10,4,5,0.17,0.07,0.08,51
138,4,Thursday,9,8.6,7,3,4,0.12,0.05,0.07,52
138,4,Thursday,10,12.63,10,4,6,0.17,0.07,0.1,51
138,4,Thursday,11,18.33,14.5,7,6,0.24,0.12,0.1,52
138,4,Thursday,12,25.92,25,13,10.5,0.42,0.22,0.17,52
138,4,Thursday,13,23.6,21.5,12,10.5,0.36,0.2,0.17,52
138,4,Thursday,14,17.69,15,9.5,6,0.25,0.16,0.1,52
138,4,Thursday,15,14,13,8,4,0.22,0.13,0.07,52
138,4,Thursday,16,16.73,16,10,6,0.27,0.17,0.1,52
138,4,Thursday,17,15.46,15,9,4,0.25,0.15,0.07,52
138,4,Thursday,18,11.51,11,7,4,0.18,0.12,0.07,37
138,4,Thursday,19,9.63,8.5,4.5,3,0.14,0.07,0.05,30
138,4,Thursday,20,5.96,5,2,2,0.08,0.03,0.03,24
138,4,Thursday,21,1.29,1,0,1,0.02,0,0.02,7
138,4,Thursday,22,1,1,0.5,0.5,0.02,0.01,0.01,4
138,4,Thursday,23,1.4,1,1,1,0.02,0.02,0.02,5
138,5,Friday,0,1,1,0,1,0.02,0,0.02,1
138,5,Friday,1,1,1,0,1,0.02,0,0.02,1
138,5,Friday,3,1,1,0,1,0.02,0,0.02,1
138,5,Friday,5,1,1,1,0,0.02,0.02,0,3
138,5,Friday,6,2.4,2,1,1,0.03,0.02,0.02,25
138,5,Friday,7,5.16,4,2,2,0.07,0.03,0.03,51
138,5,Friday,8,9.49,9,4,4,0.15,0.07,0.07,53
138,5,Friday,9,9.89,10,4,5,0.17,0.07,0.08,53
138,5,Friday,10,12.32,11,4,7,0.18,0.07,0.12,53
138,5,Friday,11,13.58,11,6,6,0.18,0.1,0.1,53
138,5,Friday,12,21.13,20,11,8,0.33,0.18,0.13,53
138,5,Friday,13,19.38,19,10,8,0.32,0.17,0.13,53
138,5,Friday,14,14.74,14,7,6,0.23,0.12,0.1,53
138,5,Friday,15,13.91,13,7,5,0.22,0.12,0.08,53
138,5,Friday,16,15.7,15,8,5,0.25,0.13,0.08,53
138,5,Friday,17,12.64,12,8,5,0.2,0.13,0.08,53
138,5,Friday,18,13.74,13,6,6,0.22,0.1,0.1,34
138,5,Friday,19,9.43,9,4.5,5,0.15,0.07,0.08,30
138,5,Friday,20,9.14,7,2,4,0.12,0.03,0.07,21
138,5,Friday,21,1.44,1,0,1,0.02,0,0.02,9
138,5,Friday,22,1.2,1,0,1,0.02,0,0.02,5
138,5,Friday,23,1.5,1.5,0,1.5,0.03,0,0.03,2
138,6,Saturday,0,1,1,1,0,0.02,0.02,0,1
138,6,Saturday,1,1.8,1,0,1,0.02,0,0.02,5
138,6,Saturday,2,1,1,0.5,0.5,0.02,0.01,0.01,2
138,6,Saturday,3,3,3,1,2,0.05,0.02,0.03,2
138,6,Saturday,4,1.33,1,1,0,0.02,0.02,0,3
138,6,Saturday,5,1.25,1,0.5,1,0.02,0.01,0.02,4
138,6,Saturday,6,2.29,1,1,1,0.02,0.02,0.02,21
138,6,Saturday,7,4.72,3,1,1,0.05,0.02,0.02,43
138,6,Saturday,8,5.61,4,2,3,0.07,0.03,0.05,51
138,6,Saturday,9,9.82,8,3,5,0.13,0.05,0.08,51
138,6,Saturday,10,12.43,12,4,7,0.2,0.07,0.12,51
138,6,Saturday,11,15.96,15.5,7.5,7.5,0.26,0.12,0.12,52
138,6,Saturday,12,16.4,15,9,6.5,0.25,0.15,0.11,52
138,6,Saturday,13,17.77,16,8,7,0.27,0.13,0.12,52
138,6,Saturday,14,19.12,15,7,7.5,0.25,0.12,0.12,52
138,6,Saturday,15,20.63,18.5,10,8,0.31,0.17,0.13,52
138,6,Saturday,16,16.69,15,9.5,6,0.25,0.16,0.1,52
138,6,Saturday,17,13.83,11,6,4.5,0.18,0.1,0.07,52
138,6,Saturday,18,12.72,12,5.5,7,0.2,0.09,0.12,32
138,6,Saturday,19,11.68,8,4,4,0.13,0.07,0.07,31
138,6,Saturday,20,8.38,4.5,2,2,0.07,0.03,0.03,24
138,6,Saturday,21,2.12,1.5,0.5,1,0.03,0.01,0.02,8
138,6,Saturday,22,1.22,1,1,1,0.02,0.02,0.02,9
138,6,Saturday,23,3.6,1,1,1,0.02,0.02,0.02,5
138,7,Sunday,0,1.71,1,1,1,0.02,0.02,0.02,7
138,7,Sunday,2,1.5,1,1,0.5,0.02,0.02,0.01,4
138,7,Sunday,3,1,1,0.5,0.5,0.02,0.01,0.01,4
138,7,Sunday,4,1,1,0,1,0.02,0,0.02,3
138,7,Sunday,5,2.17,1.5,0,1.5,0.03,0,0.03,6
138,7,Sunday,6,2.48,2,1,1,0.03,0.02,0.02,25
138,7,Sunday,7,3.59,3,1,1,0.05,0.02,0.02,46
138,7,Sunday,8,4.71,4.5,1,3,0.07,0.02,0.05,52
138,7,Sunday,9,7.31,7,2.5,3.5,0.12,0.04,0.06,52
138,7,Sunday,10,10.46,9,4,5,0.15,0.07,0.08,52
138,7,Sunday,11,11.21,10.5,5,6,0.17,0.08,0.1,52
138,7,Sunday,12,13.79,13,6,6,0.22,0.1,0.1,52
138,7,Sunday,13,15.41,15,7,6,0.25,0.12,0.1,51
138,7,Sunday,14,15.75,14,7,7,0.23,0.12,0.12,52
138,7,Sunday,15,14.27,12.5,6,6,0.21,0.1,0.1,52
138,7,Sunday,16,13.27,13,7,4,0.22,0.12,0.07,52
138,7,Sunday,17,9.31,9,5,3,0.15,0.08,0.05,51
138,7,Sunday,18,9,6,3,3,0.1,0.05,0.05,35
138,7,Sunday,19,6,5,2,1,0.08,0.03,0.02,30
138,7,Sunday,20,5.87,6,2,3,0.1,0.03,0.05,15
138,7,Sunday,21,2.75,2,1,1,0.03,0.02,0.02,4
138,7,Sunday,22,1.33,1,0,1,0.02,0,0.02,3
138,7,Sunday,23,1,1,0,1,0.02,0,0.02,1
139,1,Monday,0,8.44,7,3,3,0.12,0.05,0.05,52
139,1,Monday,1,5.42,4,2,2,0.07,0.03,0.03,50
139,1,Monday,2,3.93,2,1,1,0.03,0.02,0.02,41
139,1,Monday,3,3.12,2,2,1,0.03,0.03,0.02,41
139,1,Monday,4,2.58,2,1,1,0.03,0.02,0.02,38
139,1,Monday,5,4.79,5,2,2,0.08,0.03,0.03,47
139,1,Monday,6,19.73,20,5.5,14,0.33,0.09,0.23,52
139,1,Monday,7,96.75,94,15,81.5,1.57,0.25,1.36,52
139,1,Monday,8,333.88,333,20.5,312,5.55,0.34,5.2,52
139,1,Monday,9,130.17,127.5,23.5,96,2.12,0.39,1.6,52
139,1,Monday,10,87.46,76,39.5,36.5,1.27,0.66,0.61,52
139,1,Monday,11,83.35,77.5,36,35.5,1.29,0.6,0.59,52
139,1,Monday,12,132.79,136.5,69,59.5,2.28,1.15,0.99,52
139,1,Monday,13,150.94,148.5,70.5,78,2.48,1.18,1.3,52
139,1,Monday,14,106.1,101,57,46,1.68,0.95,0.77,52
139,1,Monday,15,100.38,98,61.5,38,1.63,1.02,0.63,52
139,1,Monday,16,155.08,156,123,36.5,2.6,2.05,0.61,52
139,1,Monday,17,281.75,298.5,264.5,39,4.97,4.41,0.65,52
139,1,Monday,18,123.77,119,84.5,32.5,1.98,1.41,0.54,52
139,1,Monday,19,67.15,59.5,32,26,0.99,0.53,0.43,52
139,1,Monday,20,56.06,42,21.5,21.5,0.7,0.36,0.36,52
139,1,Monday,21,48.31,26.5,13,14,0.44,0.22,0.23,52
139,1,Monday,22,23.87,15,7,8,0.25,0.12,0.13,52
139,1,Monday,23,11.69,9,4,4,0.15,0.07,0.07,51
139,2,Tuesday,0,6.42,4.5,2.5,2,0.07,0.04,0.03,50
139,2,Tuesday,1,3.85,3,1,2,0.05,0.02,0.03,41
139,2,Tuesday,2,2.18,2,1,1,0.03,0.02,0.02,39
139,2,Tuesday,3,1.85,1,1,1,0.02,0.02,0.02,27
139,2,Tuesday,4,2.46,2,1,1,0.03,0.02,0.02,35
139,2,Tuesday,5,4.84,5,2,3,0.08,0.03,0.05,49
139,2,Tuesday,6,26.5,25.5,7,18,0.42,0.12,0.3,52
139,2,Tuesday,7,125.31,121,20,102,2.02,0.33,1.7,52
139,2,Tuesday,8,427.6,400,22,379,6.67,0.37,6.32,52
139,2,Tuesday,9,159.65,153,23,130,2.55,0.38,2.17,52
139,2,Tuesday,10,86.56,73,31.5,44,1.22,0.52,0.73,52
139,2,Tuesday,11,92.04,83.5,38.5,40.5,1.39,0.64,0.68,52
139,2,Tuesday,12,140.94,137,68.5,65,2.28,1.14,1.08,52
139,2,Tuesday,13,160.15,163.5,69.5,87,2.72,1.16,1.45,52
139,2,Tuesday,14,101.69,97.5,53.5,43,1.62,0.89,0.72,52
139,2,Tuesday,15,109.21,108.5,69.5,36,1.81,1.16,0.6,52
139,2,Tuesday,16,184,184.5,149,37,3.08,2.48,0.62,52
139,2,Tuesday,17,345.94,372.5,330,41,6.21,5.5,0.68,52
139,2,Tuesday,18,145.42,130.5,100,33.5,2.17,1.67,0.56,52
139,2,Tuesday,19,75.06,63.5,40.5,28,1.06,0.68,0.47,52
139,2,Tuesday,20,61.69,53,29,23,0.88,0.48,0.38,52
139,2,Tuesday,21,47.04,30,14.5,16,0.5,0.24,0.27,52
139,2,Tuesday,22,29.46,18.5,8.5,9,0.31,0.14,0.15,52
139,2,Tuesday,23,14.58,10,5,5,0.17,0.08,0.08,52
139,3,Wednesday,0,7.02,6,3,3,0.1,0.05,0.05,46
139,3,Wednesday,1,3.18,3,1,1,0.05,0.02,0.02,44
139,3,Wednesday,2,2.39,2,1,1,0.03,0.02,0.02,41
139,3,Wednesday,3,2,2,1,0,0.03,0.02,0,27
139,3,Wednesday,4,2.3,2,1,1,0.03,0.02,0.02,30
139,3,Wednesday,5,5.02,5,2,2,0.08,0.03,0.03,51
139,3,Wednesday,6,27.29,25.5,9.5,16.5,0.42,0.16,0.28,52
139,3,Wednesday,7,131.83,124,21.5,99.5,2.07,0.36,1.66,52
139,3,Wednesday,8,431.69,393,24.5,363.5,6.55,0.41,6.06,52
139,3,Wednesday,9,160.73,150.5,24,125,2.51,0.4,2.08,52
139,3,Wednesday,10,88.54,81.5,35.5,39,1.36,0.59,0.65,52
139,3,Wednesday,11,87.08,84.5,39.5,40,1.41,0.66,0.67,52
139,3,Wednesday,12,145.31,141,73,66,2.35,1.22,1.1,52
139,3,Wednesday,13,156.02,148,71,80,2.47,1.18,1.33,52
139,3,Wednesday,14,107.15,104,59.5,46.5,1.73,0.99,0.78,52
139,3,Wednesday,15,113,113,73,37,1.88,1.22,0.62,52
139,3,Wednesday,16,185.52,182.5,143,40.5,3.04,2.38,0.68,52
139,3,Wednesday,17,344,360.5,310.5,46,6.01,5.18,0.77,52
139,3,Wednesday,18,159.35,152,117.5,35.5,2.53,1.96,0.59,52
139,3,Wednesday,19,75.92,67,39,26,1.12,0.65,0.43,52
139,3,Wednesday,20,62.9,52,23,27,0.87,0.38,0.45,52
139,3,Wednesday,21,51.83,33,16.5,16,0.55,0.28,0.27,52
139,3,Wednesday,22,33.65,21,9.5,10.5,0.35,0.16,0.17,52
139,3,Wednesday,23,21.04,13.5,6,8,0.22,0.1,0.13,52
139,4,Thursday,0,19.14,6,3,3,0.1,0.05,0.05,49
139,4,Thursday,1,15.35,3,2,1.5,0.05,0.03,0.03,46
139,4,Thursday,2,4.89,2,1,1,0.03,0.02,0.02,36
139,4,Thursday,3,3.2,1,1,0,0.02,0.02,0,25
139,4,Thursday,4,2.61,1,1,0,0.02,0.02,0,28
139,4,Thursday,5,5.14,4,2,2,0.07,0.03,0.03,50
139,4,Thursday,6,25.35,24.5,7,17,0.41,0.12,0.28,52
139,4,Thursday,7,126.63,126,20,103.5,2.1,0.33,1.73,52
139,4,Thursday,8,426.67,414,24,386,6.9,0.4,6.43,52
139,4,Thursday,9,164.23,160,22.5,139.5,2.67,0.38,2.33,52
139,4,Thursday,10,87.44,78.5,31,44.5,1.31,0.52,0.74,52
139,4,Thursday,11,87.6,83.5,42.5,41.5,1.39,0.71,0.69,52
139,4,Thursday,12,140.56,143,70.5,64,2.38,1.18,1.07,52
139,4,Thursday,13,159.65,156.5,70.5,83,2.61,1.18,1.38,52
139,4,Thursday,14,110.06,110,55,52.5,1.83,0.92,0.88,52
139,4,Thursday,15,114.73,112,72,41,1.87,1.2,0.68,52
139,4,Thursday,16,184.38,189.5,143.5,45,3.16,2.39,0.75,52
139,4,Thursday,17,336.71,363,304.5,53,6.05,5.08,0.88,52
139,4,Thursday,18,159.33,159.5,116,41,2.66,1.93,0.68,52
139,4,Thursday,19,91.63,87.5,52,35.5,1.46,0.87,0.59,52
139,4,Thursday,20,69.25,60.5,30.5,26,1.01,0.51,0.43,52
139,4,Thursday,21,60.17,39.5,19.5,19,0.66,0.32,0.32,52
139,4,Thursday,22,40.19,29,12,14,0.48,0.2,0.23,52
139,4,Thursday,23,24.48,19.5,9,10,0.32,0.15,0.17,52
139,5,Friday,0,9.51,8,4,4,0.13,0.07,0.07,53
139,5,Friday,1,5.92,5,2,3,0.08,0.03,0.05,49
139,5,Friday,2,3.54,3,1,1,0.05,0.02,0.02,39
139,5,Friday,3,2.21,2,1,1,0.03,0.02,0.02,34
139,5,Friday,4,2.08,2,1,1,0.03,0.02,0.02,38
139,5,Friday,5,4.37,4,2,2,0.07,0.03,0.03,51
139,5,Friday,6,19.98,20,6.5,12.5,0.33,0.11,0.21,52
139,5,Friday,7,80.42,80,16,63,1.33,0.27,1.05,53
139,5,Friday,8,262.66,249,21,224,4.15,0.35,3.73,53
139,5,Friday,9,126.06,118,27,87,1.97,0.45,1.45,53
139,5,Friday,10,75.4,71,30,41,1.18,0.5,0.68,53
139,5,Friday,11,85.74,82,44,36,1.37,0.73,0.6,53
139,5,Friday,12,102.55,102,52,46,1.7,0.87,0.77,53
139,5,Friday,13,126.79,128,62,62,2.13,1.03,1.03,53
139,5,Friday,14,112.38,108,57,52,1.8,0.95,0.87,53
139,5,Friday,15,114.91,117,68,46,1.95,1.13,0.77,53
139,5,Friday,16,158.85,152,107,47,2.53,1.78,0.78,53
139,5,Friday,17,216.55,220,166,53,3.67,2.77,0.88,53
139,5,Friday,18,137,137,87,41,2.28,1.45,0.68,53
139,5,Friday,19,95.75,88,49,41,1.47,0.82,0.68,53
139,5,Friday,20,82.15,76,38,28,1.27,0.63,0.47,53
139,5,Friday,21,65.87,54,28,26,0.9,0.47,0.43,53
139,5,Friday,22,53.74,46,18,26,0.77,0.3,0.43,53
139,5,Friday,23,40.45,39,15,21,0.65,0.25,0.35,53
139,6,Saturday,0,23.54,21.5,11.5,9.5,0.36,0.19,0.16,52
139,6,Saturday,1,13,11,6,5,0.18,0.1,0.08,51
139,6,Saturday,2,8.9,8,4,2,0.13,0.07,0.03,51
139,6,Saturday,3,5.1,4,2,1,0.07,0.03,0.02,49
139,6,Saturday,4,4.93,4,3,1,0.07,0.05,0.02,46
139,6,Saturday,5,3.33,3,2,1,0.05,0.03,0.02,40
139,6,Saturday,6,7.52,7,4,3,0.12,0.07,0.05,52
139,6,Saturday,7,24.85,21.5,11.5,10,0.36,0.19,0.17,52
139,6,Saturday,8,39.65,33.5,18,17,0.56,0.3,0.28,52
139,6,Saturday,9,67.15,57,27.5,31,0.95,0.46,0.52,52
139,6,Saturday,10,78.19,76.5,36,39,1.27,0.6,0.65,52
139,6,Saturday,11,93.83,84.5,46.5,42,1.41,0.78,0.7,52
139,6,Saturday,12,101.37,104.5,57,46,1.74,0.95,0.77,52
139,6,Saturday,13,113.75,114,53,54,1.9,0.88,0.9,52
139,6,Saturday,14,119.21,118,58,55,1.97,0.97,0.92,52
139,6,Saturday,15,131.1,137,71,63.5,2.28,1.18,1.06,52
139,6,Saturday,16,139.29,135,70.5,59.5,2.25,1.18,0.99,52
139,6,Saturday,17,128.65,131,63,63.5,2.18,1.05,1.06,52
139,6,Saturday,18,120.87,115,59.5,56.5,1.92,0.99,0.94,52
139,6,Saturday,19,98.88,89,44.5,47.5,1.48,0.74,0.79,52
139,6,Saturday,20,90.92,76,33,41,1.27,0.55,0.68,52
139,6,Saturday,21,82.31,66.5,34.5,31.5,1.11,0.58,0.52,52
139,6,Saturday,22,70.56,59,25.5,30.5,0.98,0.42,0.51,52
139,6,Saturday,23,55.96,53,23,30.5,0.88,0.38,0.51,52
139,7,Sunday,0,27.65,23,12,13,0.38,0.2,0.22,52
139,7,Sunday,1,16.65,18,7,8,0.3,0.12,0.13,52
139,7,Sunday,2,11.47,10,7,4,0.17,0.12,0.07,49
139,7,Sunday,3,6.49,6,4,1,0.1,0.07,0.02,51
139,7,Sunday,4,5.65,5,3,1,0.08,0.05,0.02,46
139,7,Sunday,5,6.12,4,3,1,0.07,0.05,0.02,48
139,7,Sunday,6,9.51,8,5,3,0.13,0.08,0.05,51
139,7,Sunday,7,22.48,21,13,8.5,0.35,0.22,0.14,52
139,7,Sunday,8,41.44,38,20,17,0.63,0.33,0.28,52
139,7,Sunday,9,55.38,52.5,29.5,24,0.88,0.49,0.4,52
139,7,Sunday,10,78.29,71.5,34,36,1.19,0.57,0.6,52
139,7,Sunday,11,86.58,83,40,41.5,1.38,0.67,0.69,52
139,7,Sunday,12,94.23,91,45,44,1.52,0.75,0.73,52
139,7,Sunday,13,102.08,95,44.5,50.5,1.58,0.74,0.84,52
139,7,Sunday,14,107.13,104.5,55,50,1.74,0.92,0.83,52
139,7,Sunday,15,109.04,102.5,54,47,1.71,0.9,0.78,52
139,7,Sunday,16,111.13,105,55,50,1.75,0.92,0.83,52
139,7,Sunday,17,103.02,102.5,47.5,47,1.71,0.79,0.78,52
139,7,Sunday,18,78.37,69.5,36.5,35,1.16,0.61,0.58,52
139,7,Sunday,19,62.15,49.5,26.5,25,0.82,0.44,0.42,52
139,7,Sunday,20,59.56,47,22.5,23.5,0.78,0.38,0.39,52
139,7,Sunday,21,43.35,29.5,12.5,14.5,0.49,0.21,0.24,52
139,7,Sunday,22,28.08,21.5,9,10,0.36,0.15,0.17,52
139,7,Sunday,23,19.4,14,5,8,0.23,0.08,0.13,52
140,1,Monday,3,1,1,1,0,0.02,0.02,0,1
140,1,Monday,5,4.64,3,2,1,0.05,0.03,0.02,11
140,1,Monday,6,27.51,31,25,6,0.52,0.42,0.1,37
140,1,Monday,7,81.87,94.5,76.5,19,1.57,1.27,0.32,52
140,1,Monday,8,174.1,198,165,33,3.3,2.75,0.55,52
140,1,Monday,9,128.42,134.5,91,40,2.24,1.52,0.67,52
140,1,Monday,10,129.12,132.5,89.5,41.5,2.21,1.49,0.69,52
140,1,Monday,11,136.92,138,81,57,2.3,1.35,0.95,52
140,1,Monday,12,165,165,98,65.5,2.75,1.63,1.09,52
140,1,Monday,13,148.94,147,82.5,65.5,2.45,1.38,1.09,52
140,1,Monday,14,144.87,139.5,77.5,64.5,2.33,1.29,1.07,52
140,1,Monday,15,182.46,185.5,90,98,3.09,1.5,1.63,52
140,1,Monday,16,209.92,212,104,109,3.53,1.73,1.82,52
140,1,Monday,17,221.87,245.5,116.5,128,4.09,1.94,2.13,52
140,1,Monday,18,190.89,238,115,120,3.97,1.92,2,38
140,1,Monday,19,168.59,182,89,91,3.03,1.48,1.52,27
140,1,Monday,20,94.57,103,46,48,1.72,0.77,0.8,21
140,1,Monday,21,3.5,1,1,1,0.02,0.02,0.02,8
140,1,Monday,22,1,1,0,1,0.02,0,0.02,3
140,1,Monday,23,1,1,0,1,0.02,0,0.02,1
140,2,Tuesday,5,3.8,2.5,2,1,0.04,0.03,0.02,10
140,2,Tuesday,6,28.84,32,26,6,0.53,0.43,0.1,37
140,2,Tuesday,7,86,98.5,75.5,18,1.64,1.26,0.3,52
140,2,Tuesday,8,193.08,215,178,36,3.58,2.97,0.6,52
140,2,Tuesday,9,133.27,141,100.5,40,2.35,1.68,0.67,52
140,2,Tuesday,10,129.27,131.5,89,41.5,2.19,1.48,0.69,52
140,2,Tuesday,11,130.27,134,81.5,48.5,2.23,1.36,0.81,52
140,2,Tuesday,12,152.06,153.5,93,60.5,2.56,1.55,1.01,52
140,2,Tuesday,13,140.56,141.5,79,62,2.36,1.32,1.03,52
140,2,Tuesday,14,140.48,142.5,75,66,2.38,1.25,1.1,52
140,2,Tuesday,15,174.21,183,93,86,3.05,1.55,1.43,52
140,2,Tuesday,16,205.9,215,96,115,3.58,1.6,1.92,52
140,2,Tuesday,17,235.44,267,119,145,4.45,1.98,2.42,52
140,2,Tuesday,18,187.89,230.5,116,118.5,3.84,1.93,1.98,38
140,2,Tuesday,19,170.45,192,92,91,3.2,1.53,1.52,29
140,2,Tuesday,20,74,52,24,32.5,0.87,0.4,0.54,26
140,2,Tuesday,21,2.57,1,0,1,0.02,0,0.02,7
140,2,Tuesday,22,1,1,0.5,0.5,0.02,0.01,0.01,4
140,2,Tuesday,23,1.5,1.5,1,0.5,0.03,0.02,0.01,2
140,3,Wednesday,0,1,1,0,1,0.02,0,0.02,1
140,3,Wednesday,5,5.91,4,4,1,0.07,0.07,0.02,11
140,3,Wednesday,6,35.03,35,30,7,0.58,0.5,0.12,36
140,3,Wednesday,7,100.79,106.5,87,20.5,1.77,1.45,0.34,52
140,3,Wednesday,8,213.71,232.5,192,39,3.88,3.2,0.65,52
140,3,Wednesday,9,151.69,160,109,47,2.67,1.82,0.78,52
140,3,Wednesday,10,142.75,152.5,103,44,2.54,1.72,0.73,52
140,3,Wednesday,11,142.98,144,90,53.5,2.4,1.5,0.89,52
140,3,Wednesday,12,164.27,165,97,67.5,2.75,1.62,1.12,52
140,3,Wednesday,13,154.38,153.5,84,67.5,2.56,1.4,1.12,52
140,3,Wednesday,14,150.25,148,78.5,70.5,2.47,1.31,1.18,52
140,3,Wednesday,15,182.25,191,91.5,95,3.18,1.52,1.58,52
140,3,Wednesday,16,220.71,220.5,102,114.5,3.67,1.7,1.91,52
140,3,Wednesday,17,243.04,268,121.5,147.5,4.47,2.02,2.46,52
140,3,Wednesday,18,188.97,225,107,114,3.75,1.78,1.9,39
140,3,Wednesday,19,161.73,195,93.5,97.5,3.25,1.56,1.62,30
140,3,Wednesday,20,78.12,81.5,37,46.5,1.36,0.62,0.78,24
140,3,Wednesday,21,1.25,1,1,1,0.02,0.02,0.02,8
140,3,Wednesday,22,1.5,1.5,0,1.5,0.03,0,0.03,2
140,3,Wednesday,23,21,21,6,15,0.35,0.1,0.25,1
140,4,Thursday,0,11,11,5,6,0.18,0.08,0.1,1
140,4,Thursday,1,5.5,5.5,3,2.5,0.09,0.05,0.04,2
140,4,Thursday,2,8,8,4,4,0.13,0.07,0.07,1
140,4,Thursday,3,6,6,3,3,0.1,0.05,0.05,1
140,4,Thursday,4,1,1,0,1,0.02,0,0.02,1
140,4,Thursday,5,7.9,8,6.5,1.5,0.13,0.11,0.03,10
140,4,Thursday,6,34.53,33,25.5,8,0.55,0.42,0.13,36
140,4,Thursday,7,94.04,109,85,20.5,1.82,1.42,0.34,52
140,4,Thursday,8,206.04,234,192.5,39,3.9,3.21,0.65,52
140,4,Thursday,9,138.54,154.5,106.5,43,2.58,1.77,0.72,52
140,4,Thursday,10,136.38,143,98.5,41.5,2.38,1.64,0.69,52
140,4,Thursday,11,138.02,147.5,91,54.5,2.46,1.52,0.91,52
140,4,Thursday,12,159.48,165,98,64.5,2.75,1.63,1.07,52
140,4,Thursday,13,141.4,139.5,81,60,2.33,1.35,1,52
140,4,Thursday,14,141.08,136,70.5,69,2.27,1.18,1.15,52
140,4,Thursday,15,173.21,181,90,90,3.02,1.5,1.5,52
140,4,Thursday,16,200.62,207.5,99,112.5,3.46,1.65,1.88,52
140,4,Thursday,17,221.94,250,121,134,4.17,2.02,2.23,52
140,4,Thursday,18,183.26,224,113,110,3.73,1.88,1.83,39
140,4,Thursday,19,178.89,194.5,100.5,96.5,3.24,1.68,1.61,28
140,4,Thursday,20,77.96,75,35,41,1.25,0.58,0.68,27
140,4,Thursday,21,2.2,2,0,2,0.03,0,0.03,5
140,4,Thursday,23,1.5,1.5,0.5,1,0.03,0.01,0.02,2
140,5,Friday,3,1,1,0,1,0.02,0,0.02,1
140,5,Friday,5,4.78,5,3,1,0.08,0.05,0.02,9
140,5,Friday,6,32.54,30,25,8,0.5,0.42,0.13,37
140,5,Friday,7,86.85,97,79,18,1.62,1.32,0.3,53
140,5,Friday,8,184.23,201,162,39,3.35,2.7,0.65,53
140,5,Friday,9,145.85,153,103,46,2.55,1.72,0.77,53
140,5,Friday,10,149.26,155,106,50,2.58,1.77,0.83,53
140,5,Friday,11,149.06,153,96,54,2.55,1.6,0.9,53
140,5,Friday,12,167.21,168,104,65,2.8,1.73,1.08,53
140,5,Friday,13,158.13,160,89,71,2.67,1.48,1.18,53
140,5,Friday,14,153.23,155,85,73,2.58,1.42,1.22,53
140,5,Friday,15,188.55,192,99,97,3.2,1.65,1.62,53
140,5,Friday,16,226.02,228,104,119,3.8,1.73,1.98,53
140,5,Friday,17,230.68,237,116,118,3.95,1.93,1.97,53
140,5,Friday,18,194.97,217,117,98,3.62,1.95,1.63,37
140,5,Friday,19,169.63,190.5,96.5,93.5,3.17,1.61,1.56,30
140,5,Friday,20,74.79,80.5,35.5,36.5,1.34,0.59,0.61,24
140,5,Friday,21,1,1,1,0,0.02,0.02,0,9
140,5,Friday,23,1,1,1,0,0.02,0.02,0,2
140,6,Saturday,5,3.57,3,2,1,0.05,0.03,0.02,7
140,6,Saturday,6,19.49,21,16,5,0.35,0.27,0.08,35
140,6,Saturday,7,50.37,55,43,12,0.92,0.72,0.2,51
140,6,Saturday,8,89.58,97,69.5,25.5,1.62,1.16,0.42,52
140,6,Saturday,9,142.02,157,112,43.5,2.62,1.87,0.72,52
140,6,Saturday,10,190.63,212.5,146.5,63.5,3.54,2.44,1.06,52
140,6,Saturday,11,210.6,228.5,149,75,3.81,2.48,1.25,52
140,6,Saturday,12,213.94,229.5,132.5,93,3.83,2.21,1.55,52
140,6,Saturday,13,193.98,198.5,111.5,84,3.31,1.86,1.4,52
140,6,Saturday,14,189,195,103.5,87,3.25,1.73,1.45,52
140,6,Saturday,15,205.08,211,104,98.5,3.52,1.73,1.64,52
140,6,Saturday,16,208.81,205.5,106.5,102.5,3.42,1.77,1.71,52
140,6,Saturday,17,188.45,194,103,84,3.23,1.72,1.4,51
140,6,Saturday,18,161.82,184,95.5,85,3.07,1.59,1.42,38
140,6,Saturday,19,139.94,164,81,75,2.73,1.35,1.25,33
140,6,Saturday,20,70.91,76,40,32,1.27,0.67,0.53,23
140,6,Saturday,21,1.43,1,1,0,0.02,0.02,0,7
140,6,Saturday,22,1.67,1,1,1,0.02,0.02,0.02,3
140,6,Saturday,23,1,1,0,1,0.02,0,0.02,3
140,7,Sunday,5,3.33,2,2,1,0.03,0.03,0.02,9
140,7,Sunday,6,14.09,15,10,4,0.25,0.17,0.07,35
140,7,Sunday,7,38.69,40,28,9,0.67,0.47,0.15,51
140,7,Sunday,8,84.1,86,63.5,22,1.43,1.06,0.37,52
140,7,Sunday,9,147.35,156,117,39,2.6,1.95,0.65,52
140,7,Sunday,10,189.54,202.5,135,59,3.38,2.25,0.98,52
140,7,Sunday,11,221.4,224,146.5,80.5,3.73,2.44,1.34,52
140,7,Sunday,12,210.15,217.5,130,81.5,3.62,2.17,1.36,52
140,7,Sunday,13,194.94,204,111.5,86.5,3.4,1.86,1.44,52
140,7,Sunday,14,196.23,203.5,110,93.5,3.39,1.83,1.56,52
140,7,Sunday,15,222,220.5,110,109,3.67,1.83,1.82,52
140,7,Sunday,16,213.37,220.5,107.5,107,3.67,1.79,1.78,52
140,7,Sunday,17,185.44,194.5,101,96,3.24,1.68,1.6,52
140,7,Sunday,18,151.62,171,89,83,2.85,1.48,1.38,39
140,7,Sunday,19,138.86,160,81,75.5,2.67,1.35,1.26,28
140,7,Sunday,20,80.78,68,31,40,1.13,0.52,0.67,23
140,7,Sunday,21,2.88,1.5,1,1,0.03,0.02,0.02,8
140,7,Sunday,23,1,1,1,0,0.02,0.02,0,2
141,1,Monday,0,64.46,46,22,24.5,0.77,0.37,0.41,50
141,1,Monday,1,35.96,30,14,16,0.5,0.23,0.27,50
141,1,Monday,2,25.4,20.5,9,13,0.34,0.15,0.22,50
141,1,Monday,3,21.12,17,8,9.5,0.28,0.13,0.16,50
141,1,Monday,4,19.06,15.5,8,7.5,0.26,0.13,0.12,50
141,1,Monday,5,20.48,20,12,7,0.33,0.2,0.12,50
141,1,Monday,6,44.06,45.5,24,20,0.76,0.4,0.33,50
141,1,Monday,7,85.22,89.5,46.5,40,1.49,0.78,0.67,50
141,1,Monday,8,207.6,214,106.5,105.5,3.57,1.77,1.76,50
141,1,Monday,9,200.96,202,114,83,3.37,1.9,1.38,50
141,1,Monday,10,224.68,216.5,123,95.5,3.61,2.05,1.59,50
141,1,Monday,11,230.4,230,121,104,3.83,2.02,1.73,50
141,1,Monday,12,341.94,336,181,157.5,5.6,3.02,2.62,50
141,1,Monday,13,333.32,330.5,183.5,158,5.51,3.06,2.63,50
141,1,Monday,14,269.42,266,137.5,125,4.43,2.29,2.08,50
141,1,Monday,15,250.84,245.5,138.5,108.5,4.09,2.31,1.81,50
141,1,Monday,16,236.18,238,126,109,3.97,2.1,1.82,50
141,1,Monday,17,274.56,275,145,129,4.58,2.42,2.15,50
141,1,Monday,18,216.9,206.5,101.5,106,3.44,1.69,1.77,50
141,1,Monday,19,176.94,167.5,83.5,85,2.79,1.39,1.42,50
141,1,Monday,20,163.28,161.5,69.5,90.5,2.69,1.16,1.51,50
141,1,Monday,21,145.18,130.5,59,75.5,2.17,0.98,1.26,50
141,1,Monday,22,104.1,92,40.5,51,1.53,0.68,0.85,50
141,1,Monday,23,69.4,54.5,23,31,0.91,0.38,0.52,50
141,2,Tuesday,0,45.86,31.5,13,17,0.52,0.22,0.28,50
141,2,Tuesday,1,23.56,23,9.5,12,0.38,0.16,0.2,50
141,2,Tuesday,2,14.8,13,6,7.5,0.22,0.1,0.12,50
141,2,Tuesday,3,12.56,12,6,5.5,0.2,0.1,0.09,50
141,2,Tuesday,4,12.96,12,7.5,4,0.2,0.12,0.07,50
141,2,Tuesday,5,18.92,17.5,12,6,0.29,0.2,0.1,50
141,2,Tuesday,6,45.6,45.5,25,19.5,0.76,0.42,0.32,50
141,2,Tuesday,7,101.44,104,54,47,1.73,0.9,0.78,50
141,2,Tuesday,8,242.42,248,126,123.5,4.13,2.1,2.06,50
141,2,Tuesday,9,215.58,213.5,123,87,3.56,2.05,1.45,50
141,2,Tuesday,10,214.46,208,110.5,91.5,3.47,1.84,1.52,50
141,2,Tuesday,11,230.18,226.5,120.5,103,3.78,2.01,1.72,50
141,2,Tuesday,12,392.63,403,201,192,6.72,3.35,3.2,51
141,2,Tuesday,13,363.98,366,196,168,6.1,3.27,2.8,51
141,2,Tuesday,14,276.63,281,151,127,4.68,2.52,2.12,51
141,2,Tuesday,15,273.06,270,149,122,4.5,2.48,2.03,51
141,2,Tuesday,16,274.73,275,140,135,4.58,2.33,2.25,51
141,2,Tuesday,17,340,352,176,168,5.87,2.93,2.8,51
141,2,Tuesday,18,246.33,248,123,124,4.13,2.05,2.07,51
141,2,Tuesday,19,201.94,205,105,98,3.42,1.75,1.63,51
141,2,Tuesday,20,187.12,185,90,91,3.08,1.5,1.52,51
141,2,Tuesday,21,170.14,163,75,84,2.72,1.25,1.4,51
141,2,Tuesday,22,118.98,110,47,59,1.83,0.78,0.98,51
141,2,Tuesday,23,101.57,69,34,35,1.15,0.57,0.58,51
141,3,Wednesday,0,51.86,42,17,24,0.7,0.28,0.4,51
141,3,Wednesday,1,28.71,27,14,15,0.45,0.23,0.25,51
141,3,Wednesday,2,16.76,14,7,7,0.23,0.12,0.12,51
141,3,Wednesday,3,13.82,12,6,6,0.2,0.1,0.1,51
141,3,Wednesday,4,15.33,15,10,5,0.25,0.17,0.08,51
141,3,Wednesday,5,18.57,18,11,7,0.3,0.18,0.12,51
141,3,Wednesday,6,52.06,52,29,23,0.87,0.48,0.38,51
141,3,Wednesday,7,105.65,106,54,52,1.77,0.9,0.87,51
141,3,Wednesday,8,243.55,248,128,118,4.13,2.13,1.97,51
141,3,Wednesday,9,212.84,208,121,88,3.47,2.02,1.47,51
141,3,Wednesday,10,233.27,221,121,101,3.68,2.02,1.68,51
141,3,Wednesday,11,228.24,226,114,110,3.77,1.9,1.83,51
141,3,Wednesday,12,388.47,394,197,193,6.57,3.28,3.22,51
141,3,Wednesday,13,379.12,373,204,169,6.22,3.4,2.82,51
141,3,Wednesday,14,295.25,294,161,136,4.9,2.68,2.27,51
141,3,Wednesday,15,273.45,267,150,117,4.45,2.5,1.95,51
141,3,Wednesday,16,299.59,287,149,135,4.78,2.48,2.25,51
141,3,Wednesday,17,364,360,182,166,6,3.03,2.77,51
141,3,Wednesday,18,284.51,294,144,131,4.9,2.4,2.18,51
141,3,Wednesday,19,226.24,223,109,109,3.72,1.82,1.82,51
141,3,Wednesday,20,206.41,192,96,95,3.2,1.6,1.58,51
141,3,Wednesday,21,197.16,180,81,95,3,1.35,1.58,51
141,3,Wednesday,22,170.96,135,58,71,2.25,0.97,1.18,51
141,3,Wednesday,23,137.9,91,36,51,1.52,0.6,0.85,51
141,4,Thursday,0,86.53,50,20,28,0.83,0.33,0.47,51
141,4,Thursday,1,48.53,26,9,15,0.43,0.15,0.25,51
141,4,Thursday,2,28.75,17,8,10,0.28,0.13,0.17,51
141,4,Thursday,3,21.55,15,7,7,0.25,0.12,0.12,51
141,4,Thursday,4,16.67,13,8,5,0.22,0.13,0.08,51
141,4,Thursday,5,21,19,11,7,0.32,0.18,0.12,51
141,4,Thursday,6,50.31,50,26,23,0.83,0.43,0.38,51
141,4,Thursday,7,102.78,100,54,47,1.67,0.9,0.78,51
141,4,Thursday,8,249.82,252,132,118,4.2,2.2,1.97,51
141,4,Thursday,9,234.37,234,135,97,3.9,2.25,1.62,51
141,4,Thursday,10,222.1,219,121,97,3.65,2.02,1.62,51
141,4,Thursday,11,244.98,247,134,112,4.12,2.23,1.87,51
141,4,Thursday,12,391.39,399,201,195,6.65,3.35,3.25,51
141,4,Thursday,13,370.49,374,201,171,6.23,3.35,2.85,51
141,4,Thursday,14,299.1,300,168,130,5,2.8,2.17,51
141,4,Thursday,15,285.84,278,153,129,4.63,2.55,2.15,51
141,4,Thursday,16,325.53,325,161,164,5.42,2.68,2.73,51
141,4,Thursday,17,425.51,398,199,210,6.63,3.32,3.5,51
141,4,Thursday,18,319.63,310,155,158,5.17,2.58,2.63,51
141,4,Thursday,19,249.41,245,133,111,4.08,2.22,1.85,51
141,4,Thursday,20,227.08,236,117,109,3.93,1.95,1.82,51
141,4,Thursday,21,215.82,197,92,102,3.28,1.53,1.7,51
141,4,Thursday,22,198.9,175,80,88,2.92,1.33,1.47,51
141,4,Thursday,23,140.2,126,50,59,2.1,0.83,0.98,51
141,5,Friday,0,71.27,69.5,32,35,1.16,0.53,0.58,52
141,5,Friday,1,46.63,40,20,21.5,0.67,0.33,0.36,52
141,5,Friday,2,26.44,24.5,10,13,0.41,0.17,0.22,52
141,5,Friday,3,22.06,20.5,9,12,0.34,0.15,0.2,52
141,5,Friday,4,17.79,17,11,6,0.28,0.18,0.1,52
141,5,Friday,5,22.92,22,15,7,0.37,0.25,0.12,52
141,5,Friday,6,45.69,45,25,19.5,0.75,0.42,0.32,52
141,5,Friday,7,81.96,79,44,37,1.32,0.73,0.62,52
141,5,Friday,8,187.58,177,95,80.5,2.95,1.58,1.34,52
141,5,Friday,9,218.75,207.5,117,82,3.46,1.95,1.37,52
141,5,Friday,10,225.9,222,119.5,100,3.7,1.99,1.67,52
141,5,Friday,11,252.08,260,132.5,119.5,4.33,2.21,1.99,52
141,5,Friday,12,329.58,329,161,160.5,5.48,2.68,2.67,52
141,5,Friday,13,336.5,333.5,183.5,153.5,5.56,3.06,2.56,52
141,5,Friday,14,304.23,304.5,165,132.5,5.08,2.75,2.21,52
141,5,Friday,15,297.15,292,155.5,132,4.87,2.59,2.2,52
141,5,Friday,16,335.04,337,170,160.5,5.62,2.83,2.67,52
141,5,Friday,17,405.43,407,197,210,6.78,3.28,3.5,51
141,5,Friday,18,373.8,372,180,195,6.2,3,3.25,51
141,5,Friday,19,319.96,320,160,153,5.33,2.67,2.55,51
141,5,Friday,20,297.45,289,150,135,4.82,2.5,2.25,51
141,5,Friday,21,286.9,288,142,138,4.8,2.37,2.3,51
141,5,Friday,22,311.27,284,142,149,4.73,2.37,2.48,51
141,5,Friday,23,285.43,243,106,113,4.05,1.77,1.88,51
141,6,Saturday,0,151.74,137,73.5,64,2.28,1.23,1.07,50
141,6,Saturday,1,114.52,109,58,45,1.82,0.97,0.75,50
141,6,Saturday,2,90.26,85.5,49.5,30.5,1.43,0.82,0.51,50
141,6,Saturday,3,66.42,59,34,24.5,0.98,0.57,0.41,50
141,6,Saturday,4,47.96,42.5,26.5,15,0.71,0.44,0.25,50
141,6,Saturday,5,34.38,31,16,13.5,0.52,0.27,0.22,50
141,6,Saturday,6,36.56,36,23,13,0.6,0.38,0.22,50
141,6,Saturday,7,57.98,54,30,24,0.9,0.5,0.4,50
141,6,Saturday,8,97.78,89,54,37,1.48,0.9,0.62,50
141,6,Saturday,9,192.72,181.5,89,89,3.02,1.48,1.48,50
141,6,Saturday,10,252.86,255.5,124,121,4.26,2.07,2.02,50
141,6,Saturday,11,296.7,305.5,147,141,5.09,2.45,2.35,50
141,6,Saturday,12,326.96,314.5,159,158.5,5.24,2.65,2.64,50
141,6,Saturday,13,354.58,346,179,168,5.77,2.98,2.8,50
141,6,Saturday,14,364.54,364.5,193.5,178,6.08,3.22,2.97,50
141,6,Saturday,15,373.42,382.5,203.5,170.5,6.38,3.39,2.84,50
141,6,Saturday,16,385.38,401.5,200.5,169,6.69,3.34,2.82,50
141,6,Saturday,17,379.3,398,199.5,184.5,6.63,3.33,3.08,50
141,6,Saturday,18,393.04,405.5,175.5,202,6.76,2.92,3.37,50
141,6,Saturday,19,363.98,373.5,158,209,6.22,2.63,3.48,50
141,6,Saturday,20,341.28,335,152,175.5,5.58,2.53,2.92,50
141,6,Saturday,21,327.18,325,165.5,168,5.42,2.76,2.8,50
141,6,Saturday,22,383.84,388.5,177.5,174,6.47,2.96,2.9,50
141,6,Saturday,23,356.54,350,164.5,145,5.83,2.74,2.42,50
141,7,Sunday,0,206.54,205,122,82,3.42,2.03,1.37,50
141,7,Sunday,1,158.94,155,91.5,64,2.58,1.52,1.07,50
141,7,Sunday,2,117.43,120,68,48,2,1.13,0.8,49
141,7,Sunday,3,90.04,87.5,50.5,36.5,1.46,0.84,0.61,50
141,7,Sunday,4,63.14,62.5,36,24.5,1.04,0.6,0.41,50
141,7,Sunday,5,56.16,53.5,30,22,0.89,0.5,0.37,50
141,7,Sunday,6,53.24,51,32,17,0.85,0.53,0.28,50
141,7,Sunday,7,67.72,62,39.5,26,1.03,0.66,0.43,50
141,7,Sunday,8,89.08,86.5,48,37,1.44,0.8,0.62,50
141,7,Sunday,9,181.4,176.5,86,84,2.94,1.43,1.4,50
141,7,Sunday,10,262.6,257.5,119.5,126,4.29,1.99,2.1,50
141,7,Sunday,11,284.42,282,134.5,142.5,4.7,2.24,2.38,50
141,7,Sunday,12,322.12,315,161.5,154.5,5.25,2.69,2.58,50
141,7,Sunday,13,337.94,328,160,167.5,5.47,2.67,2.79,50
141,7,Sunday,14,348.86,329,167.5,164,5.48,2.79,2.73,50
141,7,Sunday,15,308.26,288,162,128,4.8,2.7,2.13,50
141,7,Sunday,16,311.2,309.5,178,113.5,5.16,2.97,1.89,50
141,7,Sunday,17,264,241,136.5,104,4.02,2.28,1.73,50
141,7,Sunday,18,265.68,244,133,110,4.07,2.22,1.83,50
141,7,Sunday,19,207.76,200.5,95,102.5,3.34,1.58,1.71,50
141,7,Sunday,20,191.9,179,87.5,89.5,2.98,1.46,1.49,50
141,7,Sunday,21,176.5,151,73.5,78,2.52,1.23,1.3,50
141,7,Sunday,22,154.36,119.5,49.5,65,1.99,0.82,1.08,50
141,7,Sunday,23,129.82,90,39,50,1.5,0.65,0.83,50
142,1,Monday,0,28,15.5,8,7.5,0.26,0.13,0.12,38
142,1,Monday,1,10.58,6.5,4,3,0.11,0.07,0.05,38
142,1,Monday,2,6.06,5,2,2,0.08,0.03,0.03,33
142,1,Monday,3,4.58,4,3,1,0.07,0.05,0.02,26
142,1,Monday,4,4.21,4,2,1,0.07,0.03,0.02,29
142,1,Monday,5,14.81,15,10.5,4,0.25,0.17,0.07,42
142,1,Monday,6,110.52,93.5,60.5,32.5,1.56,1.01,0.54,52
142,1,Monday,7,346.23,347,161,181,5.78,2.68,3.02,52
142,1,Monday,8,477.23,475,183.5,288,7.92,3.06,4.8,52
142,1,Monday,9,380.56,356,182.5,176,5.93,3.04,2.93,52
142,1,Monday,10,476.77,427.5,246,177,7.12,4.1,2.95,52
142,1,Monday,11,635.25,582,271,297,9.7,4.52,4.95,51
142,1,Monday,12,1125.88,1132,587,519,18.87,9.78,8.65,51
142,1,Monday,13,1010.94,990,533,429,16.5,8.88,7.15,51
142,1,Monday,14,728.41,652,356,297,10.87,5.93,4.95,51
142,1,Monday,15,618.25,564,312,276,9.4,5.2,4.6,51
142,1,Monday,16,644.16,602,308,292,10.03,5.13,4.87,51
142,1,Monday,17,810.02,823,464,361,13.72,7.73,6.02,51
142,1,Monday,18,616.92,563,326,251,9.38,5.43,4.18,51
142,1,Monday,19,478.57,404,255,186,6.73,4.25,3.1,51
142,1,Monday,20,359.41,216,108,105,3.6,1.8,1.75,51
142,1,Monday,21,201.65,130,55,61,2.17,0.92,1.02,51
142,1,Monday,22,105.4,72,33,37,1.2,0.55,0.62,47
142,1,Monday,23,44.85,27,13,12,0.45,0.22,0.2,41
142,2,Tuesday,0,22.58,12,7,5.5,0.2,0.12,0.09,40
142,2,Tuesday,1,7.48,6,3,3,0.1,0.05,0.05,33
142,2,Tuesday,2,4.66,4,2,2,0.07,0.03,0.03,29
142,2,Tuesday,3,3.17,3,1,1,0.05,0.02,0.02,23
142,2,Tuesday,4,4.44,4,3,1,0.07,0.05,0.02,27
142,2,Tuesday,5,21.45,21,15.5,5,0.35,0.26,0.08,42
142,2,Tuesday,6,167,147,90,53,2.45,1.5,0.88,51
142,2,Tuesday,7,468.53,494,225,269,8.23,3.75,4.48,51
142,2,Tuesday,8,555.02,568,197,372,9.47,3.28,6.2,51
142,2,Tuesday,9,364.33,364,171,193,6.07,2.85,3.22,51
142,2,Tuesday,10,420.78,407,223,177,6.78,3.72,2.95,51
142,2,Tuesday,11,520.2,505,236,247,8.42,3.93,4.12,51
142,2,Tuesday,12,1028.65,1067,560,480,17.78,9.33,8,51
142,2,Tuesday,13,913.88,970,503,442,16.17,8.38,7.37,51
142,2,Tuesday,14,612.82,576,329,265,9.6,5.48,4.42,51
142,2,Tuesday,15,555.92,527,272,251,8.78,4.53,4.18,51
142,2,Tuesday,16,613.9,636,321,298,10.6,5.35,4.97,51
142,2,Tuesday,17,817.06,859,473,355,14.32,7.88,5.92,51
142,2,Tuesday,18,660.35,526,295,216,8.77,4.92,3.6,51
142,2,Tuesday,19,526.88,463,250,210,7.72,4.17,3.5,49
142,2,Tuesday,20,356.26,249,124.5,124,4.15,2.08,2.07,50
142,2,Tuesday,21,159.24,148.5,72.5,64.5,2.48,1.21,1.07,50
142,2,Tuesday,22,93.44,68,33.5,32.5,1.13,0.56,0.54,50
142,2,Tuesday,23,76.03,36,20,18,0.6,0.33,0.3,40
142,3,Wednesday,0,20.89,16.5,7.5,6,0.28,0.12,0.1,38
142,3,Wednesday,1,10.57,9,4,4,0.15,0.07,0.07,35
142,3,Wednesday,2,5,5,1.5,2,0.08,0.03,0.03,32
142,3,Wednesday,3,3.62,3,2,1,0.05,0.03,0.02,29
142,3,Wednesday,4,3.42,3,2,1,0.05,0.03,0.02,31
142,3,Wednesday,5,26.51,26,21,4,0.43,0.35,0.07,43
142,3,Wednesday,6,195.82,174,104,65,2.9,1.73,1.08,51
142,3,Wednesday,7,509.73,556,251,294,9.27,4.18,4.9,51
142,3,Wednesday,8,549.22,552,207,349,9.2,3.45,5.82,51
142,3,Wednesday,9,371.43,378,170,199,6.3,2.83,3.32,51
142,3,Wednesday,10,432.37,426,227,193,7.1,3.78,3.22,51
142,3,Wednesday,11,590.08,570,289,286,9.5,4.82,4.77,51
142,3,Wednesday,12,1099.88,1099,572,519,18.32,9.53,8.65,51
142,3,Wednesday,13,970.12,980,537,431,16.33,8.95,7.18,51
142,3,Wednesday,14,626.16,597,339,259,9.95,5.65,4.32,51
142,3,Wednesday,15,581.84,549,286,267,9.15,4.77,4.45,51
142,3,Wednesday,16,652.1,621,328,290,10.35,5.47,4.83,51
142,3,Wednesday,17,879.27,914,519,409,15.23,8.65,6.82,51
142,3,Wednesday,18,771.43,729,404,264,12.15,6.73,4.4,51
142,3,Wednesday,19,586.96,451,272,173,7.52,4.53,2.88,51
142,3,Wednesday,20,428.82,264,137,118,4.4,2.28,1.97,49
142,3,Wednesday,21,246.1,156,80,71,2.6,1.33,1.18,50
142,3,Wednesday,22,207.94,92,47.5,43.5,1.53,0.79,0.72,50
142,3,Wednesday,23,117.13,39.5,16.5,16,0.66,0.28,0.27,46
142,4,Thursday,0,127.84,17,9,6,0.28,0.15,0.1,37
142,4,Thursday,1,81.45,9,4,5,0.15,0.07,0.08,31
142,4,Thursday,2,17.23,4,2,2,0.07,0.03,0.03,31
142,4,Thursday,3,6.42,2,1,1,0.03,0.02,0.02,33
142,4,Thursday,4,4.24,3,2.5,0,0.05,0.04,0,34
142,4,Thursday,5,19.15,18,13,3,0.3,0.22,0.05,46
142,4,Thursday,6,182.98,184,117,62,3.07,1.95,1.03,51
142,4,Thursday,7,503.8,532,266,268,8.87,4.43,4.47,51
142,4,Thursday,8,539.8,572,199,350,9.53,3.32,5.83,51
142,4,Thursday,9,371.78,365,171,187,6.08,2.85,3.12,51
142,4,Thursday,10,441.98,426,221,200,7.1,3.68,3.33,51
142,4,Thursday,11,576.57,566,278,288,9.43,4.63,4.8,51
142,4,Thursday,12,1025.71,1033,544,478,17.22,9.07,7.97,51
142,4,Thursday,13,954.53,949,533,438,15.82,8.88,7.3,51
142,4,Thursday,14,677.2,648,347,301,10.8,5.78,5.02,51
142,4,Thursday,15,599.75,565,313,274,9.42,5.22,4.57,51
142,4,Thursday,16,667.14,645,347,305,10.75,5.78,5.08,51
142,4,Thursday,17,963.16,1016,562,436,16.93,9.37,7.27,51
142,4,Thursday,18,813.37,876,503,328,14.6,8.38,5.47,51
142,4,Thursday,19,629.25,676,385,214,11.27,6.42,3.57,51
142,4,Thursday,20,382.67,280,139,123,4.67,2.32,2.05,51
142,4,Thursday,21,232.98,193.5,82.5,111,3.22,1.38,1.85,50
142,4,Thursday,22,187.2,110.5,52.5,57,1.84,0.88,0.95,50
142,4,Thursday,23,85.57,55,24,27,0.92,0.4,0.45,47
142,5,Friday,0,27.61,20.5,13,9,0.34,0.22,0.15,38
142,5,Friday,1,11.75,11,6,5,0.18,0.1,0.08,40
142,5,Friday,2,6.91,6,2,3,0.1,0.03,0.05,33
142,5,Friday,3,5.09,4,2,2,0.07,0.03,0.03,34
142,5,Friday,4,4,3,2,1,0.05,0.03,0.02,30
142,5,Friday,5,16.93,17,13,4,0.28,0.22,0.07,45
142,5,Friday,6,141.67,126.5,83,46.5,2.11,1.38,0.78,52
142,5,Friday,7,396.88,403.5,202.5,192,6.72,3.38,3.2,52
142,5,Friday,8,480.06,465.5,203.5,269,7.76,3.39,4.48,52
142,5,Friday,9,433.02,405.5,207.5,194,6.76,3.46,3.23,52
142,5,Friday,10,505.83,502,267,216.5,8.37,4.45,3.61,52
142,5,Friday,11,632.06,592.5,276,311.5,9.88,4.6,5.19,52
142,5,Friday,12,888.29,882.5,414.5,456.5,14.71,6.91,7.61,52
142,5,Friday,13,825.94,812,431,407,13.53,7.18,6.78,53
142,5,Friday,14,726.13,665,367,297,11.08,6.12,4.95,53
142,5,Friday,15,698.55,644,350,309,10.73,5.83,5.15,53
142,5,Friday,16,794.42,739,366,371,12.32,6.1,6.18,53
142,5,Friday,17,1009.23,994,476,516,16.57,7.93,8.6,53
142,5,Friday,18,1052.02,1076,587,443,17.93,9.78,7.38,53
142,5,Friday,19,908.3,901,592,288,15.02,9.87,4.8,53
142,5,Friday,20,543.91,470,206,233,7.83,3.43,3.88,53
142,5,Friday,21,357.36,357,163,177,5.95,2.72,2.95,53
142,5,Friday,22,340.5,322,132,172.5,5.37,2.2,2.88,52
142,5,Friday,23,188.33,162,65,79,2.7,1.08,1.32,51
142,6,Saturday,0,67.93,71.5,36.5,34.5,1.19,0.61,0.58,42
142,6,Saturday,1,34.74,37,19,12.5,0.62,0.32,0.21,42
142,6,Saturday,2,24.65,18,10,5,0.3,0.17,0.08,37
142,6,Saturday,3,11.34,8,3,4,0.13,0.05,0.07,35
142,6,Saturday,4,9.7,6,4,2,0.1,0.07,0.03,30
142,6,Saturday,5,12.76,9,6,3,0.15,0.1,0.05,42
142,6,Saturday,6,87.9,67.5,42,24,1.12,0.7,0.4,52
142,6,Saturday,7,298.58,282.5,165,130.5,4.71,2.75,2.17,52
142,6,Saturday,8,541.12,551.5,275,266.5,9.19,4.58,4.44,52
142,6,Saturday,9,701.92,720.5,427,295,12.01,7.12,4.92,52
142,6,Saturday,10,757.71,752,417.5,332.5,12.53,6.96,5.54,52
142,6,Saturday,11,919,922.5,435.5,460,15.38,7.26,7.67,52
142,6,Saturday,12,1099.15,1099,470,593,18.32,7.83,9.88,52
142,6,Saturday,13,1178.6,1130.5,595,541.5,18.84,9.92,9.03,52
142,6,Saturday,14,1113.9,1128.5,599.5,503,18.81,9.99,8.38,52
142,6,Saturday,15,1156.94,1184,621.5,545,19.73,10.36,9.08,52
142,6,Saturday,16,1230.79,1254,553,667,20.9,9.22,11.12,52
142,6,Saturday,17,1280.4,1320.5,618,662.5,22.01,10.3,11.04,52
142,6,Saturday,18,1214.83,1209,689.5,465.5,20.15,11.49,7.76,52
142,6,Saturday,19,1062.54,1068.5,572,486,17.81,9.53,8.1,52
142,6,Saturday,20,690.37,631,303.5,301.5,10.52,5.06,5.03,52
142,6,Saturday,21,422.33,370.5,156.5,214,6.18,2.61,3.57,52
142,6,Saturday,22,416.31,344,161,183,5.73,2.68,3.05,51
142,6,Saturday,23,207.37,159.5,73.5,81,2.66,1.23,1.35,52
142,7,Sunday,0,89.43,99,47,39,1.65,0.78,0.65,46
142,7,Sunday,1,46.5,51.5,27.5,26.5,0.86,0.46,0.44,44
142,7,Sunday,2,24.17,27,14,11,0.45,0.23,0.18,35
142,7,Sunday,3,16.35,16,8.5,7,0.27,0.14,0.12,34
142,7,Sunday,4,8.35,7,5,2,0.12,0.08,0.03,31
142,7,Sunday,5,11.93,9,5,4,0.15,0.08,0.07,43
142,7,Sunday,6,78.04,60,35.5,22,1,0.59,0.37,52
142,7,Sunday,7,365.02,259.5,156,104,4.32,2.6,1.73,52
142,7,Sunday,8,747.58,510,242.5,263,8.5,4.04,4.38,52
142,7,Sunday,9,831.96,643,379,276.5,10.72,6.32,4.61,52
142,7,Sunday,10,962.63,903.5,511.5,405,15.06,8.53,6.75,52
142,7,Sunday,11,1115.25,1088.5,559,532.5,18.14,9.32,8.88,52
142,7,Sunday,12,1258.48,1305,594.5,665.5,21.75,9.91,11.09,52
142,7,Sunday,13,1213.75,1272.5,658,581,21.21,10.97,9.68,52
142,7,Sunday,14,1228.42,1210.5,674.5,542.5,20.18,11.24,9.04,52
142,7,Sunday,15,1221.69,1186,631.5,552.5,19.77,10.53,9.21,52
142,7,Sunday,16,1170.48,1227,553.5,599,20.45,9.22,9.98,52
142,7,Sunday,17,1053.75,968.5,448,493.5,16.14,7.47,8.22,52
142,7,Sunday,18,787.79,698.5,351,312,11.64,5.85,5.2,52
142,7,Sunday,19,624.9,536.5,292,203,8.94,4.87,3.38,52
142,7,Sunday,20,458.23,278.5,135,129.5,4.64,2.25,2.16,52
142,7,Sunday,21,300.06,198,99,83.5,3.3,1.65,1.39,50
142,7,Sunday,22,173.67,93,48,38,1.55,0.8,0.63,49
142,7,Sunday,23,94.83,35,18,17,0.58,0.3,0.28,47
143,1,Monday,0,107.85,94,61,33.5,1.57,1.02,0.56,52
143,1,Monday,1,60.42,54.5,36.5,15,0.91,0.61,0.25,52
143,1,Monday,2,38.06,31.5,23,9,0.52,0.38,0.15,52
143,1,Monday,3,26.73,23,16,5,0.38,0.27,0.08,52
143,1,Monday,4,35.02,30.5,25,6.5,0.51,0.42,0.11,52
143,1,Monday,5,40.35,41,19,20,0.68,0.32,0.33,52
143,1,Monday,6,114.21,114.5,41,71,1.91,0.68,1.18,52
143,1,Monday,7,214.67,209,85,134,3.48,1.42,2.23,52
143,1,Monday,8,350.5,354,127,217,5.9,2.12,3.62,52
143,1,Monday,9,294.71,289.5,109.5,169,4.82,1.82,2.82,52
143,1,Monday,10,308.06,282,113.5,167.5,4.7,1.89,2.79,52
143,1,Monday,11,334.38,313.5,130,177.5,5.22,2.17,2.96,52
143,1,Monday,12,388.62,384,168.5,209,6.4,2.81,3.48,52
143,1,Monday,13,378.94,377.5,171,201,6.29,2.85,3.35,52
143,1,Monday,14,350.96,341,158.5,175,5.68,2.64,2.92,52
143,1,Monday,15,385.73,387,176.5,206,6.45,2.94,3.43,52
143,1,Monday,16,429.52,419.5,202,209,6.99,3.37,3.48,52
143,1,Monday,17,548,529.5,269,276.5,8.82,4.48,4.61,52
143,1,Monday,18,403.02,387.5,181.5,209,6.46,3.02,3.48,52
143,1,Monday,19,306.21,297,148.5,160,4.95,2.48,2.67,52
143,1,Monday,20,292.04,267.5,146,128.5,4.46,2.43,2.14,52
143,1,Monday,21,269.31,241,131,113,4.02,2.18,1.88,52
143,1,Monday,22,192.88,178,104,78.5,2.97,1.73,1.31,52
143,1,Monday,23,122.88,113.5,70.5,42,1.89,1.18,0.7,52
143,2,Tuesday,0,69.79,62,41,22,1.03,0.68,0.37,52
143,2,Tuesday,1,45.56,44,27.5,16,0.73,0.46,0.27,52
143,2,Tuesday,2,26.9,25,18,7,0.42,0.3,0.12,52
143,2,Tuesday,3,21.25,19.5,14,5.5,0.32,0.23,0.09,52
143,2,Tuesday,4,26,25.5,21,4,0.42,0.35,0.07,52
143,2,Tuesday,5,43.02,44.5,20,24,0.74,0.33,0.4,52
143,2,Tuesday,6,129.87,130.5,44.5,85.5,2.17,0.74,1.43,52
143,2,Tuesday,7,256.71,260.5,103.5,149,4.34,1.73,2.48,52
143,2,Tuesday,8,431.42,427,168.5,246,7.12,2.81,4.1,52
143,2,Tuesday,9,314.48,294.5,105,183,4.91,1.75,3.05,52
143,2,Tuesday,10,290.98,281.5,108.5,165,4.69,1.81,2.75,52
143,2,Tuesday,11,310.33,301.5,110,182,5.03,1.83,3.03,52
143,2,Tuesday,12,374.4,378,155.5,216.5,6.3,2.59,3.61,52
143,2,Tuesday,13,378.02,389.5,164.5,202,6.49,2.74,3.37,52
143,2,Tuesday,14,345.83,338,146,185.5,5.63,2.43,3.09,52
143,2,Tuesday,15,392.71,405,183.5,203,6.75,3.06,3.38,52
143,2,Tuesday,16,488.38,505,242,265,8.42,4.03,4.42,52
143,2,Tuesday,17,634.98,676.5,336,316.5,11.28,5.6,5.28,52
143,2,Tuesday,18,467.65,464.5,220,233,7.74,3.67,3.88,52
143,2,Tuesday,19,330.13,321.5,149.5,164.5,5.36,2.49,2.74,52
143,2,Tuesday,20,307.67,305,157,144.5,5.08,2.62,2.41,52
143,2,Tuesday,21,300.65,274.5,144,126.5,4.58,2.4,2.11,52
143,2,Tuesday,22,212.62,197.5,111.5,84,3.29,1.86,1.4,52
143,2,Tuesday,23,156.75,125,78.5,51,2.08,1.31,0.85,52
143,3,Wednesday,0,76.1,67.5,40,27.5,1.12,0.67,0.46,52
143,3,Wednesday,1,49.21,46.5,29.5,17,0.78,0.49,0.28,52
143,3,Wednesday,2,28.44,27,19.5,7.5,0.45,0.32,0.12,52
143,3,Wednesday,3,21.92,19,14.5,5.5,0.32,0.24,0.09,52
143,3,Wednesday,4,27.25,26,21,6,0.43,0.35,0.1,52
143,3,Wednesday,5,49.88,48,22,26,0.8,0.37,0.43,52
143,3,Wednesday,6,143.27,151,48,99,2.52,0.8,1.65,52
143,3,Wednesday,7,281.33,281.5,112.5,158.5,4.69,1.88,2.64,52
143,3,Wednesday,8,459.84,443,173,274,7.38,2.88,4.57,51
143,3,Wednesday,9,336.39,300,100,192,5,1.67,3.2,51
143,3,Wednesday,10,313.46,308.5,107,194,5.14,1.78,3.23,52
143,3,Wednesday,11,341.15,348,129.5,201,5.8,2.16,3.35,52
143,3,Wednesday,12,424.79,413.5,181,240.5,6.89,3.02,4.01,52
143,3,Wednesday,13,438.02,438,198,233.5,7.3,3.3,3.89,52
143,3,Wednesday,14,407.4,386.5,192.5,199.5,6.44,3.21,3.33,52
143,3,Wednesday,15,434.67,426,218.5,210,7.1,3.64,3.5,52
143,3,Wednesday,16,533.06,522.5,271.5,264,8.71,4.53,4.4,52
143,3,Wednesday,17,657.88,664.5,319.5,330,11.07,5.32,5.5,52
143,3,Wednesday,18,488.46,469,217,248.5,7.82,3.62,4.14,52
143,3,Wednesday,19,354.23,346,162.5,184.5,5.77,2.71,3.08,52
143,3,Wednesday,20,319.02,294.5,156.5,134,4.91,2.61,2.23,52
143,3,Wednesday,21,320.29,285,158,125,4.75,2.63,2.08,52
143,3,Wednesday,22,269.1,230,126.5,96,3.83,2.11,1.6,52
143,3,Wednesday,23,193.02,145,79.5,59,2.42,1.32,0.98,52
143,4,Thursday,0,137.52,77.5,49.5,29,1.29,0.82,0.48,52
143,4,Thursday,1,82.42,57,36.5,18.5,0.95,0.61,0.31,52
143,4,Thursday,2,47.92,34,23,10,0.57,0.38,0.17,52
143,4,Thursday,3,30.5,24,17,6,0.4,0.28,0.1,52
143,4,Thursday,4,31.71,29,21,6,0.48,0.35,0.1,51
143,4,Thursday,5,48.45,47,20,26,0.78,0.33,0.43,51
143,4,Thursday,6,140.29,143,46,95,2.38,0.77,1.58,51
143,4,Thursday,7,283.39,285,113,170,4.75,1.88,2.83,51
143,4,Thursday,8,459.69,431,171,259,7.18,2.85,4.32,51
143,4,Thursday,9,347.88,318,108,206,5.3,1.8,3.43,51
143,4,Thursday,10,340.12,307,115,196,5.12,1.92,3.27,51
143,4,Thursday,11,372.63,353.5,131,223.5,5.89,2.18,3.72,52
143,4,Thursday,12,447.71,428.5,172,243.5,7.14,2.87,4.06,52
143,4,Thursday,13,445.29,416,191.5,236.5,6.93,3.19,3.94,52
143,4,Thursday,14,435.29,404,186,211,6.73,3.1,3.52,51
143,4,Thursday,15,454.25,436,214,225,7.27,3.57,3.75,51
143,4,Thursday,16,545.06,536,267,274,8.93,4.45,4.57,51
143,4,Thursday,17,706.12,670,337,339,11.17,5.62,5.65,51
143,4,Thursday,18,560.65,524,255,252,8.73,4.25,4.2,51
143,4,Thursday,19,406.55,366,180,201,6.1,3,3.35,51
143,4,Thursday,20,344.14,313,165,157,5.22,2.75,2.62,51
143,4,Thursday,21,354.75,319,156,151,5.32,2.6,2.52,51
143,4,Thursday,22,338.94,280,143,123,4.67,2.38,2.05,51
143,4,Thursday,23,224.96,190,116,81,3.17,1.93,1.35,51
143,5,Friday,0,106.02,102.5,68,37,1.71,1.13,0.62,52
143,5,Friday,1,72.35,69.5,46,22,1.16,0.77,0.37,52
143,5,Friday,2,43.62,38,25.5,13,0.63,0.42,0.22,52
143,5,Friday,3,31.44,30,20,8,0.5,0.33,0.13,52
143,5,Friday,4,32.83,32.5,25.5,8,0.54,0.42,0.13,52
143,5,Friday,5,46.87,42.5,21,21.5,0.71,0.35,0.36,52
143,5,Friday,6,120.02,117,40,77,1.95,0.67,1.28,52
143,5,Friday,7,229.17,212.5,83.5,124,3.54,1.39,2.07,52
143,5,Friday,8,387.65,368.5,133.5,219.5,6.14,2.22,3.66,52
143,5,Friday,9,373.52,328.5,116.5,216.5,5.47,1.94,3.61,52
143,5,Friday,10,410.42,350,130,216,5.83,2.17,3.6,53
143,5,Friday,11,449.79,391,154,251,6.52,2.57,4.18,53
143,5,Friday,12,475.4,435,189,238,7.25,3.15,3.97,53
143,5,Friday,13,514.17,452,214,257,7.53,3.57,4.28,53
143,5,Friday,14,537.96,481,218,254,8.02,3.63,4.23,53
143,5,Friday,15,566.42,519,235,269,8.65,3.92,4.48,53
143,5,Friday,16,620.94,600,283,294,10,4.72,4.9,53
143,5,Friday,17,751.06,729,337,358,12.15,5.62,5.97,53
143,5,Friday,18,682.96,591,275,306,9.85,4.58,5.1,53
143,5,Friday,19,539.94,481,225,249,8.02,3.75,4.15,53
143,5,Friday,20,472.4,426,214,205,7.1,3.57,3.42,53
143,5,Friday,21,479.45,441,232,199,7.35,3.87,3.32,53
143,5,Friday,22,499.68,432,240,188,7.2,4,3.13,53
143,5,Friday,23,450.19,344,216,138,5.73,3.6,2.3,53
143,6,Saturday,0,229.52,218,142,71.5,3.63,2.37,1.19,52
143,6,Saturday,1,152.23,144,109,39.5,2.4,1.82,0.66,52
143,6,Saturday,2,109.44,103,69,29.5,1.72,1.15,0.49,52
143,6,Saturday,3,74.17,76,53.5,20.5,1.27,0.89,0.34,52
143,6,Saturday,4,47.52,47,32.5,15,0.78,0.54,0.25,52
143,6,Saturday,5,39.94,37,19.5,17.5,0.62,0.32,0.29,52
143,6,Saturday,6,80.63,77.5,34,43.5,1.29,0.57,0.72,52
143,6,Saturday,7,168.4,158,53,98,2.63,0.88,1.63,52
143,6,Saturday,8,281.1,269,85.5,165,4.48,1.43,2.75,52
143,6,Saturday,9,452.31,422,145,275,7.03,2.42,4.58,52
143,6,Saturday,10,533.37,483,168.5,305.5,8.05,2.81,5.09,52
143,6,Saturday,11,625.42,577.5,221.5,338.5,9.62,3.69,5.64,52
143,6,Saturday,12,669.33,626,250,332.5,10.43,4.17,5.54,52
143,6,Saturday,13,661.31,594.5,266,334,9.91,4.43,5.57,52
143,6,Saturday,14,693.83,606,270,343,10.1,4.5,5.72,52
143,6,Saturday,15,786.5,700,346,352,11.67,5.77,5.87,52
143,6,Saturday,16,831.81,849.5,366,341.5,14.16,6.1,5.69,52
143,6,Saturday,17,786.44,737.5,386,328,12.29,6.43,5.47,52
143,6,Saturday,18,817.54,793,386,355,13.22,6.43,5.92,52
143,6,Saturday,19,650.37,603,268,320,10.05,4.47,5.33,52
143,6,Saturday,20,569.1,564,282.5,268.5,9.4,4.71,4.47,52
143,6,Saturday,21,562.58,540,289,236.5,9,4.82,3.94,52
143,6,Saturday,22,682.23,589.5,341.5,235,9.82,5.69,3.92,52
143,6,Saturday,23,580.5,482,286,181,8.03,4.77,3.02,52
143,7,Sunday,0,304.52,295.5,206,86.5,4.92,3.43,1.44,52
143,7,Sunday,1,194.9,192.5,142,49,3.21,2.37,0.82,52
143,7,Sunday,2,138.75,135,106,36,2.25,1.77,0.6,51
143,7,Sunday,3,100.4,97.5,72.5,28,1.62,1.21,0.47,52
143,7,Sunday,4,58.96,58.5,39,16,0.98,0.65,0.27,52
143,7,Sunday,5,52.13,45,26.5,18.5,0.75,0.44,0.31,52
143,7,Sunday,6,90.75,86.5,37.5,46,1.44,0.62,0.77,52
143,7,Sunday,7,160.12,141,58.5,82,2.35,0.98,1.37,52
143,7,Sunday,8,317.63,281,112,168.5,4.68,1.87,2.81,52
143,7,Sunday,9,468.62,421,122,290,7.02,2.03,4.83,52
143,7,Sunday,10,568.21,501.5,178,317,8.36,2.97,5.28,52
143,7,Sunday,11,630.15,570,209,345,9.5,3.48,5.75,52
143,7,Sunday,12,606.75,570,231.5,313,9.5,3.86,5.22,52
143,7,Sunday,13,602.85,566,268,286,9.43,4.47,4.77,52
143,7,Sunday,14,655.5,612,291.5,272,10.2,4.86,4.53,52
143,7,Sunday,15,639.06,605.5,330.5,268.5,10.09,5.51,4.47,52
143,7,Sunday,16,638.73,565.5,291,255,9.43,4.85,4.25,52
143,7,Sunday,17,627.21,549,311.5,238.5,9.15,5.19,3.98,52
143,7,Sunday,18,601.31,490,244,235,8.17,4.07,3.92,52
143,7,Sunday,19,406.94,354,169.5,185,5.9,2.83,3.08,52
143,7,Sunday,20,368.69,322.5,165.5,152.5,5.38,2.76,2.54,52
143,7,Sunday,21,330.19,301.5,164.5,131,5.03,2.74,2.18,52
143,7,Sunday,22,290.88,231,143,92.5,3.85,2.38,1.54,52
143,7,Sunday,23,185.88,148,94,54,2.47,1.57,0.9,52
161,1,Monday,0,16.12,6,2,4,0.1,0.03,0.07,42
161,1,Monday,1,7.26,4.5,2,2,0.07,0.03,0.03,38
161,1,Monday,2,3.32,2,1,1,0.03,0.02,0.02,37
161,1,Monday,3,4.38,3,1,2.5,0.05,0.02,0.04,32
161,1,Monday,4,4.75,4,1,3,0.07,0.02,0.05,44
161,1,Monday,5,10.36,8,6,2,0.13,0.1,0.03,47
161,1,Monday,6,57.77,50,27.5,19.5,0.83,0.46,0.32,52
161,1,Monday,7,167.85,151.5,61.5,92,2.52,1.02,1.53,52
161,1,Monday,8,283.52,289,101.5,181.5,4.82,1.69,3.02,52
161,1,Monday,9,230.6,165,72.5,88,2.75,1.21,1.47,52
161,1,Monday,10,332,142.5,64,69.5,2.38,1.07,1.16,52
161,1,Monday,11,326.96,163,76,82,2.72,1.27,1.37,52
161,1,Monday,12,428.83,288,140.5,152,4.8,2.34,2.53,52
161,1,Monday,13,480.81,291,127.5,153.5,4.85,2.12,2.56,52
161,1,Monday,14,375.33,167.5,74.5,87.5,2.79,1.24,1.46,52
161,1,Monday,15,272.35,170.5,77.5,89,2.84,1.29,1.48,52
161,1,Monday,16,348.77,219,113,102.5,3.65,1.88,1.71,52
161,1,Monday,17,468.46,307.5,184.5,121,5.12,3.08,2.02,52
161,1,Monday,18,527.94,176,88.5,72.5,2.93,1.48,1.21,52
161,1,Monday,19,230.75,85,42,39.5,1.42,0.7,0.66,52
161,1,Monday,20,175.94,43.5,20.5,22.5,0.72,0.34,0.38,52
161,1,Monday,21,136.9,25,9,15.5,0.42,0.15,0.26,50
161,1,Monday,22,80.7,15.5,4.5,10,0.26,0.07,0.17,50
161,1,Monday,23,82.07,9.5,2,5.5,0.16,0.03,0.09,46
161,2,Tuesday,0,58.89,4,2,3,0.07,0.03,0.05,44
161,2,Tuesday,1,5.79,4,1,2,0.07,0.02,0.03,34
161,2,Tuesday,2,3.35,2,1,1,0.03,0.02,0.02,31
161,2,Tuesday,3,2.53,2,1,1,0.03,0.02,0.02,38
161,2,Tuesday,4,3.15,2,1,1,0.03,0.02,0.02,34
161,2,Tuesday,5,15.36,13,7,5,0.22,0.12,0.08,47
161,2,Tuesday,6,93.37,79.5,39,37.5,1.32,0.65,0.62,52
161,2,Tuesday,7,219.15,199,78.5,122,3.32,1.31,2.03,52
161,2,Tuesday,8,336.65,327,114,199,5.45,1.9,3.32,52
161,2,Tuesday,9,241.62,182.5,86,93,3.04,1.43,1.55,52
161,2,Tuesday,10,269.96,154,66,83,2.57,1.1,1.38,52
161,2,Tuesday,11,217.73,152.5,73.5,74.5,2.54,1.23,1.24,52
161,2,Tuesday,12,314.92,288,135,158,4.8,2.25,2.63,52
161,2,Tuesday,13,299.63,259,113,144,4.32,1.88,2.4,52
161,2,Tuesday,14,178.88,155.5,76.5,81,2.59,1.27,1.35,52
161,2,Tuesday,15,191.85,157,77,82.5,2.62,1.28,1.38,52
161,2,Tuesday,16,294.23,233,128,105,3.88,2.13,1.75,52
161,2,Tuesday,17,449.75,330.5,209,135,5.51,3.48,2.25,52
161,2,Tuesday,18,336.13,156.5,92,63,2.61,1.53,1.05,52
161,2,Tuesday,19,210.16,99,57,49,1.65,0.95,0.82,51
161,2,Tuesday,20,108.73,57,24,32,0.95,0.4,0.53,51
161,2,Tuesday,21,82.69,36.5,13,21,0.61,0.22,0.35,52
161,2,Tuesday,22,213.9,21,8,11,0.35,0.13,0.18,51
161,2,Tuesday,23,162.54,13,3,8.5,0.22,0.05,0.14,46
161,3,Wednesday,0,16.84,5.5,2,3,0.09,0.03,0.05,44
161,3,Wednesday,1,4.27,3,1,2,0.05,0.02,0.03,41
161,3,Wednesday,2,2.83,3,1,1,0.05,0.02,0.02,35
161,3,Wednesday,3,3.26,3,1,2,0.05,0.02,0.03,35
161,3,Wednesday,4,3.57,3,2,1,0.05,0.03,0.02,37
161,3,Wednesday,5,15.52,13.5,8,4.5,0.22,0.13,0.07,48
161,3,Wednesday,6,94.33,81,41,39.5,1.35,0.68,0.66,52
161,3,Wednesday,7,237.23,215.5,85,117.5,3.59,1.42,1.96,52
161,3,Wednesday,8,334.19,335,121,206,5.58,2.02,3.43,52
161,3,Wednesday,9,227.37,183,75,97.5,3.05,1.25,1.62,52
161,3,Wednesday,10,271.58,157.5,77.5,73,2.62,1.29,1.22,52
161,3,Wednesday,11,256.15,152,66,86,2.53,1.1,1.43,52
161,3,Wednesday,12,334.65,304,142.5,144,5.07,2.38,2.4,52
161,3,Wednesday,13,322.65,293.5,133,156,4.89,2.22,2.6,52
161,3,Wednesday,14,204.15,172.5,81,97,2.88,1.35,1.62,52
161,3,Wednesday,15,231,196.5,89.5,97,3.28,1.49,1.62,52
161,3,Wednesday,16,337.17,249,132,117.5,4.15,2.2,1.96,52
161,3,Wednesday,17,546.81,331.5,203,132.5,5.53,3.38,2.21,52
161,3,Wednesday,18,550.54,252.5,157.5,79,4.21,2.62,1.32,52
161,3,Wednesday,19,374.1,186.5,108.5,44,3.11,1.81,0.73,52
161,3,Wednesday,20,111.19,44.5,24.5,24.5,0.74,0.41,0.41,52
161,3,Wednesday,21,95.63,34,14,18,0.57,0.23,0.3,51
161,3,Wednesday,22,431.5,25,7.5,15.5,0.42,0.12,0.26,50
161,3,Wednesday,23,273.57,13,3,9,0.22,0.05,0.15,51
161,4,Thursday,0,48.77,6,2,4,0.1,0.03,0.07,43
161,4,Thursday,1,17.49,4,1,2,0.07,0.02,0.03,39
161,4,Thursday,2,11.4,3,1,2,0.05,0.02,0.03,35
161,4,Thursday,3,5.52,3,1,2,0.05,0.02,0.03,33
161,4,Thursday,4,4.9,3,1,2,0.05,0.02,0.03,41
161,4,Thursday,5,14.86,12,7,5,0.2,0.12,0.08,49
161,4,Thursday,6,96.58,85.5,44.5,37,1.43,0.74,0.62,52
161,4,Thursday,7,233.81,220,83.5,133.5,3.67,1.39,2.22,52
161,4,Thursday,8,336.94,322.5,122,197.5,5.38,2.03,3.29,52
161,4,Thursday,9,247.48,196,99.5,95.5,3.27,1.66,1.59,52
161,4,Thursday,10,255.48,157,72,77,2.62,1.2,1.28,52
161,4,Thursday,11,249.65,163,75,80.5,2.72,1.25,1.34,52
161,4,Thursday,12,326.63,287,133,141,4.78,2.22,2.35,52
161,4,Thursday,13,304.54,301.5,122,159.5,5.03,2.03,2.66,52
161,4,Thursday,14,215.02,189.5,90.5,98.5,3.16,1.51,1.64,52
161,4,Thursday,15,230.83,188,95.5,92,3.13,1.59,1.53,52
161,4,Thursday,16,355.63,267,148.5,116,4.45,2.48,1.93,52
161,4,Thursday,17,560.65,407.5,230,146,6.79,3.83,2.43,52
161,4,Thursday,18,679.21,372,260,64,6.2,4.33,1.07,52
161,4,Thursday,19,375.94,219,110,45,3.65,1.83,0.75,52
161,4,Thursday,20,144.1,81.5,33,35,1.36,0.55,0.58,52
161,4,Thursday,21,177.19,48,14.5,27.5,0.8,0.24,0.46,52
161,4,Thursday,22,550.6,52,12,43,0.87,0.2,0.72,52
161,4,Thursday,23,239.73,30,4,23,0.5,0.07,0.38,51
161,5,Friday,0,26.22,9,2,6,0.15,0.03,0.1,50
161,5,Friday,1,5.57,4,2,2.5,0.07,0.03,0.04,44
161,5,Friday,2,3.47,2.5,1,1.5,0.04,0.02,0.03,34
161,5,Friday,3,3.6,3,1,2,0.05,0.02,0.03,40
161,5,Friday,4,3.64,3,1,1,0.05,0.02,0.02,45
161,5,Friday,5,13.46,10,6,3,0.17,0.1,0.05,48
161,5,Friday,6,76.6,72,40,28,1.2,0.67,0.47,53
161,5,Friday,7,176.57,172,79,93,2.87,1.32,1.55,53
161,5,Friday,8,284.83,232,81,141,3.87,1.35,2.35,53
161,5,Friday,9,427.81,177,84,92,2.95,1.4,1.53,53
161,5,Friday,10,389.66,180,96,79,3,1.6,1.32,53
161,5,Friday,11,312.55,197,87,90,3.28,1.45,1.5,53
161,5,Friday,12,329.72,249,116,135,4.15,1.93,2.25,53
161,5,Friday,13,336.62,258,131,131,4.3,2.18,2.18,53
161,5,Friday,14,322.55,226,96,114,3.77,1.6,1.9,53
161,5,Friday,15,271.25,213,108,99,3.55,1.8,1.65,53
161,5,Friday,16,393.15,276,144,118,4.6,2.4,1.97,53
161,5,Friday,17,624.25,367,203,114,6.12,3.38,1.9,53
161,5,Friday,18,966.81,464,305,55,7.73,5.08,0.92,53
161,5,Friday,19,525.87,225,145,42,3.75,2.42,0.7,53
161,5,Friday,20,230.49,84,47,36,1.4,0.78,0.6,53
161,5,Friday,21,197.26,67,22,36,1.12,0.37,0.6,53
161,5,Friday,22,877.83,249.5,17,235.5,4.16,0.28,3.92,52
161,5,Friday,23,328.83,65,10,47,1.08,0.17,0.78,53
161,6,Saturday,0,49.31,17,5,11,0.28,0.08,0.18,49
161,6,Saturday,1,39.53,11,5,6,0.18,0.08,0.1,49
161,6,Saturday,2,21.6,5,2,3,0.08,0.03,0.05,42
161,6,Saturday,3,40.81,5,2,3,0.08,0.03,0.05,43
161,6,Saturday,4,49.42,3,2,2,0.05,0.03,0.03,40
161,6,Saturday,5,12.02,6.5,4,2,0.11,0.07,0.03,46
161,6,Saturday,6,42.44,34.5,18.5,16.5,0.58,0.31,0.28,52
161,6,Saturday,7,163.81,127.5,56,59,2.12,0.93,0.98,52
161,6,Saturday,8,265,216,112.5,92,3.6,1.88,1.53,52
161,6,Saturday,9,403.71,237.5,114.5,110.5,3.96,1.91,1.84,52
161,6,Saturday,10,411.06,260,133,109.5,4.33,2.22,1.82,52
161,6,Saturday,11,443.83,282.5,125,122,4.71,2.08,2.03,52
161,6,Saturday,12,604.52,304.5,140.5,130.5,5.08,2.34,2.17,52
161,6,Saturday,13,467.83,331,159,123,5.52,2.65,2.05,52
161,6,Saturday,14,540.88,297,149.5,127.5,4.95,2.49,2.12,52
161,6,Saturday,15,811.31,373.5,169,126.5,6.22,2.82,2.11,52
161,6,Saturday,16,735.38,486.5,227,152,8.11,3.78,2.53,52
161,6,Saturday,17,785.25,386.5,224,137,6.44,3.73,2.28,52
161,6,Saturday,18,1089.96,599,287,92,9.98,4.78,1.53,52
161,6,Saturday,19,777.58,445,162,121,7.42,2.7,2.02,52
161,6,Saturday,20,327.21,124.5,45.5,60.5,2.08,0.76,1.01,52
161,6,Saturday,21,256.63,113.5,20.5,86.5,1.89,0.34,1.44,52
161,6,Saturday,22,898.46,136,13,128.5,2.27,0.22,2.14,52
161,6,Saturday,23,337.92,44,8,30,0.73,0.13,0.5,52
161,7,Sunday,0,24.06,16,5,9.5,0.27,0.08,0.16,50
161,7,Sunday,1,11.4,9.5,3,6,0.16,0.05,0.1,50
161,7,Sunday,2,7.87,6,2,4,0.1,0.03,0.07,47
161,7,Sunday,3,6.73,5,2,3,0.08,0.03,0.05,44
161,7,Sunday,4,5.6,4,2,2,0.07,0.03,0.03,45
161,7,Sunday,5,34.55,5,3,3,0.08,0.05,0.05,44
161,7,Sunday,6,82.69,25.5,13,12,0.42,0.22,0.2,52
161,7,Sunday,7,214.92,99,46,54,1.65,0.77,0.9,52
161,7,Sunday,8,356.23,246,142,108.5,4.1,2.37,1.81,52
161,7,Sunday,9,351,236,125.5,110.5,3.93,2.09,1.84,52
161,7,Sunday,10,485.29,242.5,116.5,119.5,4.04,1.94,1.99,52
161,7,Sunday,11,497.98,278.5,125.5,130.5,4.64,2.09,2.17,52
161,7,Sunday,12,564.1,292,147,133,4.87,2.45,2.22,52
161,7,Sunday,13,539,373.5,180,128,6.22,3,2.13,52
161,7,Sunday,14,596.69,307.5,164,129.5,5.12,2.73,2.16,52
161,7,Sunday,15,530.25,366.5,185.5,141.5,6.11,3.09,2.36,52
161,7,Sunday,16,721.98,355.5,137.5,190.5,5.92,2.29,3.17,52
161,7,Sunday,17,591.46,302.5,127,145.5,5.04,2.12,2.42,52
161,7,Sunday,18,786.85,294,69.5,75.5,4.9,1.16,1.26,52
161,7,Sunday,19,355.4,99.5,40,40,1.66,0.67,0.67,52
161,7,Sunday,20,248.71,59,27,30,0.98,0.45,0.5,51
161,7,Sunday,21,243.86,27,12,13,0.45,0.2,0.22,50
161,7,Sunday,22,435.48,27,7,15,0.45,0.12,0.25,50
161,7,Sunday,23,448.06,14,3,11,0.23,0.05,0.18,49
162,1,Monday,0,98.9,89,55,35,1.48,0.92,0.58,52
162,1,Monday,1,68.4,64,38.5,24,1.07,0.64,0.4,52
162,1,Monday,2,45.92,40.5,24,17.5,0.68,0.4,0.29,52
162,1,Monday,3,32.38,29.5,18,12.5,0.49,0.3,0.21,52
162,1,Monday,4,28.4,26,13,13,0.43,0.22,0.22,52
162,1,Monday,5,30.5,29,17,12,0.48,0.28,0.2,52
162,1,Monday,6,70.52,69,42,24.5,1.15,0.7,0.41,52
162,1,Monday,7,157.98,161,94,65.5,2.68,1.57,1.09,52
162,1,Monday,8,311.52,317.5,181.5,136.5,5.29,3.02,2.28,52
162,1,Monday,9,352.15,353.5,185,171.5,5.89,3.08,2.86,52
162,1,Monday,10,487.4,484.5,221.5,263,8.07,3.69,4.38,52
162,1,Monday,11,587.6,583.5,253.5,330,9.72,4.22,5.5,52
162,1,Monday,12,899.12,922,410.5,504.5,15.37,6.84,8.41,52
162,1,Monday,13,834.33,845,398,438.5,14.08,6.63,7.31,52
162,1,Monday,14,656.67,669.5,308.5,344,11.16,5.14,5.73,52
162,1,Monday,15,605.27,611,269.5,345,10.18,4.49,5.75,52
162,1,Monday,16,548.25,579,251.5,313,9.65,4.19,5.22,52
162,1,Monday,17,583.1,595.5,270,312.5,9.93,4.5,5.21,52
162,1,Monday,18,540.63,517.5,271,259.5,8.62,4.52,4.32,52
162,1,Monday,19,468.56,459.5,257.5,202.5,7.66,4.29,3.38,52
162,1,Monday,20,375.9,366.5,208.5,157,6.11,3.48,2.62,52
162,1,Monday,21,295.79,282,179.5,108,4.7,2.99,1.8,52
162,1,Monday,22,207.37,205,123,82.5,3.42,2.05,1.38,52
162,1,Monday,23,135.37,128.5,81.5,50.5,2.14,1.36,0.84,52
162,2,Tuesday,0,88.15,87.5,50.5,31,1.46,0.84,0.52,52
162,2,Tuesday,1,57.9,55.5,36.5,20.5,0.92,0.61,0.34,52
162,2,Tuesday,2,39.96,41,22.5,17,0.68,0.38,0.28,52
162,2,Tuesday,3,30.44,28.5,15.5,14,0.48,0.26,0.23,52
162,2,Tuesday,4,27.37,27,16,11,0.45,0.27,0.18,52
162,2,Tuesday,5,38.71,38.5,26,12.5,0.64,0.43,0.21,52
162,2,Tuesday,6,104.02,101,66.5,36.5,1.68,1.11,0.61,52
162,2,Tuesday,7,224.31,219.5,136.5,87,3.66,2.28,1.45,52
162,2,Tuesday,8,455.92,450.5,258,184,7.51,4.3,3.07,52
162,2,Tuesday,9,513.31,495,267,227.5,8.25,4.45,3.79,52
162,2,Tuesday,10,754.92,714.5,358,367,11.91,5.97,6.12,52
162,2,Tuesday,11,1002.44,973.5,446.5,534,16.23,7.44,8.9,52
162,2,Tuesday,12,1447.73,1453.5,628,816,24.23,10.47,13.6,52
162,2,Tuesday,13,1405.06,1405,626.5,765.5,23.42,10.44,12.76,52
162,2,Tuesday,14,1117.4,1121,422.5,695,18.68,7.04,11.58,52
162,2,Tuesday,15,870.83,876.5,296,560.5,14.61,4.93,9.34,52
162,2,Tuesday,16,645.96,661.5,280,379,11.03,4.67,6.32,52
162,2,Tuesday,17,671.37,675,307.5,366,11.25,5.12,6.1,52
162,2,Tuesday,18,607.5,601.5,314.5,285,10.03,5.24,4.75,52
162,2,Tuesday,19,513.21,503,273.5,234,8.38,4.56,3.9,52
162,2,Tuesday,20,414.06,413,236,175.5,6.88,3.93,2.92,52
162,2,Tuesday,21,329.08,322,193.5,132.5,5.37,3.22,2.21,52
162,2,Tuesday,22,226.4,229,141.5,85,3.82,2.36,1.42,52
162,2,Tuesday,23,145.38,139.5,90,51.5,2.33,1.5,0.86,52
162,3,Wednesday,0,94,91.5,54,38.5,1.52,0.9,0.64,52
162,3,Wednesday,1,65.58,63,40,24,1.05,0.67,0.4,52
162,3,Wednesday,2,40.35,38,23,17,0.63,0.38,0.28,52
162,3,Wednesday,3,28.48,28.5,14,12,0.48,0.23,0.2,52
162,3,Wednesday,4,24.98,24.5,12,12,0.41,0.2,0.2,52
162,3,Wednesday,5,29.75,27.5,16.5,10.5,0.46,0.28,0.17,52
162,3,Wednesday,6,94.25,94,59,35.5,1.57,0.98,0.59,52
162,3,Wednesday,7,197.83,193,114,79,3.22,1.9,1.32,52
162,3,Wednesday,8,381.44,372.5,214,158,6.21,3.57,2.63,52
162,3,Wednesday,9,385.79,372,195.5,179,6.2,3.26,2.98,52
162,3,Wednesday,10,534.1,535.5,264.5,278.5,8.93,4.41,4.64,52
162,3,Wednesday,11,674.04,660.5,293,366.5,11.01,4.88,6.11,52
162,3,Wednesday,12,1030.85,1030.5,464,558,17.18,7.73,9.3,52
162,3,Wednesday,13,982.92,945,462,498.5,15.75,7.7,8.31,52
162,3,Wednesday,14,754.92,731,339,389.5,12.18,5.65,6.49,52
162,3,Wednesday,15,695.44,691,302,386.5,11.52,5.03,6.44,52
162,3,Wednesday,16,696.44,677.5,309,372.5,11.29,5.15,6.21,52
162,3,Wednesday,17,883.4,887.5,464,417,14.79,7.73,6.95,52
162,3,Wednesday,18,985.65,956,449,511,15.93,7.48,8.52,52
162,3,Wednesday,19,978,995,422,553.5,16.58,7.03,9.22,52
162,3,Wednesday,20,808.1,808,330.5,495,13.47,5.51,8.25,52
162,3,Wednesday,21,585.08,602,257,344.5,10.03,4.28,5.74,52
162,3,Wednesday,22,328.83,330,166.5,168,5.5,2.78,2.8,52
162,3,Wednesday,23,170.27,170.5,105,69,2.84,1.75,1.15,52
162,4,Thursday,0,105.9,99,59,37.5,1.65,0.98,0.62,52
162,4,Thursday,1,73.62,62,40,23.5,1.03,0.67,0.39,52
162,4,Thursday,2,44.52,38.5,23,15,0.64,0.38,0.25,52
162,4,Thursday,3,34.5,27.5,15,12,0.46,0.25,0.2,52
162,4,Thursday,4,28.69,27,15,12,0.45,0.25,0.2,52
162,4,Thursday,5,43.1,42,28,14,0.7,0.47,0.23,52
162,4,Thursday,6,112.77,117,73.5,42.5,1.95,1.23,0.71,52
162,4,Thursday,7,229.06,230.5,143,88,3.84,2.38,1.47,52
162,4,Thursday,8,439.04,438.5,252,187.5,7.31,4.2,3.12,52
162,4,Thursday,9,514.82,525,280,231,8.75,4.67,3.85,51
162,4,Thursday,10,728.61,752,367,375,12.53,6.12,6.25,51
162,4,Thursday,11,969.96,978,431,544,16.3,7.18,9.07,51
162,4,Thursday,12,1402.49,1445,628,799,24.08,10.47,13.32,51
162,4,Thursday,13,1371.86,1415,622,794,23.58,10.37,13.23,51
162,4,Thursday,14,1077.31,1098,430,672,18.3,7.17,11.2,52
162,4,Thursday,15,848.52,866,305.5,570,14.43,5.09,9.5,52
162,4,Thursday,16,654.69,688,290.5,400.5,11.47,4.84,6.68,52
162,4,Thursday,17,701.77,720.5,324,392,12.01,5.4,6.53,52
162,4,Thursday,18,644.04,632,321.5,309.5,10.53,5.36,5.16,52
162,4,Thursday,19,547.31,531,285.5,257,8.85,4.76,4.28,52
162,4,Thursday,20,467.88,460,266.5,201.5,7.67,4.44,3.36,52
162,4,Thursday,21,396,390,238,153.5,6.5,3.97,2.56,52
162,4,Thursday,22,279.63,267,170,103.5,4.45,2.83,1.73,52
162,4,Thursday,23,188.63,185,112.5,70.5,3.08,1.88,1.18,52
162,5,Friday,0,113.53,109,63,43,1.82,1.05,0.72,53
162,5,Friday,1,79.94,77,51,27,1.28,0.85,0.45,53
162,5,Friday,2,47.81,45,29,17,0.75,0.48,0.28,53
162,5,Friday,3,37.87,36,22,14,0.6,0.37,0.23,53
162,5,Friday,4,32.23,32,19,13,0.53,0.32,0.22,53
162,5,Friday,5,42.02,41,29,13,0.68,0.48,0.22,53
162,5,Friday,6,113.66,109,74,38,1.82,1.23,0.63,53
162,5,Friday,7,213.87,210,129,84,3.5,2.15,1.4,53
162,5,Friday,8,424.26,423,246,176,7.05,4.1,2.93,53
162,5,Friday,9,529.57,522,270,244,8.7,4.5,4.07,53
162,5,Friday,10,765.68,769,374,388,12.82,6.23,6.47,53
162,5,Friday,11,1010.92,1014,447,564,16.9,7.45,9.4,53
162,5,Friday,12,1348.28,1375,599,782,22.92,9.98,13.03,53
162,5,Friday,13,1342.43,1379,598,764,22.98,9.97,12.73,53
162,5,Friday,14,1158.34,1184,447,723,19.73,7.45,12.05,53
162,5,Friday,15,945.49,971,344,634,16.18,5.73,10.57,53
162,5,Friday,16,703.47,702,295,394,11.7,4.92,6.57,53
162,5,Friday,17,696.3,696,310,379,11.6,5.17,6.32,53
162,5,Friday,18,679,669,327,332,11.15,5.45,5.53,53
162,5,Friday,19,624.32,614,320,294,10.23,5.33,4.9,53
162,5,Friday,20,568.36,553,308,247,9.22,5.13,4.12,53
162,5,Friday,21,490.89,488,296,191,8.13,4.93,3.18,53
162,5,Friday,22,372.23,371,225,145,6.18,3.75,2.42,53
162,5,Friday,23,264.19,261,161,97,4.35,2.68,1.62,53
162,6,Saturday,0,173.37,163.5,95,64.5,2.72,1.58,1.07,52
162,6,Saturday,1,116.31,115.5,72,42,1.93,1.2,0.7,52
162,6,Saturday,2,92.65,86.5,58.5,30,1.44,0.98,0.5,52
162,6,Saturday,3,69.13,68.5,43,23,1.14,0.72,0.38,52
162,6,Saturday,4,55.4,51,32,19,0.85,0.53,0.32,52
162,6,Saturday,5,52.52,53,33.5,20,0.88,0.56,0.33,52
162,6,Saturday,6,87.12,84,55,32.5,1.4,0.92,0.54,52
162,6,Saturday,7,186.37,187.5,109.5,77,3.12,1.82,1.28,52
162,6,Saturday,8,332.96,330,183.5,144.5,5.5,3.06,2.41,52
162,6,Saturday,9,611.25,623,323.5,302.5,10.38,5.39,5.04,52
162,6,Saturday,10,1020.69,1030,488.5,543.5,17.17,8.14,9.06,52
162,6,Saturday,11,1455.58,1487,601,857,24.78,10.02,14.28,52
162,6,Saturday,12,1715.98,1707.5,682.5,1025.5,28.46,11.38,17.09,52
162,6,Saturday,13,1817.63,1842,756.5,1078.5,30.7,12.61,17.98,52
162,6,Saturday,14,1715.5,1736,694.5,1043,28.93,11.57,17.38,52
162,6,Saturday,15,1428.29,1468,496.5,956,24.47,8.28,15.93,52
162,6,Saturday,16,964.52,1002,362.5,634,16.7,6.04,10.57,52
162,6,Saturday,17,639.58,624,307,334.5,10.4,5.12,5.58,52
162,6,Saturday,18,627.92,618,325.5,300,10.3,5.42,5,52
162,6,Saturday,19,622.58,628,338,281,10.47,5.63,4.68,52
162,6,Saturday,20,525.92,517.5,280.5,222.5,8.62,4.68,3.71,52
162,6,Saturday,21,442.62,441,253,175.5,7.35,4.22,2.92,52
162,6,Saturday,22,322.63,322,191,129,5.37,3.18,2.15,52
162,6,Saturday,23,250.25,239,144,94.5,3.98,2.4,1.57,52
162,7,Sunday,0,176.04,170.5,100,70,2.84,1.67,1.17,52
162,7,Sunday,1,126.27,122,75.5,45,2.03,1.26,0.75,52
162,7,Sunday,2,95.27,91,58,33,1.52,0.97,0.55,51
162,7,Sunday,3,76.85,75,47.5,24.5,1.25,0.79,0.41,52
162,7,Sunday,4,61.04,59.5,36,23.5,0.99,0.6,0.39,52
162,7,Sunday,5,53.17,52.5,30.5,21,0.88,0.51,0.35,52
162,7,Sunday,6,69.87,70.5,43,29.5,1.18,0.72,0.49,52
162,7,Sunday,7,151.96,152.5,88,63.5,2.54,1.47,1.06,52
162,7,Sunday,8,288.83,285.5,163.5,120,4.76,2.72,2,52
162,7,Sunday,9,603.42,597.5,332,274,9.96,5.53,4.57,52
162,7,Sunday,10,988.33,998,493,518,16.63,8.22,8.63,52
162,7,Sunday,11,1402.9,1428,614,801,23.8,10.23,13.35,52
162,7,Sunday,12,1717.48,1736.5,726,1010.5,28.94,12.1,16.84,52
162,7,Sunday,13,1847.06,1905.5,795.5,1103,31.76,13.26,18.38,52
162,7,Sunday,14,1779.62,1783.5,766.5,1042.5,29.73,12.78,17.38,52
162,7,Sunday,15,1469.77,1496,520,976,24.93,8.67,16.27,52
162,7,Sunday,16,924.13,943,321,620,15.72,5.35,10.33,52
162,7,Sunday,17,558.13,561.5,268.5,291,9.36,4.47,4.85,52
162,7,Sunday,18,509.02,499,279,239.5,8.32,4.65,3.99,52
162,7,Sunday,19,487.46,500.5,282,212.5,8.34,4.7,3.54,52
162,7,Sunday,20,403.19,405,245,160.5,6.75,4.08,2.67,52
162,7,Sunday,21,329.25,320.5,200,114.5,5.34,3.33,1.91,52
162,7,Sunday,22,240.73,236.5,146,90,3.94,2.43,1.5,52
162,7,Sunday,23,166.25,155,97,56.5,2.58,1.62,0.94,52
164,1,Monday,0,17.19,16,6.5,9,0.27,0.11,0.15,52
164,1,Monday,1,7.84,7,2,4,0.12,0.03,0.07,50
164,1,Monday,2,4.08,3.5,1,2,0.06,0.02,0.03,48
164,1,Monday,3,4.2,4,1,3,0.07,0.02,0.05,44
164,1,Monday,4,3.7,3,0.5,2,0.05,0.01,0.03,46
164,1,Monday,5,9.1,9,3,5,0.15,0.05,0.08,52
164,1,Monday,6,47.08,47,19,26.5,0.78,0.32,0.44,52
164,1,Monday,7,100.37,106.5,52.5,53,1.77,0.88,0.88,52
164,1,Monday,8,162.87,174,99,74.5,2.9,1.65,1.24,52
164,1,Monday,9,149.38,151.5,91,58.5,2.52,1.52,0.98,52
164,1,Monday,10,142.1,144.5,98,43,2.41,1.63,0.72,52
164,1,Monday,11,148.1,152,96.5,50,2.53,1.61,0.83,52
164,1,Monday,12,185.19,184.5,110.5,78.5,3.08,1.84,1.31,52
164,1,Monday,13,182.58,184.5,109.5,72,3.08,1.82,1.2,52
164,1,Monday,14,163.25,164.5,96,70,2.74,1.6,1.17,52
164,1,Monday,15,190.31,193.5,115,77,3.22,1.92,1.28,52
164,1,Monday,16,224.71,224.5,125,99.5,3.74,2.08,1.66,52
164,1,Monday,17,246.65,254.5,139.5,115.5,4.24,2.33,1.93,52
164,1,Monday,18,200.83,204,98.5,100.5,3.4,1.64,1.68,52
164,1,Monday,19,144.29,146,66,77,2.43,1.1,1.28,52
164,1,Monday,20,114.12,116,47.5,66,1.93,0.79,1.1,52
164,1,Monday,21,94.9,92,36,55,1.53,0.6,0.92,52
164,1,Monday,22,64.62,63,24.5,39,1.05,0.41,0.65,52
164,1,Monday,23,35.81,33.5,12,21.5,0.56,0.2,0.36,52
164,2,Tuesday,0,17,17,6,11,0.28,0.1,0.18,52
164,2,Tuesday,1,7.71,8,2,5,0.13,0.03,0.08,51
164,2,Tuesday,2,3.5,3,1,1.5,0.05,0.02,0.03,50
164,2,Tuesday,3,2.67,2,1,1,0.03,0.02,0.02,42
164,2,Tuesday,4,2.55,2,0,1,0.03,0,0.02,44
164,2,Tuesday,5,10.81,11,6,5,0.18,0.1,0.08,52
164,2,Tuesday,6,51.35,52,22,30,0.87,0.37,0.5,52
164,2,Tuesday,7,114.33,120,58,62.5,2,0.97,1.04,52
164,2,Tuesday,8,192.4,200.5,114,87.5,3.34,1.9,1.46,52
164,2,Tuesday,9,163.31,167.5,102,63.5,2.79,1.7,1.06,52
164,2,Tuesday,10,145.48,150.5,100,44.5,2.51,1.67,0.74,52
164,2,Tuesday,11,151.02,152.5,104.5,49,2.54,1.74,0.82,52
164,2,Tuesday,12,207.63,205.5,131,78.5,3.42,2.18,1.31,52
164,2,Tuesday,13,190.94,192,120.5,75.5,3.2,2.01,1.26,52
164,2,Tuesday,14,166.27,178,99.5,73.5,2.97,1.66,1.23,52
164,2,Tuesday,15,193.94,196.5,116.5,80.5,3.28,1.94,1.34,52
164,2,Tuesday,16,237.5,246,148,101.5,4.1,2.47,1.69,52
164,2,Tuesday,17,268.62,283,158.5,122.5,4.72,2.64,2.04,52
164,2,Tuesday,18,212.85,217,103.5,107,3.62,1.73,1.78,52
164,2,Tuesday,19,160.73,155.5,72.5,86,2.59,1.21,1.43,52
164,2,Tuesday,20,121.27,120.5,45.5,70.5,2.01,0.76,1.18,52
164,2,Tuesday,21,95.75,97,39,57.5,1.62,0.65,0.96,52
164,2,Tuesday,22,72.44,68.5,26.5,41.5,1.14,0.44,0.69,52
164,2,Tuesday,23,48.65,38,14,23,0.63,0.23,0.38,52
164,3,Wednesday,0,18.87,17,6,11.5,0.28,0.1,0.19,52
164,3,Wednesday,1,8.02,8,3,5,0.13,0.05,0.08,51
164,3,Wednesday,2,3.8,3,1,2,0.05,0.02,0.03,51
164,3,Wednesday,3,3.56,3,1,2,0.05,0.02,0.03,45
164,3,Wednesday,4,3.16,3,1,1,0.05,0.02,0.02,49
164,3,Wednesday,5,10.56,9,4,5.5,0.15,0.07,0.09,52
164,3,Wednesday,6,52.29,52.5,22,29.5,0.88,0.37,0.49,52
164,3,Wednesday,7,118.81,121.5,57,63,2.02,0.95,1.05,52
164,3,Wednesday,8,185,190,111,77,3.17,1.85,1.28,52
164,3,Wednesday,9,159.06,160.5,105,55.5,2.67,1.75,0.92,52
164,3,Wednesday,10,149.65,156,106,48,2.6,1.77,0.8,52
164,3,Wednesday,11,160.71,160.5,105.5,53,2.67,1.76,0.88,52
164,3,Wednesday,12,206.33,203.5,128.5,75.5,3.39,2.14,1.26,52
164,3,Wednesday,13,196.5,196.5,117.5,79,3.28,1.96,1.32,52
164,3,Wednesday,14,175.62,172.5,101.5,71.5,2.88,1.69,1.19,52
164,3,Wednesday,15,201.71,201,123,79,3.35,2.05,1.32,52
164,3,Wednesday,16,259.15,257,157.5,109.5,4.28,2.62,1.82,52
164,3,Wednesday,17,288.5,282,156.5,124.5,4.7,2.61,2.08,52
164,3,Wednesday,18,238.33,233,112.5,120.5,3.88,1.88,2.01,52
164,3,Wednesday,19,168.52,163,72.5,94.5,2.72,1.21,1.57,52
164,3,Wednesday,20,143.77,136,53,82,2.27,0.88,1.37,52
164,3,Wednesday,21,126.69,105.5,42,66,1.76,0.7,1.1,52
164,3,Wednesday,22,96,81,28.5,48,1.35,0.48,0.8,52
164,3,Wednesday,23,56.62,37,12.5,24,0.62,0.21,0.4,52
164,4,Thursday,0,41.81,17,5,12,0.28,0.08,0.2,52
164,4,Thursday,1,15.18,7,2,4.5,0.12,0.03,0.07,50
164,4,Thursday,2,6.88,4.5,1,3,0.07,0.02,0.05,48
164,4,Thursday,3,4.43,3,1,1.5,0.05,0.02,0.03,46
164,4,Thursday,4,3.2,3,1,2,0.05,0.02,0.03,44
164,4,Thursday,5,12.12,12,7,5,0.2,0.12,0.08,52
164,4,Thursday,6,48.15,49.5,21,27,0.82,0.35,0.45,52
164,4,Thursday,7,108.02,113,53,57,1.88,0.88,0.95,52
164,4,Thursday,8,197.46,198.5,119,86,3.31,1.98,1.43,52
164,4,Thursday,9,166.02,172,113,57,2.87,1.88,0.95,52
164,4,Thursday,10,156.46,159,109,50,2.65,1.82,0.83,52
164,4,Thursday,11,161.56,160,105.5,51,2.67,1.76,0.85,52
164,4,Thursday,12,215.19,220,132,87,3.67,2.2,1.45,52
164,4,Thursday,13,194.06,202,116,77.5,3.37,1.93,1.29,52
164,4,Thursday,14,175.69,177,105,78,2.95,1.75,1.3,52
164,4,Thursday,15,204.37,216,124,85.5,3.6,2.07,1.43,52
164,4,Thursday,16,242.94,250.5,143.5,104,4.18,2.39,1.73,52
164,4,Thursday,17,279.08,290,159,126,4.83,2.65,2.1,52
164,4,Thursday,18,232.92,231,114,116.5,3.85,1.9,1.94,52
164,4,Thursday,19,165.65,166.5,79,84,2.78,1.32,1.4,52
164,4,Thursday,20,129.12,130.5,55,74,2.17,0.92,1.23,52
164,4,Thursday,21,117.12,116,46.5,66,1.93,0.78,1.1,52
164,4,Thursday,22,103.12,92,36,52.5,1.53,0.6,0.88,52
164,4,Thursday,23,54.4,47,17,28.5,0.78,0.28,0.48,52
164,5,Friday,0,21.06,20.5,7,13,0.34,0.12,0.22,52
164,5,Friday,1,8.23,7.5,3,5,0.12,0.05,0.08,52
164,5,Friday,2,5.02,4,1,3,0.07,0.02,0.05,48
164,5,Friday,3,3.81,4,1,2,0.07,0.02,0.03,47
164,5,Friday,4,3.6,3,1,2,0.05,0.02,0.03,47
164,5,Friday,5,11.04,11,6,4,0.18,0.1,0.07,53
164,5,Friday,6,45.92,45,20,26,0.75,0.33,0.43,53
164,5,Friday,7,102.66,107,51,53,1.78,0.85,0.88,53
164,5,Friday,8,155.77,159,95,61,2.65,1.58,1.02,53
164,5,Friday,9,157.4,160,108,53,2.67,1.8,0.88,53
164,5,Friday,10,152.85,153,107,47,2.55,1.78,0.78,53
164,5,Friday,11,170.91,172,108,61,2.87,1.8,1.02,53
164,5,Friday,12,220.92,229,135,92,3.82,2.25,1.53,53
164,5,Friday,13,227.66,232,136,96,3.87,2.27,1.6,53
164,5,Friday,14,212.3,214,125,89,3.57,2.08,1.48,53
164,5,Friday,15,227.91,225,131,90,3.75,2.18,1.5,53
164,5,Friday,16,250.68,254,141,110,4.23,2.35,1.83,53
164,5,Friday,17,281.4,285,160,120,4.75,2.67,2,53
164,5,Friday,18,247.28,241,121,109,4.02,2.02,1.82,53
164,5,Friday,19,189.02,173,89,87,2.88,1.48,1.45,53
164,5,Friday,20,151.23,148,65,82,2.47,1.08,1.37,53
164,5,Friday,21,130.55,128,52,77,2.13,0.87,1.28,53
164,5,Friday,22,129.74,105,44,61,1.75,0.73,1.02,53
164,5,Friday,23,106.74,66,25,39,1.1,0.42,0.65,53
164,6,Saturday,0,34.35,33,11.5,21,0.55,0.19,0.35,52
164,6,Saturday,1,15.1,14,4,9.5,0.23,0.07,0.16,52
164,6,Saturday,2,8.6,8,2,5,0.13,0.03,0.08,50
164,6,Saturday,3,5.78,5,1,3,0.08,0.02,0.05,50
164,6,Saturday,4,5.04,5,1,3,0.08,0.02,0.05,48
164,6,Saturday,5,8.79,9,6,3,0.15,0.1,0.05,52
164,6,Saturday,6,21.1,21,10,11.5,0.35,0.17,0.19,52
164,6,Saturday,7,49.58,50.5,25,23.5,0.84,0.42,0.39,52
164,6,Saturday,8,67.88,67.5,40.5,26.5,1.12,0.68,0.44,52
164,6,Saturday,9,125.67,121,89,35.5,2.02,1.48,0.59,52
164,6,Saturday,10,164.65,164,110.5,51,2.73,1.84,0.85,52
164,6,Saturday,11,189.85,189,120.5,66,3.15,2.01,1.1,52
164,6,Saturday,12,201.94,204.5,124,73.5,3.41,2.07,1.23,52
164,6,Saturday,13,198.48,200,116.5,81,3.33,1.94,1.35,52
164,6,Saturday,14,198.67,210,116,86.5,3.5,1.93,1.44,52
164,6,Saturday,15,217.58,215.5,114.5,93.5,3.59,1.91,1.56,52
164,6,Saturday,16,240.04,235.5,126.5,111.5,3.92,2.11,1.86,52
164,6,Saturday,17,216.77,224.5,119.5,98.5,3.74,1.99,1.64,52
164,6,Saturday,18,203.65,195,105.5,90,3.25,1.76,1.5,52
164,6,Saturday,19,179.15,179,83.5,91,2.98,1.39,1.52,52
164,6,Saturday,20,134.62,132.5,59,70,2.21,0.98,1.17,52
164,6,Saturday,21,112.56,110,48,54,1.83,0.8,0.9,52
164,6,Saturday,22,133.21,99,40.5,52,1.65,0.68,0.87,52
164,6,Saturday,23,112.87,65.5,27.5,36.5,1.09,0.46,0.61,52
164,7,Sunday,0,32.9,33.5,11,22.5,0.56,0.18,0.38,52
164,7,Sunday,1,18.13,16.5,5.5,11,0.28,0.09,0.18,52
164,7,Sunday,2,8.31,7,3,4,0.12,0.05,0.07,51
164,7,Sunday,3,7.1,6,2,4,0.1,0.03,0.07,51
164,7,Sunday,4,6.43,5,1,4,0.08,0.02,0.07,51
164,7,Sunday,5,6.96,6,3,4,0.1,0.05,0.07,51
164,7,Sunday,6,18.33,16.5,9,7.5,0.28,0.15,0.12,52
164,7,Sunday,7,41.52,35,16,18,0.58,0.27,0.3,52
164,7,Sunday,8,67.9,65,35,28.5,1.08,0.58,0.48,52
164,7,Sunday,9,126.04,117.5,80,36.5,1.96,1.33,0.61,52
164,7,Sunday,10,175.17,165,118,51,2.75,1.97,0.85,52
164,7,Sunday,11,179.83,182.5,114,64,3.04,1.9,1.07,52
164,7,Sunday,12,184.73,179,111.5,67,2.98,1.86,1.12,52
164,7,Sunday,13,199.02,196.5,126,73.5,3.28,2.1,1.23,52
164,7,Sunday,14,195.25,180,105,78.5,3,1.75,1.31,52
164,7,Sunday,15,190.19,181,99,87.5,3.02,1.65,1.46,52
164,7,Sunday,16,216.46,211,98,110.5,3.52,1.63,1.84,52
164,7,Sunday,17,199.06,194,101.5,92.5,3.23,1.69,1.54,52
164,7,Sunday,18,198.17,182,112,80,3.03,1.87,1.33,52
164,7,Sunday,19,148.1,144.5,74.5,70.5,2.41,1.24,1.18,52
164,7,Sunday,20,99.29,97.5,44.5,49,1.62,0.74,0.82,52
164,7,Sunday,21,88.65,85.5,35,51,1.43,0.58,0.85,52
164,7,Sunday,22,69.04,62,24,38,1.03,0.4,0.63,52
164,7,Sunday,23,38.35,37.5,14,23,0.62,0.23,0.38,52
165,1,Monday,0,4.73,3.5,3,1,0.06,0.05,0.02,48
165,1,Monday,1,3.86,3,2.5,0,0.05,0.04,0,42
165,1,Monday,2,2.2,2,1,0,0.03,0.02,0,40
165,1,Monday,3,2.23,2,1,1,0.03,0.02,0.02,30
165,1,Monday,4,1.84,2,1,1,0.03,0.02,0.02,32
165,1,Monday,5,2.96,2,1,1,0.03,0.02,0.02,47
165,1,Monday,6,12.38,11.5,4,7,0.19,0.07,0.12,52
165,1,Monday,7,35.77,37,9,29,0.62,0.15,0.48,52
165,1,Monday,8,64.06,68,18.5,47.5,1.13,0.31,0.79,52
165,1,Monday,9,50,48,17,31,0.8,0.28,0.52,52
165,1,Monday,10,53.54,52,20,31.5,0.87,0.33,0.52,52
165,1,Monday,11,54.38,53,25,30.5,0.88,0.42,0.51,52
165,1,Monday,12,69.19,69,33.5,38,1.15,0.56,0.63,52
165,1,Monday,13,64.9,67,32,33,1.12,0.53,0.55,52
165,1,Monday,14,57.75,59.5,30.5,28,0.99,0.51,0.47,52
165,1,Monday,15,64.21,64,36,27,1.07,0.6,0.45,52
165,1,Monday,16,76,78,46.5,31,1.3,0.78,0.52,52
165,1,Monday,17,88.38,93,58,34,1.55,0.97,0.57,52
165,1,Monday,18,60.54,61,40.5,20,1.02,0.68,0.33,52
165,1,Monday,19,38.92,30.5,21.5,12.5,0.51,0.36,0.21,52
165,1,Monday,20,29.23,21,15.5,5.5,0.35,0.26,0.09,52
165,1,Monday,21,17.88,14,11.5,4,0.23,0.19,0.07,52
165,1,Monday,22,13,10,7,2,0.17,0.12,0.03,52
165,1,Monday,23,9.56,7.5,5,2,0.12,0.08,0.03,52
165,2,Tuesday,0,3.96,3,3,1,0.05,0.05,0.02,48
165,2,Tuesday,1,3.28,3,2,0,0.05,0.03,0,39
165,2,Tuesday,2,2.72,2,1,1,0.03,0.02,0.02,39
165,2,Tuesday,3,1.9,2,1,0,0.03,0.02,0,29
165,2,Tuesday,4,1.79,2,1,1,0.03,0.02,0.02,28
165,2,Tuesday,5,2.95,2,1,1,0.03,0.02,0.02,44
165,2,Tuesday,6,12.21,13,3,9,0.22,0.05,0.15,52
165,2,Tuesday,7,39.98,41,8,33,0.68,0.13,0.55,52
165,2,Tuesday,8,73.06,74.5,22,53,1.24,0.37,0.88,52
165,2,Tuesday,9,53.62,51.5,18.5,33.5,0.86,0.31,0.56,52
165,2,Tuesday,10,50.38,50,20,29,0.83,0.33,0.48,52
165,2,Tuesday,11,51.46,51.5,22,29.5,0.86,0.37,0.49,52
165,2,Tuesday,12,73.62,74,37,36,1.23,0.62,0.6,52
165,2,Tuesday,13,67.85,67,35,31,1.12,0.58,0.52,52
165,2,Tuesday,14,57.13,59,30,28.5,0.98,0.5,0.48,52
165,2,Tuesday,15,68.15,69.5,38.5,30.5,1.16,0.64,0.51,52
165,2,Tuesday,16,78.73,78.5,46.5,33.5,1.31,0.78,0.56,52
165,2,Tuesday,17,92.35,93.5,58.5,34,1.56,0.98,0.57,52
165,2,Tuesday,18,67.25,62,43,21,1.03,0.72,0.35,52
165,2,Tuesday,19,48.33,37.5,23,12,0.62,0.38,0.2,52
165,2,Tuesday,20,34.69,23.5,16,6.5,0.39,0.27,0.11,52
165,2,Tuesday,21,21.27,17.5,13,4,0.29,0.22,0.07,52
165,2,Tuesday,22,20.18,12,9,3,0.2,0.15,0.05,51
165,2,Tuesday,23,12.45,7,5,2,0.12,0.08,0.03,51
165,3,Wednesday,0,4.96,4,3,1,0.07,0.05,0.02,49
165,3,Wednesday,1,3.39,2,2,0,0.03,0.03,0,46
165,3,Wednesday,2,3.41,2,2,0,0.03,0.03,0,39
165,3,Wednesday,3,2.23,2,1,0,0.03,0.02,0,31
165,3,Wednesday,4,1.82,1,1,0,0.02,0.02,0,34
165,3,Wednesday,5,3.37,3,1,1,0.05,0.02,0.02,46
165,3,Wednesday,6,15.63,15.5,4,11,0.26,0.07,0.18,52
165,3,Wednesday,7,43.21,44.5,11,33.5,0.74,0.18,0.56,52
165,3,Wednesday,8,70.58,72,21,51.5,1.2,0.35,0.86,52
165,3,Wednesday,9,52.37,52.5,18.5,34,0.88,0.31,0.57,52
165,3,Wednesday,10,49.81,51,20,30,0.85,0.33,0.5,52
165,3,Wednesday,11,56.75,55.5,24.5,31,0.92,0.41,0.52,52
165,3,Wednesday,12,74.56,73.5,35,37.5,1.23,0.58,0.62,52
165,3,Wednesday,13,71.38,71,37,34.5,1.18,0.62,0.58,52
165,3,Wednesday,14,62.29,62.5,33.5,30,1.04,0.56,0.5,52
165,3,Wednesday,15,68.6,68,38,29,1.13,0.63,0.48,52
165,3,Wednesday,16,85.44,86,50.5,33,1.43,0.84,0.55,52
165,3,Wednesday,17,106.75,108,63,41,1.8,1.05,0.68,52
165,3,Wednesday,18,89.83,82.5,53.5,30,1.38,0.89,0.5,52
165,3,Wednesday,19,68.19,59.5,37.5,22,0.99,0.62,0.37,52
165,3,Wednesday,20,55.62,48.5,29,19,0.81,0.48,0.32,52
165,3,Wednesday,21,33.9,31.5,22,9.5,0.52,0.37,0.16,52
165,3,Wednesday,22,28.54,20,14.5,5,0.33,0.24,0.08,52
165,3,Wednesday,23,19.43,11,8,2,0.18,0.13,0.03,51
165,4,Thursday,0,8.71,5,4,1,0.08,0.07,0.02,45
165,4,Thursday,1,5.11,3,2,1,0.05,0.03,0.02,46
165,4,Thursday,2,2.91,2,2,0,0.03,0.03,0,35
165,4,Thursday,3,2.65,2,1,1,0.03,0.02,0.02,26
165,4,Thursday,4,1.82,1,1,1,0.02,0.02,0.02,38
165,4,Thursday,5,3.55,3,1,2,0.05,0.02,0.03,44
165,4,Thursday,6,13,13,3.5,9,0.22,0.06,0.15,52
165,4,Thursday,7,42.08,42,8,35,0.7,0.13,0.58,52
165,4,Thursday,8,75,79,19.5,59,1.32,0.32,0.98,52
165,4,Thursday,9,52.35,52.5,18,32,0.88,0.3,0.53,52
165,4,Thursday,10,52.35,51,20,31,0.85,0.33,0.52,52
165,4,Thursday,11,60.48,59.5,26,33,0.99,0.43,0.55,52
165,4,Thursday,12,78.04,72.5,35,40,1.21,0.58,0.67,52
165,4,Thursday,13,70.77,70.5,34.5,35,1.18,0.58,0.58,52
165,4,Thursday,14,61.73,60,33,27,1,0.55,0.45,52
165,4,Thursday,15,72.04,72,39,32,1.2,0.65,0.53,52
165,4,Thursday,16,83.1,87.5,51,36,1.46,0.85,0.6,52
165,4,Thursday,17,103.65,104,63,40.5,1.73,1.05,0.68,52
165,4,Thursday,18,93.02,81.5,47.5,35,1.36,0.79,0.58,52
165,4,Thursday,19,70.56,60.5,39,24,1.01,0.65,0.4,52
165,4,Thursday,20,54.44,48.5,30.5,20,0.81,0.51,0.33,52
165,4,Thursday,21,39.38,37.5,27.5,10.5,0.62,0.46,0.17,52
165,4,Thursday,22,40.46,25,18,7,0.42,0.3,0.12,52
165,4,Thursday,23,18.63,11,9,3,0.18,0.15,0.05,52
165,5,Friday,0,6.98,5,4,1,0.08,0.07,0.02,52
165,5,Friday,1,3.9,3,2,1,0.05,0.03,0.02,49
165,5,Friday,2,2.74,3,2,0,0.05,0.03,0,39
165,5,Friday,3,2.18,2,1,0,0.03,0.02,0,38
165,5,Friday,4,2.3,1.5,1,0,0.03,0.02,0,40
165,5,Friday,5,2.98,2,1,1,0.03,0.02,0.02,44
165,5,Friday,6,12.75,12,3,10,0.2,0.05,0.17,53
165,5,Friday,7,39.34,40,9,32,0.67,0.15,0.53,53
165,5,Friday,8,68.6,70,21,47,1.17,0.35,0.78,53
165,5,Friday,9,52.87,51,19,32,0.85,0.32,0.53,53
165,5,Friday,10,55.6,56,22,33,0.93,0.37,0.55,53
165,5,Friday,11,61.55,59,24,34,0.98,0.4,0.57,53
165,5,Friday,12,87.89,86,42,45,1.43,0.7,0.75,53
165,5,Friday,13,79.25,79,38,39,1.32,0.63,0.65,53
165,5,Friday,14,72.02,70,37,34,1.17,0.62,0.57,53
165,5,Friday,15,78.45,78,42,34,1.3,0.7,0.57,53
165,5,Friday,16,90.81,92,52,40,1.53,0.87,0.67,53
165,5,Friday,17,110.23,105,57,49,1.75,0.95,0.82,53
165,5,Friday,18,94.64,85,45,36,1.42,0.75,0.6,53
165,5,Friday,19,75.53,70,38,32,1.17,0.63,0.53,53
165,5,Friday,20,60.6,54,33,22,0.9,0.55,0.37,53
165,5,Friday,21,46.98,43,29,13,0.72,0.48,0.22,53
165,5,Friday,22,48.23,38,25,11,0.63,0.42,0.18,53
165,5,Friday,23,34.45,18,13,6,0.3,0.22,0.1,53
165,6,Saturday,0,9.94,7,6,2,0.12,0.1,0.03,52
165,6,Saturday,1,6.73,6,4,1,0.1,0.07,0.02,49
165,6,Saturday,2,5,3,3,1,0.05,0.05,0.02,48
165,6,Saturday,3,4.29,4,2,1,0.07,0.03,0.02,45
165,6,Saturday,4,4.07,3,2,1,0.05,0.03,0.02,42
165,6,Saturday,5,2.89,2,2,1,0.03,0.03,0.02,37
165,6,Saturday,6,8.82,8,3,5.5,0.13,0.05,0.09,50
165,6,Saturday,7,18.21,18,6,11,0.3,0.1,0.18,52
165,6,Saturday,8,34.37,33.5,13,20,0.56,0.22,0.33,52
165,6,Saturday,9,52.62,53,17.5,33,0.88,0.29,0.55,52
165,6,Saturday,10,68,66.5,26,40,1.11,0.43,0.67,52
165,6,Saturday,11,73.94,69.5,30,40,1.16,0.5,0.67,52
165,6,Saturday,12,86.88,75,34,41.5,1.25,0.57,0.69,52
165,6,Saturday,13,77.06,70.5,33,37.5,1.18,0.55,0.62,52
165,6,Saturday,14,69.69,68.5,35,35,1.14,0.58,0.58,52
165,6,Saturday,15,81.27,80.5,42.5,38,1.34,0.71,0.63,52
165,6,Saturday,16,82.83,80.5,42.5,35,1.34,0.71,0.58,52
165,6,Saturday,17,83.19,80,44.5,36,1.33,0.74,0.6,52
165,6,Saturday,18,81.71,70.5,40.5,30.5,1.18,0.68,0.51,52
165,6,Saturday,19,70.31,68.5,35.5,31,1.14,0.59,0.52,52
165,6,Saturday,20,50.38,48,29.5,20,0.8,0.49,0.33,52
165,6,Saturday,21,38.08,34.5,23,10,0.58,0.38,0.17,52
165,6,Saturday,22,42.38,24,18,8,0.4,0.3,0.13,52
165,6,Saturday,23,33.81,18.5,11,5.5,0.31,0.18,0.09,52
165,7,Sunday,0,11.88,10,7.5,2,0.17,0.12,0.03,52
165,7,Sunday,1,6.63,5,4,1,0.08,0.07,0.02,51
165,7,Sunday,2,4.44,4,3,0,0.07,0.05,0,50
165,7,Sunday,3,4.42,4,3,0,0.07,0.05,0,45
165,7,Sunday,4,2.92,2,2,0,0.03,0.03,0,50
165,7,Sunday,5,3.83,3,3,1,0.05,0.05,0.02,47
165,7,Sunday,6,8.08,7,2,5,0.12,0.03,0.08,52
165,7,Sunday,7,18.94,18,6,11,0.3,0.1,0.18,52
165,7,Sunday,8,25.79,26.5,11,15,0.44,0.18,0.25,52
165,7,Sunday,9,41.67,42.5,14,26.5,0.71,0.23,0.44,52
165,7,Sunday,10,58.1,55,20,35,0.92,0.33,0.58,52
165,7,Sunday,11,60.12,61,25,34,1.02,0.42,0.57,52
165,7,Sunday,12,61.5,62,25,35.5,1.03,0.42,0.59,52
165,7,Sunday,13,64.13,61,25,35.5,1.02,0.42,0.59,52
165,7,Sunday,14,63.87,60.5,30,30,1.01,0.5,0.5,52
165,7,Sunday,15,64.04,64,33,27,1.07,0.55,0.45,52
165,7,Sunday,16,74.71,72.5,44.5,27,1.21,0.74,0.45,52
165,7,Sunday,17,65.02,63.5,40.5,25,1.06,0.68,0.42,52
165,7,Sunday,18,58.88,62,35,22,1.03,0.58,0.37,52
165,7,Sunday,19,38.77,36,21,13,0.6,0.35,0.22,52
165,7,Sunday,20,29.6,21.5,15.5,8,0.36,0.26,0.13,52
165,7,Sunday,21,18.06,15,11,4,0.25,0.18,0.07,52
165,7,Sunday,22,14.27,11.5,9,2,0.19,0.15,0.03,52
165,7,Sunday,23,8.37,7,4,2,0.12,0.07,0.03,51
166,1,Monday,0,3.9,3,1,2,0.05,0.02,0.03,49
166,1,Monday,1,2.88,2,2,1,0.03,0.03,0.02,41
166,1,Monday,2,2.52,2,1,1,0.03,0.02,0.02,33
166,1,Monday,3,1.79,2,1,1,0.03,0.02,0.02,29
166,1,Monday,4,1.76,1,0,1,0.02,0,0.02,33
166,1,Monday,5,4.43,4,1,3,0.07,0.02,0.05,51
166,1,Monday,6,12.12,12,3,8,0.2,0.05,0.13,52
166,1,Monday,7,28.56,30.5,10,19,0.51,0.17,0.32,52
166,1,Monday,8,66.12,69,24,44.5,1.15,0.4,0.74,52
166,1,Monday,9,66.94,67.5,29,38,1.12,0.48,0.63,52
166,1,Monday,10,69.87,69,32,36.5,1.15,0.53,0.61,52
166,1,Monday,11,77.48,78,38,40,1.3,0.63,0.67,52
166,1,Monday,12,113.29,115.5,57.5,55,1.93,0.96,0.92,52
166,1,Monday,13,110.46,112.5,55.5,57,1.88,0.92,0.95,52
166,1,Monday,14,94.02,95,46,47,1.58,0.77,0.78,52
166,1,Monday,15,100.04,104.5,53.5,46,1.74,0.89,0.77,52
166,1,Monday,16,114.88,118,64,53.5,1.97,1.07,0.89,52
166,1,Monday,17,154.17,156,88.5,70,2.6,1.48,1.17,52
166,1,Monday,18,131.1,136,65,68.5,2.27,1.08,1.14,52
166,1,Monday,19,97.48,85.5,33.5,53,1.43,0.56,0.88,52
166,1,Monday,20,29.42,25.5,11.5,15,0.42,0.19,0.25,52
166,1,Monday,21,14.94,13,7,6,0.22,0.12,0.1,52
166,1,Monday,22,10.19,10,5,4,0.17,0.08,0.07,52
166,1,Monday,23,6.1,5,3,2,0.08,0.05,0.03,51
166,2,Tuesday,0,4.04,3,2,2,0.05,0.03,0.03,50
166,2,Tuesday,1,2.45,2,1,1,0.03,0.02,0.02,38
166,2,Tuesday,2,1.87,2,1,1,0.03,0.02,0.02,31
166,2,Tuesday,3,1.5,1,1,1,0.02,0.02,0.02,24
166,2,Tuesday,4,2.56,2,1,2,0.03,0.02,0.03,36
166,2,Tuesday,5,4.53,4,1,3,0.07,0.02,0.05,51
166,2,Tuesday,6,12.77,12,3,9,0.2,0.05,0.15,52
166,2,Tuesday,7,30.83,31,10.5,19,0.52,0.17,0.32,52
166,2,Tuesday,8,73.73,78,25.5,48.5,1.3,0.42,0.81,52
166,2,Tuesday,9,63,61,27.5,34,1.02,0.46,0.57,52
166,2,Tuesday,10,68.52,69.5,31,37.5,1.16,0.52,0.62,52
166,2,Tuesday,11,79.81,80,40.5,39.5,1.33,0.68,0.66,52
166,2,Tuesday,12,108.04,104.5,55,51,1.74,0.92,0.85,52
166,2,Tuesday,13,103.44,104.5,51,54,1.74,0.85,0.9,52
166,2,Tuesday,14,86.35,83.5,43.5,42,1.39,0.72,0.7,52
166,2,Tuesday,15,96.31,98.5,51,45.5,1.64,0.85,0.76,52
166,2,Tuesday,16,109.88,111,59.5,51,1.85,0.99,0.85,52
166,2,Tuesday,17,147.9,152.5,84.5,69,2.54,1.41,1.15,52
166,2,Tuesday,18,128.42,134,68,61,2.23,1.13,1.02,52
166,2,Tuesday,19,100.15,92.5,36.5,57,1.54,0.61,0.95,52
166,2,Tuesday,20,30.6,27,11.5,15.5,0.45,0.19,0.26,52
166,2,Tuesday,21,15.42,14,8,6,0.23,0.13,0.1,52
166,2,Tuesday,22,12.08,12,5.5,5,0.2,0.09,0.08,52
166,2,Tuesday,23,7.31,6,3,3,0.1,0.05,0.05,51
166,3,Wednesday,0,3.73,3,1,2,0.05,0.02,0.03,51
166,3,Wednesday,1,2.98,2,1,1,0.03,0.02,0.02,43
166,3,Wednesday,2,2.18,1,1,1,0.02,0.02,0.02,39
166,3,Wednesday,3,1.46,1,1,1,0.02,0.02,0.02,28
166,3,Wednesday,4,2.17,2,0,1,0.03,0,0.02,41
166,3,Wednesday,5,4.75,5,1,4,0.08,0.02,0.07,51
166,3,Wednesday,6,14.4,14,3.5,11,0.23,0.06,0.18,52
166,3,Wednesday,7,34.23,34,12.5,21,0.57,0.21,0.35,52
166,3,Wednesday,8,74.54,73,29,44.5,1.22,0.48,0.74,52
166,3,Wednesday,9,68.6,67,31,35.5,1.12,0.52,0.59,52
166,3,Wednesday,10,68.56,71,31,37,1.18,0.52,0.62,52
166,3,Wednesday,11,82.35,82.5,39,40.5,1.38,0.65,0.68,52
166,3,Wednesday,12,110.83,110.5,55,53,1.84,0.92,0.88,52
166,3,Wednesday,13,109.83,110,52.5,55.5,1.83,0.88,0.92,52
166,3,Wednesday,14,93.54,94.5,47.5,47,1.57,0.79,0.78,52
166,3,Wednesday,15,98.56,98,52,45,1.63,0.87,0.75,52
166,3,Wednesday,16,114.35,111.5,60.5,53.5,1.86,1.01,0.89,52
166,3,Wednesday,17,148.12,146,84,68.5,2.43,1.4,1.14,52
166,3,Wednesday,18,126.12,134.5,67,64.5,2.24,1.12,1.07,52
166,3,Wednesday,19,93.37,85,30.5,54.5,1.42,0.51,0.91,52
166,3,Wednesday,20,32.96,28.5,10,17.5,0.48,0.17,0.29,52
166,3,Wednesday,21,20.27,17,9,8.5,0.28,0.15,0.14,52
166,3,Wednesday,22,14.83,11.5,7,5,0.19,0.12,0.08,52
166,3,Wednesday,23,8.88,6,3,3,0.1,0.05,0.05,51
166,4,Thursday,0,7.13,4,2,2,0.07,0.03,0.03,52
166,4,Thursday,1,3.4,2,1,1,0.03,0.02,0.02,45
166,4,Thursday,2,2.9,2,1,1,0.03,0.02,0.02,31
166,4,Thursday,3,2.09,1,1,1,0.02,0.02,0.02,33
166,4,Thursday,4,2.14,2,0,1,0.03,0,0.02,36
166,4,Thursday,5,4.63,5,1,3,0.08,0.02,0.05,51
166,4,Thursday,6,11.87,11,3,8.5,0.18,0.05,0.14,52
166,4,Thursday,7,32.44,33,12,21,0.55,0.2,0.35,52
166,4,Thursday,8,71.13,73.5,25,47.5,1.23,0.42,0.79,52
166,4,Thursday,9,61.94,62.5,27.5,35,1.04,0.46,0.58,52
166,4,Thursday,10,66.92,65.5,31,36.5,1.09,0.52,0.61,52
166,4,Thursday,11,78.17,78.5,37.5,40.5,1.31,0.62,0.68,52
166,4,Thursday,12,105.46,105,55.5,49.5,1.75,0.92,0.82,52
166,4,Thursday,13,104.42,105,52,53.5,1.75,0.87,0.89,52
166,4,Thursday,14,86.48,89,47,43,1.48,0.78,0.72,52
166,4,Thursday,15,90.21,92.5,49,43,1.54,0.82,0.72,52
166,4,Thursday,16,106.19,111,59,48.5,1.85,0.98,0.81,52
166,4,Thursday,17,140.92,148,81,64.5,2.47,1.35,1.07,52
166,4,Thursday,18,119.21,119.5,59,58.5,1.99,0.98,0.98,52
166,4,Thursday,19,94.67,89,34.5,54.5,1.48,0.58,0.91,52
166,4,Thursday,20,34.33,30,14.5,16,0.5,0.24,0.27,52
166,4,Thursday,21,19.54,17.5,9,8,0.29,0.15,0.13,52
166,4,Thursday,22,16.73,13,7,6,0.22,0.12,0.1,52
166,4,Thursday,23,9.77,9,4,4,0.15,0.07,0.07,52
166,5,Friday,0,5.13,5,3,2,0.08,0.05,0.03,52
166,5,Friday,1,2.52,2,1,0.5,0.03,0.02,0.01,48
166,5,Friday,2,2.14,2,1,1,0.03,0.02,0.02,44
166,5,Friday,3,1.84,1,1,1,0.02,0.02,0.02,25
166,5,Friday,4,2,2,0,1,0.03,0,0.02,39
166,5,Friday,5,3.98,4,1,3,0.07,0.02,0.05,49
166,5,Friday,6,12.06,11,3,8,0.18,0.05,0.13,53
166,5,Friday,7,28.11,28,10,17,0.47,0.17,0.28,53
166,5,Friday,8,66.75,68,24,42,1.13,0.4,0.7,53
166,5,Friday,9,66.57,66,30,36,1.1,0.5,0.6,53
166,5,Friday,10,74.42,74,34,41,1.23,0.57,0.68,53
166,5,Friday,11,85.17,82,41,44,1.37,0.68,0.73,53
166,5,Friday,12,112,115,57,56,1.92,0.95,0.93,53
166,5,Friday,13,103.81,106,54,51,1.77,0.9,0.85,53
166,5,Friday,14,100.04,100,49,50,1.67,0.82,0.83,53
166,5,Friday,15,101.79,102,57,46,1.7,0.95,0.77,53
166,5,Friday,16,111.79,113,61,50,1.88,1.02,0.83,53
166,5,Friday,17,138.08,139,73,68,2.32,1.22,1.13,53
166,5,Friday,18,118.87,113,53,61,1.88,0.88,1.02,53
166,5,Friday,19,94.87,91,41,53,1.52,0.68,0.88,53
166,5,Friday,20,34.23,32,14,16,0.53,0.23,0.27,53
166,5,Friday,21,20.02,19,10,9,0.32,0.17,0.15,53
166,5,Friday,22,21.72,17,10,7,0.28,0.17,0.12,53
166,5,Friday,23,15.06,11,6,5,0.18,0.1,0.08,53
166,6,Saturday,0,7.12,6,4,2,0.1,0.07,0.03,52
166,6,Saturday,1,5.51,5,3,2,0.08,0.05,0.03,49
166,6,Saturday,2,3.17,3,2,1,0.05,0.03,0.02,46
166,6,Saturday,3,2.43,2,1,1,0.03,0.02,0.02,42
166,6,Saturday,4,2.18,2,1,1,0.03,0.02,0.02,39
166,6,Saturday,5,2.72,2.5,1,1,0.04,0.02,0.02,46
166,6,Saturday,6,7.33,7,2,5,0.12,0.03,0.08,52
166,6,Saturday,7,14.4,14,5,8,0.23,0.08,0.13,52
166,6,Saturday,8,40.98,41,20,20,0.68,0.33,0.33,52
166,6,Saturday,9,76.08,76,35,39.5,1.27,0.58,0.66,52
166,6,Saturday,10,92.73,92,42.5,48,1.53,0.71,0.8,52
166,6,Saturday,11,103.92,104.5,50,54.5,1.74,0.83,0.91,52
166,6,Saturday,12,110.77,108,50,57,1.8,0.83,0.95,52
166,6,Saturday,13,107.92,106.5,54.5,52,1.77,0.91,0.87,52
166,6,Saturday,14,107.27,105.5,56,52,1.76,0.93,0.87,52
166,6,Saturday,15,113.44,113.5,58,54.5,1.89,0.97,0.91,52
166,6,Saturday,16,120.48,118,57.5,56,1.97,0.96,0.93,52
166,6,Saturday,17,119.23,121.5,62.5,59,2.02,1.04,0.98,52
166,6,Saturday,18,116.79,109,49,59.5,1.82,0.82,0.99,52
166,6,Saturday,19,91.46,88,34,51,1.47,0.57,0.85,52
166,6,Saturday,20,31.79,27.5,10.5,18,0.46,0.17,0.3,52
166,6,Saturday,21,18.23,17,9,9,0.28,0.15,0.15,52
166,6,Saturday,22,23.94,16,9,7,0.27,0.15,0.12,52
166,6,Saturday,23,16.6,13,7,5,0.22,0.12,0.08,52
166,7,Sunday,0,8,7,4,3,0.12,0.07,0.05,52
166,7,Sunday,1,5.17,4,3,1,0.07,0.05,0.02,52
166,7,Sunday,2,4,3,2,1.5,0.05,0.03,0.03,48
166,7,Sunday,3,3.07,3,1,1,0.05,0.02,0.02,42
166,7,Sunday,4,2.91,3,1,1,0.05,0.02,0.02,45
166,7,Sunday,5,3.49,3,1,2,0.05,0.02,0.03,47
166,7,Sunday,6,7.17,6.5,2,4,0.11,0.03,0.07,52
166,7,Sunday,7,14.46,13,5,8,0.22,0.08,0.13,52
166,7,Sunday,8,32.31,33.5,13.5,17,0.56,0.22,0.28,52
166,7,Sunday,9,70.9,63.5,27,36,1.06,0.45,0.6,52
166,7,Sunday,10,86.25,88,41,43.5,1.47,0.68,0.72,52
166,7,Sunday,11,106.06,104,51.5,53,1.73,0.86,0.88,52
166,7,Sunday,12,115.19,113.5,55,59,1.89,0.92,0.98,52
166,7,Sunday,13,113.08,116.5,55.5,59,1.94,0.92,0.98,52
166,7,Sunday,14,118.5,116,57,57,1.93,0.95,0.95,52
166,7,Sunday,15,118.54,120,62.5,57,2,1.04,0.95,52
166,7,Sunday,16,130.52,129.5,69.5,57,2.16,1.16,0.95,52
166,7,Sunday,17,126.04,130,63.5,60.5,2.17,1.06,1.01,52
166,7,Sunday,18,125.02,124.5,60.5,60.5,2.08,1.01,1.01,52
166,7,Sunday,19,94.13,86.5,37,51.5,1.44,0.62,0.86,52
166,7,Sunday,20,25.67,25.5,11,13,0.42,0.18,0.22,52
166,7,Sunday,21,15.33,15,7,8,0.25,0.12,0.13,52
166,7,Sunday,22,12.13,10,5.5,4.5,0.17,0.09,0.07,52
166,7,Sunday,23,7.19,7,4,3.5,0.12,0.07,0.06,52
167,1,Monday,0,5.67,5,1,3,0.08,0.02,0.05,51
167,1,Monday,1,4.22,4,1,3,0.07,0.02,0.05,46
167,1,Monday,2,2.9,3,1,2,0.05,0.02,0.03,39
167,1,Monday,3,2.44,2,0,1,0.03,0,0.02,41
167,1,Monday,4,3.21,3,0,2,0.05,0,0.03,42
167,1,Monday,5,4.2,4,0.5,3,0.07,0.01,0.05,50
167,1,Monday,6,17.62,14,2,13,0.23,0.03,0.22,52
167,1,Monday,7,39.37,40,8.5,31,0.67,0.14,0.52,52
167,1,Monday,8,73.42,67.5,15,55.5,1.12,0.25,0.92,52
167,1,Monday,9,64.33,60.5,14.5,43,1.01,0.24,0.72,52
167,1,Monday,10,59.54,58,18,41,0.97,0.3,0.68,52
167,1,Monday,11,56.71,58.5,16.5,33.5,0.98,0.28,0.56,52
167,1,Monday,12,67.35,59,17,40.5,0.98,0.28,0.68,52
167,1,Monday,13,50.38,26.5,11,19.5,0.44,0.18,0.32,52
167,1,Monday,14,43.33,34,13.5,21,0.57,0.22,0.35,52
167,1,Monday,15,59.9,51.5,18.5,31,0.86,0.31,0.52,52
167,1,Monday,16,74.35,66.5,19,42.5,1.11,0.32,0.71,52
167,1,Monday,17,100.15,93,34.5,55.5,1.55,0.58,0.92,52
167,1,Monday,18,86.04,92.5,33,53.5,1.54,0.55,0.89,52
167,1,Monday,19,61.37,50.5,18,33,0.84,0.3,0.55,52
167,1,Monday,20,40.98,35,10.5,23.5,0.58,0.17,0.39,52
167,1,Monday,21,27.48,27.5,7.5,19.5,0.46,0.12,0.32,52
167,1,Monday,22,19.48,18,5,13,0.3,0.08,0.22,52
167,1,Monday,23,12.24,12,4,8,0.2,0.07,0.13,50
167,2,Tuesday,0,6.61,6,2,4,0.1,0.03,0.07,49
167,2,Tuesday,1,3.6,3,1,2,0.05,0.02,0.03,47
167,2,Tuesday,2,2.59,2,1,1,0.03,0.02,0.02,39
167,2,Tuesday,3,1.95,2,0,1,0.03,0,0.02,39
167,2,Tuesday,4,1.88,2,0,1,0.03,0,0.02,34
167,2,Tuesday,5,4.34,3,0,3,0.05,0,0.05,50
167,2,Tuesday,6,18.54,16.5,2,14,0.28,0.03,0.23,52
167,2,Tuesday,7,41.4,42.5,7,34,0.71,0.12,0.57,52
167,2,Tuesday,8,81,77.5,15,63.5,1.29,0.25,1.06,52
167,2,Tuesday,9,68.12,65.5,19,46,1.09,0.32,0.77,52
167,2,Tuesday,10,60.54,61.5,19.5,39.5,1.02,0.32,0.66,52
167,2,Tuesday,11,57.92,50,18,35.5,0.83,0.3,0.59,52
167,2,Tuesday,12,70.83,62,22,43,1.03,0.37,0.72,52
167,2,Tuesday,13,59.96,37.5,12.5,26,0.62,0.21,0.43,52
167,2,Tuesday,14,45.27,26.5,8,17.5,0.44,0.13,0.29,52
167,2,Tuesday,15,59.75,53,19.5,35.5,0.88,0.32,0.59,52
167,2,Tuesday,16,71.71,66.5,22,43,1.11,0.37,0.72,52
167,2,Tuesday,17,102,95.5,37,58,1.59,0.62,0.97,52
167,2,Tuesday,18,89.62,90,34,54,1.5,0.57,0.9,52
167,2,Tuesday,19,67.38,65,20.5,39,1.08,0.34,0.65,52
167,2,Tuesday,20,44.85,39,12.5,27,0.65,0.21,0.45,52
167,2,Tuesday,21,28.31,28,8.5,19.5,0.47,0.14,0.32,52
167,2,Tuesday,22,21.38,21,6,14.5,0.35,0.1,0.24,52
167,2,Tuesday,23,12,9,3,7,0.15,0.05,0.12,52
167,3,Wednesday,0,6.62,5,1,4,0.08,0.02,0.07,48
167,3,Wednesday,1,4.22,3,1,3,0.05,0.02,0.05,45
167,3,Wednesday,2,2.32,1.5,0,1,0.03,0,0.02,38
167,3,Wednesday,3,2.09,2,0,2,0.03,0,0.03,35
167,3,Wednesday,4,2.3,2,0,2,0.03,0,0.03,40
167,3,Wednesday,5,5.08,5,0,4,0.08,0,0.07,51
167,3,Wednesday,6,18.87,18.5,2,14.5,0.31,0.03,0.24,52
167,3,Wednesday,7,47.17,47.5,8.5,39,0.79,0.14,0.65,52
167,3,Wednesday,8,86.31,89.5,16.5,73.5,1.49,0.28,1.23,52
167,3,Wednesday,9,71.58,74.5,18,56,1.24,0.3,0.93,52
167,3,Wednesday,10,63.14,62,20,42,1.03,0.33,0.7,51
167,3,Wednesday,11,62.54,59,17.5,39.5,0.98,0.29,0.66,52
167,3,Wednesday,12,74.83,65.5,24.5,41,1.09,0.41,0.68,52
167,3,Wednesday,13,65.67,56.5,21,34.5,0.94,0.35,0.58,52
167,3,Wednesday,14,50.25,37.5,14,24.5,0.62,0.23,0.41,52
167,3,Wednesday,15,65.67,64,22.5,39,1.07,0.38,0.65,52
167,3,Wednesday,16,84.38,86,33.5,48,1.43,0.56,0.8,52
167,3,Wednesday,17,115.5,114.5,43,67,1.91,0.72,1.12,52
167,3,Wednesday,18,91.35,85.5,26.5,53.5,1.43,0.44,0.89,52
167,3,Wednesday,19,71.27,59,18.5,41,0.98,0.31,0.68,52
167,3,Wednesday,20,50.02,38,12,29,0.63,0.2,0.48,52
167,3,Wednesday,21,36.46,37,10,26,0.62,0.17,0.43,52
167,3,Wednesday,22,27.1,23,6,17,0.38,0.1,0.28,52
167,3,Wednesday,23,17.94,14,5,9.5,0.23,0.08,0.16,50
167,4,Thursday,0,9.1,6,1,4,0.1,0.02,0.07,51
167,4,Thursday,1,6.32,3,1,3,0.05,0.02,0.05,47
167,4,Thursday,2,3.41,2,0,2,0.03,0,0.03,44
167,4,Thursday,3,2.46,2,0,1,0.03,0,0.02,41
167,4,Thursday,4,2.6,2,0,2,0.03,0,0.03,40
167,4,Thursday,5,4.88,4,0,3,0.07,0,0.05,50
167,4,Thursday,6,18.71,14,2,13,0.23,0.03,0.22,51
167,4,Thursday,7,45.17,46,8.5,35.5,0.77,0.14,0.59,52
167,4,Thursday,8,85.15,85.5,15.5,68,1.43,0.26,1.13,52
167,4,Thursday,9,70.52,72.5,19,52.5,1.21,0.32,0.88,52
167,4,Thursday,10,62.85,61,20,40,1.02,0.33,0.67,52
167,4,Thursday,11,62.85,59.5,19,40,0.99,0.32,0.67,52
167,4,Thursday,12,67.87,64,23.5,40.5,1.07,0.39,0.68,52
167,4,Thursday,13,45.4,30,13,18,0.5,0.22,0.3,52
167,4,Thursday,14,42.08,27,8,17,0.45,0.13,0.28,52
167,4,Thursday,15,54.4,50.5,15.5,33.5,0.84,0.26,0.56,52
167,4,Thursday,16,77.25,72.5,28,40,1.21,0.47,0.67,52
167,4,Thursday,17,108.5,93,36.5,61.5,1.55,0.61,1.02,52
167,4,Thursday,18,97.73,93.5,38,58.5,1.56,0.63,0.98,52
167,4,Thursday,19,70.44,56,18,41,0.93,0.3,0.68,52
167,4,Thursday,20,49.71,46,16,31,0.77,0.27,0.52,51
167,4,Thursday,21,33.17,34,10.5,21,0.57,0.17,0.35,52
167,4,Thursday,22,28.2,29,9,18,0.48,0.15,0.3,51
167,4,Thursday,23,17.19,14,5,11,0.23,0.08,0.18,52
167,5,Friday,0,7.57,6,2,4,0.1,0.03,0.07,51
167,5,Friday,1,4.96,4.5,1,3,0.07,0.02,0.05,50
167,5,Friday,2,3.2,3,0,2,0.05,0,0.03,44
167,5,Friday,3,2.51,2,0,2,0.03,0,0.03,37
167,5,Friday,4,2.23,2,0,2,0.03,0,0.03,43
167,5,Friday,5,5.47,5,1,4,0.08,0.02,0.07,49
167,5,Friday,6,17.82,16,3,13,0.27,0.05,0.22,51
167,5,Friday,7,41.64,43,10,33,0.72,0.17,0.55,53
167,5,Friday,8,75.19,76,17,60,1.27,0.28,1,53
167,5,Friday,9,67.92,63,20,48,1.05,0.33,0.8,53
167,5,Friday,10,67.06,66,19,45,1.1,0.32,0.75,53
167,5,Friday,11,74.85,67,22,45,1.12,0.37,0.75,53
167,5,Friday,12,99.09,81,34,48,1.35,0.57,0.8,53
167,5,Friday,13,85.45,46,20,29,0.77,0.33,0.48,53
167,5,Friday,14,72.17,52,17,31,0.87,0.28,0.52,53
167,5,Friday,15,80.92,68,23,45,1.13,0.38,0.75,53
167,5,Friday,16,89.17,81,28,53,1.35,0.47,0.88,53
167,5,Friday,17,117.13,100,39,66,1.67,0.65,1.1,53
167,5,Friday,18,105.83,120,43,65,2,0.72,1.08,53
167,5,Friday,19,82.98,66,19,47,1.1,0.32,0.78,53
167,5,Friday,20,50.32,46,13,32,0.77,0.22,0.53,53
167,5,Friday,21,35.55,34,11,23,0.57,0.18,0.38,53
167,5,Friday,22,32.06,31,10,22,0.52,0.17,0.37,53
167,5,Friday,23,25.02,18,6,13,0.3,0.1,0.22,53
167,6,Saturday,0,11.5,10.5,3,7,0.17,0.05,0.12,52
167,6,Saturday,1,7.28,7,2,5,0.12,0.03,0.08,50
167,6,Saturday,2,4.79,4,1,3,0.07,0.02,0.05,47
167,6,Saturday,3,4.25,4,1,2.5,0.07,0.02,0.04,44
167,6,Saturday,4,3.63,3,1,2,0.05,0.02,0.03,43
167,6,Saturday,5,3.52,2.5,0.5,2,0.04,0.01,0.03,48
167,6,Saturday,6,13.43,11,3,9,0.18,0.05,0.15,47
167,6,Saturday,7,25.55,28,6,22,0.47,0.1,0.37,51
167,6,Saturday,8,38.9,41,9,30.5,0.68,0.15,0.51,52
167,6,Saturday,9,59.85,56,14.5,41.5,0.93,0.24,0.69,52
167,6,Saturday,10,70.88,72.5,22,48.5,1.21,0.37,0.81,52
167,6,Saturday,11,72.98,74,22.5,50.5,1.23,0.38,0.84,52
167,6,Saturday,12,67.88,61,20.5,42,1.02,0.34,0.7,52
167,6,Saturday,13,49.27,33.5,12,24,0.56,0.2,0.4,52
167,6,Saturday,14,49.98,29.5,9.5,23,0.49,0.16,0.38,52
167,6,Saturday,15,67.21,60.5,22,39.5,1.01,0.37,0.66,52
167,6,Saturday,16,87.27,93,33.5,59,1.55,0.56,0.98,52
167,6,Saturday,17,90.65,89,32,54,1.48,0.53,0.9,52
167,6,Saturday,18,93.12,95,28,57.5,1.58,0.47,0.96,52
167,6,Saturday,19,74.75,67.5,21.5,43.5,1.12,0.36,0.72,52
167,6,Saturday,20,49.35,45.5,13,33,0.76,0.22,0.55,52
167,6,Saturday,21,33.38,34.5,9.5,24.5,0.58,0.16,0.41,52
167,6,Saturday,22,32.12,30.5,10.5,19,0.51,0.17,0.32,52
167,6,Saturday,23,25.38,19,6.5,12,0.32,0.11,0.2,52
167,7,Sunday,0,12.73,13,3,9,0.22,0.05,0.15,49
167,7,Sunday,1,8.02,8,2,6,0.13,0.03,0.1,49
167,7,Sunday,2,5.15,4,1,3,0.07,0.02,0.05,47
167,7,Sunday,3,4.07,4,1,2,0.07,0.02,0.03,46
167,7,Sunday,4,4.19,3,1,3,0.05,0.02,0.05,43
167,7,Sunday,5,4.31,3.5,0.5,3,0.06,0.01,0.05,48
167,7,Sunday,6,13.49,14,2,11,0.23,0.03,0.18,49
167,7,Sunday,7,26.69,27,7,20,0.45,0.12,0.33,49
167,7,Sunday,8,37.35,38.5,9,28,0.64,0.15,0.47,52
167,7,Sunday,9,59.94,62.5,17,45.5,1.04,0.28,0.76,52
167,7,Sunday,10,69.96,69,21.5,50,1.15,0.36,0.83,52
167,7,Sunday,11,74.63,78.5,26,53,1.31,0.43,0.88,52
167,7,Sunday,12,62.29,52.5,19,40.5,0.88,0.32,0.68,52
167,7,Sunday,13,52.23,39,14.5,23.5,0.65,0.24,0.39,52
167,7,Sunday,14,51.94,48.5,15,31,0.81,0.25,0.52,52
167,7,Sunday,15,54.96,48,15,34,0.8,0.25,0.57,52
167,7,Sunday,16,77.63,73,27.5,41.5,1.22,0.46,0.69,52
167,7,Sunday,17,80.5,78.5,27.5,48,1.31,0.46,0.8,52
167,7,Sunday,18,75.62,70.5,27.5,41.5,1.18,0.46,0.69,52
167,7,Sunday,19,56.27,47.5,18,31.5,0.79,0.3,0.52,52
167,7,Sunday,20,42.44,38.5,11,26.5,0.64,0.18,0.44,52
167,7,Sunday,21,26.58,26.5,7,18.5,0.44,0.12,0.31,52
167,7,Sunday,22,21.12,18,6.5,13,0.3,0.11,0.22,52
167,7,Sunday,23,11.23,10,3,7,0.17,0.05,0.12,52
179,1,Monday,0,15.58,15,8,8,0.25,0.13,0.13,52
179,1,Monday,1,7.85,7,2.5,4,0.12,0.04,0.07,52
179,1,Monday,2,4.53,4,1,2,0.07,0.02,0.03,49
179,1,Monday,3,4.28,4,2,2,0.07,0.03,0.03,50
179,1,Monday,4,5.02,4,2,2,0.07,0.03,0.03,47
179,1,Monday,5,10.37,9.5,7,2.5,0.16,0.12,0.04,52
179,1,Monday,6,25.08,26,15,10,0.43,0.25,0.17,52
179,1,Monday,7,47.62,50,31,18,0.83,0.52,0.3,52
179,1,Monday,8,90.48,92.5,61,30.5,1.54,1.02,0.51,52
179,1,Monday,9,93.27,92,52.5,40,1.53,0.88,0.67,52
179,1,Monday,10,93.67,92,49,41,1.53,0.82,0.68,52
179,1,Monday,11,93.42,91,49.5,42,1.52,0.82,0.7,52
179,1,Monday,12,107.65,108.5,57.5,52,1.81,0.96,0.87,52
179,1,Monday,13,107.23,103.5,55,51,1.73,0.92,0.85,52
179,1,Monday,14,103.5,102,52,49.5,1.7,0.87,0.82,52
179,1,Monday,15,107.33,105.5,53.5,55,1.76,0.89,0.92,52
179,1,Monday,16,117.56,117.5,59,60.5,1.96,0.98,1.01,52
179,1,Monday,17,145.94,146.5,72,74,2.44,1.2,1.23,52
179,1,Monday,18,148.27,149,73.5,74,2.48,1.23,1.23,52
179,1,Monday,19,131.23,133.5,66,66.5,2.22,1.1,1.11,52
179,1,Monday,20,109.54,105,51,53,1.75,0.85,0.88,52
179,1,Monday,21,91.83,90.5,42,46,1.51,0.7,0.77,52
179,1,Monday,22,64.23,61,30,32.5,1.02,0.5,0.54,52
179,1,Monday,23,28.92,27.5,14,13,0.46,0.23,0.22,52
179,2,Tuesday,0,13.6,12,5,7,0.2,0.08,0.12,52
179,2,Tuesday,1,7.84,7,4,3.5,0.12,0.07,0.06,50
179,2,Tuesday,2,4.27,3,1,2,0.05,0.02,0.03,44
179,2,Tuesday,3,3.63,3,1,1,0.05,0.02,0.02,46
179,2,Tuesday,4,3.28,3,2,1,0.05,0.03,0.02,50
179,2,Tuesday,5,10.62,10.5,7,2,0.17,0.12,0.03,52
179,2,Tuesday,6,29.08,29,18,11,0.48,0.3,0.18,52
179,2,Tuesday,7,53.9,54.5,34,19,0.91,0.57,0.32,52
179,2,Tuesday,8,91.62,89.5,61.5,28,1.49,1.02,0.47,52
179,2,Tuesday,9,87.06,86,53,32,1.43,0.88,0.53,52
179,2,Tuesday,10,87.17,83,46,37.5,1.38,0.77,0.62,52
179,2,Tuesday,11,90,87.5,49,40,1.46,0.82,0.67,52
179,2,Tuesday,12,100.1,98,52.5,44,1.63,0.88,0.73,52
179,2,Tuesday,13,94.37,92.5,46,45,1.54,0.77,0.75,52
179,2,Tuesday,14,92.25,91,46.5,45.5,1.52,0.78,0.76,52
179,2,Tuesday,15,105.19,107,51,54,1.78,0.85,0.9,52
179,2,Tuesday,16,116.48,120.5,60,60,2.01,1,1,52
179,2,Tuesday,17,141.54,145,69,75,2.42,1.15,1.25,52
179,2,Tuesday,18,140.5,139.5,70.5,70.5,2.33,1.18,1.18,52
179,2,Tuesday,19,121.87,123,59,60,2.05,0.98,1,52
179,2,Tuesday,20,102.96,102,51.5,52.5,1.7,0.86,0.88,52
179,2,Tuesday,21,90.92,91.5,43,47,1.52,0.72,0.78,52
179,2,Tuesday,22,65.75,62,31,32,1.03,0.52,0.53,52
179,2,Tuesday,23,30.56,29.5,14.5,15,0.49,0.24,0.25,52
179,3,Wednesday,0,14.17,13,6,7,0.22,0.1,0.12,52
179,3,Wednesday,1,6.39,7,2,3,0.12,0.03,0.05,51
179,3,Wednesday,2,4.1,4,1,2,0.07,0.02,0.03,48
179,3,Wednesday,3,3.51,3,1,1,0.05,0.02,0.02,47
179,3,Wednesday,4,3.73,3,2,1,0.05,0.03,0.02,51
179,3,Wednesday,5,9.79,9,7,2,0.15,0.12,0.03,52
179,3,Wednesday,6,28.79,29,17,11,0.48,0.28,0.18,52
179,3,Wednesday,7,54.67,53.5,32,21,0.89,0.53,0.35,52
179,3,Wednesday,8,94.63,96,66,29,1.6,1.1,0.48,52
179,3,Wednesday,9,88.35,90,52.5,36,1.5,0.88,0.6,52
179,3,Wednesday,10,87.17,85,45,38.5,1.42,0.75,0.64,52
179,3,Wednesday,11,95.12,95,52,42,1.58,0.87,0.7,52
179,3,Wednesday,12,105.67,107,56.5,49,1.78,0.94,0.82,52
179,3,Wednesday,13,99.27,100,51.5,46,1.67,0.86,0.77,52
179,3,Wednesday,14,98.1,94.5,50.5,47,1.57,0.84,0.78,52
179,3,Wednesday,15,105.56,103.5,51.5,53.5,1.73,0.86,0.89,52
179,3,Wednesday,16,118.67,120.5,61,60,2.01,1.02,1,52
179,3,Wednesday,17,147.27,144.5,74,72,2.41,1.23,1.2,52
179,3,Wednesday,18,150.62,151.5,75.5,73.5,2.52,1.26,1.23,52
179,3,Wednesday,19,128.63,129.5,64.5,67,2.16,1.07,1.12,52
179,3,Wednesday,20,106.23,104,51.5,52,1.73,0.86,0.87,52
179,3,Wednesday,21,98.54,89.5,48,47,1.49,0.8,0.78,52
179,3,Wednesday,22,75.13,73,33,36.5,1.22,0.55,0.61,52
179,3,Wednesday,23,35.48,29.5,14.5,15,0.49,0.24,0.25,52
179,4,Thursday,0,16.17,12,4,6.5,0.2,0.07,0.11,52
179,4,Thursday,1,9.59,6,3,3,0.1,0.05,0.05,51
179,4,Thursday,2,6.18,4,2,2,0.07,0.03,0.03,49
179,4,Thursday,3,5.09,3,1,2,0.05,0.02,0.03,46
179,4,Thursday,4,4.39,3,2,1,0.05,0.03,0.02,51
179,4,Thursday,5,10.9,11,8,3,0.18,0.13,0.05,52
179,4,Thursday,6,29.08,29,17,11,0.48,0.28,0.18,52
179,4,Thursday,7,50.31,53.5,33.5,19,0.89,0.56,0.32,52
179,4,Thursday,8,94.87,98,65.5,31,1.63,1.09,0.52,52
179,4,Thursday,9,92.54,92,57,36,1.53,0.95,0.6,52
179,4,Thursday,10,87.21,89,49,37.5,1.48,0.82,0.62,52
179,4,Thursday,11,98.81,100,52.5,45.5,1.67,0.88,0.76,52
179,4,Thursday,12,104.25,103,59,44.5,1.72,0.98,0.74,52
179,4,Thursday,13,106.12,106.5,55,49,1.77,0.92,0.82,52
179,4,Thursday,14,103.02,100.5,53,47,1.68,0.88,0.78,52
179,4,Thursday,15,108.94,107,53.5,53,1.78,0.89,0.88,52
179,4,Thursday,16,120.52,119,60,59.5,1.98,1,0.99,52
179,4,Thursday,17,148.23,154.5,74,74.5,2.58,1.23,1.24,52
179,4,Thursday,18,151.75,154,75.5,77.5,2.57,1.26,1.29,52
179,4,Thursday,19,131.81,129,64,65,2.15,1.07,1.08,52
179,4,Thursday,20,114.77,114.5,56,55,1.91,0.93,0.92,52
179,4,Thursday,21,103.37,101.5,48.5,53,1.69,0.81,0.88,52
179,4,Thursday,22,77.98,76,38.5,38.5,1.27,0.64,0.64,52
179,4,Thursday,23,39.63,38.5,18,20.5,0.64,0.3,0.34,52
179,5,Friday,0,17.96,17,7,9,0.28,0.12,0.15,53
179,5,Friday,1,8.96,8,4,4,0.13,0.07,0.07,53
179,5,Friday,2,5.68,5,2,3,0.08,0.03,0.05,50
179,5,Friday,3,4.96,4,2,2,0.07,0.03,0.03,48
179,5,Friday,4,4.64,4,2,1,0.07,0.03,0.02,53
179,5,Friday,5,11.51,12,9,3,0.2,0.15,0.05,53
179,5,Friday,6,27.17,27,16,10,0.45,0.27,0.17,53
179,5,Friday,7,47.36,49,30,19,0.82,0.5,0.32,53
179,5,Friday,8,86.96,87,59,29,1.45,0.98,0.48,53
179,5,Friday,9,93.47,92,52,39,1.53,0.87,0.65,53
179,5,Friday,10,96.11,95,55,43,1.58,0.92,0.72,53
179,5,Friday,11,104.85,101,56,45,1.68,0.93,0.75,53
179,5,Friday,12,112.58,112,59,53,1.87,0.98,0.88,53
179,5,Friday,13,111.32,110,57,54,1.83,0.95,0.9,53
179,5,Friday,14,109.04,108,54,54,1.8,0.9,0.9,53
179,5,Friday,15,121.94,122,60,60,2.03,1,1,53
179,5,Friday,16,129.98,129,67,59,2.15,1.12,0.98,53
179,5,Friday,17,161.58,162,87,76,2.7,1.45,1.27,53
179,5,Friday,18,167.77,166,88,77,2.77,1.47,1.28,53
179,5,Friday,19,146.04,142,75,69,2.37,1.25,1.15,53
179,5,Friday,20,132.3,132,70,63,2.2,1.17,1.05,53
179,5,Friday,21,117.08,120,58,60,2,0.97,1,53
179,5,Friday,22,102.81,104,49,53,1.73,0.82,0.88,53
179,5,Friday,23,61.62,59,27,30,0.98,0.45,0.5,53
179,6,Saturday,0,31.08,29.5,13,16.5,0.49,0.22,0.28,52
179,6,Saturday,1,18.08,17.5,7,10,0.29,0.12,0.17,52
179,6,Saturday,2,11.87,11.5,4,7,0.19,0.07,0.12,52
179,6,Saturday,3,9.23,8,3,4.5,0.13,0.05,0.07,52
179,6,Saturday,4,8.96,8,4,4.5,0.13,0.07,0.07,52
179,6,Saturday,5,7.9,6,4,3,0.1,0.07,0.05,52
179,6,Saturday,6,12.77,11,7,4,0.18,0.12,0.07,52
179,6,Saturday,7,30.37,30,19,11,0.5,0.32,0.18,52
179,6,Saturday,8,52.9,51,34,18,0.85,0.57,0.3,52
179,6,Saturday,9,87.44,89,49.5,38.5,1.48,0.82,0.64,52
179,6,Saturday,10,110.23,107,58.5,50,1.78,0.98,0.83,52
179,6,Saturday,11,118.08,118,66,50,1.97,1.1,0.83,52
179,6,Saturday,12,125.88,124,69.5,54.5,2.07,1.16,0.91,52
179,6,Saturday,13,119.29,115,62,55,1.92,1.03,0.92,52
179,6,Saturday,14,125.5,125.5,65.5,61.5,2.09,1.09,1.02,52
179,6,Saturday,15,119.87,119.5,63,58,1.99,1.05,0.97,52
179,6,Saturday,16,125.77,123.5,63,58.5,2.06,1.05,0.98,52
179,6,Saturday,17,134.83,131.5,71.5,60.5,2.19,1.19,1.01,52
179,6,Saturday,18,148.02,146.5,79.5,66.5,2.44,1.32,1.11,52
179,6,Saturday,19,144.79,151,82.5,65.5,2.52,1.38,1.09,52
179,6,Saturday,20,131.17,134.5,70,61.5,2.24,1.17,1.02,52
179,6,Saturday,21,116.58,116.5,59,57,1.94,0.98,0.95,52
179,6,Saturday,22,109.81,111.5,53.5,56,1.86,0.89,0.93,52
179,6,Saturday,23,61.33,58,29.5,29.5,0.97,0.49,0.49,52
179,7,Sunday,0,33.77,32,14.5,18.5,0.53,0.24,0.31,52
179,7,Sunday,1,21.46,20,9,11,0.33,0.15,0.18,52
179,7,Sunday,2,15.73,16,6,9,0.27,0.1,0.15,51
179,7,Sunday,3,11.45,11,5,5,0.18,0.08,0.08,51
179,7,Sunday,4,9.94,10,4,5,0.17,0.07,0.08,51
179,7,Sunday,5,8.43,8,4,3,0.13,0.07,0.05,51
179,7,Sunday,6,11.9,12,7,4.5,0.2,0.12,0.07,52
179,7,Sunday,7,23.63,21,13,9,0.35,0.22,0.15,52
179,7,Sunday,8,42.83,42.5,27,16.5,0.71,0.45,0.28,52
179,7,Sunday,9,75.54,75,43,30,1.25,0.72,0.5,52
179,7,Sunday,10,103.31,100,60.5,43,1.67,1.01,0.72,52
179,7,Sunday,11,107.1,107,60,48,1.78,1,0.8,52
179,7,Sunday,12,112.35,111,63.5,50,1.85,1.06,0.83,52
179,7,Sunday,13,110.4,109.5,59.5,51,1.82,0.99,0.85,52
179,7,Sunday,14,110.08,107.5,55.5,52.5,1.79,0.92,0.88,52
179,7,Sunday,15,109.62,112.5,55.5,54,1.88,0.92,0.9,52
179,7,Sunday,16,109.27,108,54,51,1.8,0.9,0.85,52
179,7,Sunday,17,118.79,115,60,56.5,1.92,1,0.94,52
179,7,Sunday,18,127.85,124,66,58.5,2.07,1.1,0.98,52
179,7,Sunday,19,121.37,118,62,58,1.97,1.03,0.97,52
179,7,Sunday,20,110.15,113.5,57.5,51.5,1.89,0.96,0.86,52
179,7,Sunday,21,96.73,96.5,46,47.5,1.61,0.77,0.79,52
179,7,Sunday,22,70.96,65.5,33,32.5,1.09,0.55,0.54,52
179,7,Sunday,23,35.54,34.5,19,16,0.58,0.32,0.27,52
180,1,Monday,0,2.82,1.5,1,1,0.03,0.02,0.02,22
180,1,Monday,1,1.23,1,1,1,0.02,0.02,0.02,13
180,1,Monday,2,1.83,1,1,0,0.02,0.02,0,6
180,1,Monday,3,1.33,1,1,1,0.02,0.02,0.02,9
180,1,Monday,4,1.4,1,1,0,0.02,0.02,0,15
180,1,Monday,5,4.82,3,2,1,0.05,0.03,0.02,49
180,1,Monday,6,21.73,24,13,7,0.4,0.22,0.12,51
180,1,Monday,7,86.44,86,70.5,18,1.43,1.18,0.3,52
180,1,Monday,8,156.2,169,126,37,2.82,2.1,0.62,51
180,1,Monday,9,86.18,88,63,25,1.47,1.05,0.42,51
180,1,Monday,10,69.92,70,47,24,1.17,0.78,0.4,51
180,1,Monday,11,68.19,67.5,43,25,1.12,0.72,0.42,52
180,1,Monday,12,86.25,84,46,38.5,1.4,0.77,0.64,52
180,1,Monday,13,82.38,80,40,39.5,1.33,0.67,0.66,52
180,1,Monday,14,78,73.5,37.5,36.5,1.23,0.62,0.61,52
180,1,Monday,15,89.63,83.5,38.5,49,1.39,0.64,0.82,52
180,1,Monday,16,110.08,107.5,48,59,1.79,0.8,0.98,52
180,1,Monday,17,140.88,144.5,57.5,86,2.41,0.96,1.43,52
180,1,Monday,18,69.92,75,28,43,1.25,0.47,0.72,52
180,1,Monday,19,40.92,23,11.5,14,0.38,0.19,0.23,52
180,1,Monday,20,22.19,13,5.5,7,0.22,0.09,0.12,52
180,1,Monday,21,8.15,7,3,4,0.12,0.05,0.07,52
180,1,Monday,22,4.4,4,1,3,0.07,0.02,0.05,47
180,1,Monday,23,2.68,2,1,1,0.03,0.02,0.02,38
180,2,Tuesday,0,1.7,1,1,1,0.02,0.02,0.02,27
180,2,Tuesday,1,1.07,1,1,0,0.02,0.02,0,14
180,2,Tuesday,2,1.2,1,1,0.5,0.02,0.02,0.01,10
180,2,Tuesday,3,1.33,1,1,1,0.02,0.02,0.02,3
180,2,Tuesday,4,1.08,1,1,0,0.02,0.02,0,12
180,2,Tuesday,5,5,4,3,1,0.07,0.05,0.02,47
180,2,Tuesday,6,26.83,25.5,17.5,8,0.42,0.29,0.13,52
180,2,Tuesday,7,96.04,96,78.5,20,1.6,1.31,0.33,52
180,2,Tuesday,8,185.62,187.5,146.5,38.5,3.12,2.44,0.64,52
180,2,Tuesday,9,92.87,90.5,65,26,1.51,1.08,0.43,52
180,2,Tuesday,10,70.25,70.5,45,23,1.18,0.75,0.38,52
180,2,Tuesday,11,67.54,63,39.5,25,1.05,0.66,0.42,52
180,2,Tuesday,12,85.25,87.5,47,36.5,1.46,0.78,0.61,52
180,2,Tuesday,13,83,80.5,43.5,40,1.34,0.72,0.67,52
180,2,Tuesday,14,74.92,77,40,34,1.28,0.67,0.57,52
180,2,Tuesday,15,84.15,78.5,37,41,1.31,0.62,0.68,52
180,2,Tuesday,16,113.58,113.5,49.5,63,1.89,0.82,1.05,52
180,2,Tuesday,17,152.62,154,61,94.5,2.57,1.02,1.57,52
180,2,Tuesday,18,74.92,71.5,29,41,1.19,0.48,0.68,52
180,2,Tuesday,19,42.79,31,13.5,15.5,0.52,0.22,0.26,52
180,2,Tuesday,20,22.98,13,6,8,0.22,0.1,0.13,52
180,2,Tuesday,21,10.1,8.5,3,5,0.14,0.05,0.08,50
180,2,Tuesday,22,4.9,4,1.5,2,0.07,0.03,0.03,48
180,2,Tuesday,23,2.88,3,1,1,0.05,0.02,0.02,42
180,3,Wednesday,0,2,2,1,1,0.03,0.02,0.02,28
180,3,Wednesday,1,1,1,1,0,0.02,0.02,0,5
180,3,Wednesday,2,1,1,0,1,0.02,0,0.02,3
180,3,Wednesday,3,1,1,0.5,0.5,0.02,0.01,0.01,8
180,3,Wednesday,4,1.62,2,1,0.5,0.03,0.02,0.01,16
180,3,Wednesday,5,5.31,4,3,1,0.07,0.05,0.02,51
180,3,Wednesday,6,28.77,27,19.5,10,0.45,0.32,0.17,52
180,3,Wednesday,7,97.06,101.5,80,19,1.69,1.33,0.32,52
180,3,Wednesday,8,171.94,182,141,38,3.03,2.35,0.63,52
180,3,Wednesday,9,96.33,97,68.5,27,1.62,1.14,0.45,52
180,3,Wednesday,10,69.69,68.5,46,21,1.14,0.77,0.35,52
180,3,Wednesday,11,75.92,74,44,32.5,1.23,0.73,0.54,52
180,3,Wednesday,12,85.17,81.5,47,37,1.36,0.78,0.62,52
180,3,Wednesday,13,80.62,75,40.5,36.5,1.25,0.68,0.61,52
180,3,Wednesday,14,75.67,72,37.5,34.5,1.2,0.62,0.58,52
180,3,Wednesday,15,92.58,94,40,49.5,1.57,0.67,0.82,52
180,3,Wednesday,16,118.5,124,53.5,66,2.07,0.89,1.1,52
180,3,Wednesday,17,148.79,149,59,86,2.48,0.98,1.43,52
180,3,Wednesday,18,78.42,79,33.5,47,1.32,0.56,0.78,52
180,3,Wednesday,19,43.79,31,17.5,16,0.52,0.29,0.27,52
180,3,Wednesday,20,25.75,15.5,7,8,0.26,0.12,0.13,52
180,3,Wednesday,21,10.73,8,3.5,5,0.13,0.06,0.08,52
180,3,Wednesday,22,6.84,6,2,4,0.1,0.03,0.07,50
180,3,Wednesday,23,3,2,1,2,0.03,0.02,0.03,46
180,4,Thursday,0,2.36,1,0,1,0.02,0,0.02,22
180,4,Thursday,1,3.18,1,1,1,0.02,0.02,0.02,11
180,4,Thursday,2,1.8,1,1,1,0.02,0.02,0.02,10
180,4,Thursday,3,1.12,1,1,0,0.02,0.02,0,8
180,4,Thursday,4,1.31,1,1,1,0.02,0.02,0.02,13
180,4,Thursday,5,5.18,3,2,1,0.05,0.03,0.02,49
180,4,Thursday,6,27,29,19,9,0.48,0.32,0.15,51
180,4,Thursday,7,101.68,100.5,83,20,1.68,1.38,0.33,50
180,4,Thursday,8,183.16,188,149,37.5,3.13,2.48,0.62,50
180,4,Thursday,9,88.69,86,59,25,1.43,0.98,0.42,51
180,4,Thursday,10,65.98,67,43,22,1.12,0.72,0.37,51
180,4,Thursday,11,67.29,63,41.5,22,1.05,0.69,0.37,52
180,4,Thursday,12,82.04,81.5,46,36,1.36,0.77,0.6,52
180,4,Thursday,13,78.46,78.5,41,37.5,1.31,0.68,0.62,52
180,4,Thursday,14,77.79,76.5,38,37,1.27,0.63,0.62,52
180,4,Thursday,15,89.81,84,39,45.5,1.4,0.65,0.76,52
180,4,Thursday,16,113.94,106.5,49.5,63,1.77,0.82,1.05,52
180,4,Thursday,17,148.87,157,63,91,2.62,1.05,1.52,52
180,4,Thursday,18,76.04,80.5,36,40,1.34,0.6,0.67,52
180,4,Thursday,19,42.94,26,12.5,14,0.43,0.21,0.23,52
180,4,Thursday,20,25.4,18.5,8,9.5,0.31,0.13,0.16,52
180,4,Thursday,21,11.35,10,4,6,0.17,0.07,0.1,52
180,4,Thursday,22,7.67,7,2,4,0.12,0.03,0.07,51
180,4,Thursday,23,3.79,3,1,2,0.05,0.02,0.03,47
180,5,Friday,0,1.58,1,0,1,0.02,0,0.02,31
180,5,Friday,1,1.6,1.5,1,1,0.03,0.02,0.02,20
180,5,Friday,2,2.86,2,1,1,0.03,0.02,0.02,7
180,5,Friday,3,1,1,0.5,0.5,0.02,0.01,0.01,4
180,5,Friday,4,1.09,1,1,0,0.02,0.02,0,11
180,5,Friday,5,4.28,3,3,1,0.05,0.05,0.02,50
180,5,Friday,6,26.87,27.5,17,10,0.46,0.28,0.17,52
180,5,Friday,7,80.02,82,61,19,1.37,1.02,0.32,53
180,5,Friday,8,147,157,118,36,2.62,1.97,0.6,53
180,5,Friday,9,91.81,88,63,26,1.47,1.05,0.43,53
180,5,Friday,10,75.6,72,49,23,1.2,0.82,0.38,53
180,5,Friday,11,78.51,77,50,29,1.28,0.83,0.48,53
180,5,Friday,12,91.25,86,49,43,1.43,0.82,0.72,53
180,5,Friday,13,92.26,86,46,40,1.43,0.77,0.67,53
180,5,Friday,14,94.77,91,46,46,1.52,0.77,0.77,53
180,5,Friday,15,98.81,93,44,51,1.55,0.73,0.85,53
180,5,Friday,16,114.04,106,53,56,1.77,0.88,0.93,53
180,5,Friday,17,134.58,133,68,67,2.22,1.13,1.12,52
180,5,Friday,18,69.13,68.5,35,31,1.14,0.58,0.52,52
180,5,Friday,19,46.75,39.5,19.5,21.5,0.66,0.32,0.36,52
180,5,Friday,20,27.43,17,8,6,0.28,0.13,0.1,51
180,5,Friday,21,15.17,12.5,6,6,0.21,0.1,0.1,52
180,5,Friday,22,10.53,9,3,5,0.15,0.05,0.08,51
180,5,Friday,23,8.22,5,2,3,0.08,0.03,0.05,51
180,6,Saturday,0,3.98,3,1,2,0.05,0.02,0.03,45
180,6,Saturday,1,2.32,1,0,1,0.02,0,0.02,31
180,6,Saturday,2,1.52,1,1,1,0.02,0.02,0.02,21
180,6,Saturday,3,2.2,1,0,1,0.02,0,0.02,15
180,6,Saturday,4,1.38,1,1,0,0.02,0.02,0,13
180,6,Saturday,5,1.82,1.5,1,0,0.03,0.02,0,34
180,6,Saturday,6,9.14,9,6,2,0.15,0.1,0.03,49
180,6,Saturday,7,31.82,30,21,9,0.5,0.35,0.15,51
180,6,Saturday,8,48.41,48,32,16,0.8,0.53,0.27,51
180,6,Saturday,9,84.98,86,54.5,27.5,1.43,0.91,0.46,52
180,6,Saturday,10,97.75,94.5,58.5,34.5,1.57,0.98,0.58,52
180,6,Saturday,11,116.73,109,72.5,39,1.82,1.21,0.65,52
180,6,Saturday,12,116.56,114.5,70.5,47,1.91,1.18,0.78,52
180,6,Saturday,13,109.04,105,61,44,1.75,1.02,0.73,52
180,6,Saturday,14,109.81,106,59,48.5,1.77,0.98,0.81,52
180,6,Saturday,15,103.31,102,48,55,1.7,0.8,0.92,52
180,6,Saturday,16,105.75,108,52,52,1.8,0.87,0.87,52
180,6,Saturday,17,101.62,99,49,50.5,1.65,0.82,0.84,52
180,6,Saturday,18,61.25,60.5,33.5,30,1.01,0.56,0.5,52
180,6,Saturday,19,47.65,37.5,19,20.5,0.62,0.32,0.34,52
180,6,Saturday,20,25.51,17,10,7,0.28,0.17,0.12,51
180,6,Saturday,21,13.53,10,5,5,0.17,0.08,0.08,51
180,6,Saturday,22,10.12,10,4,4,0.17,0.07,0.07,51
180,6,Saturday,23,7.58,7,3,3,0.12,0.05,0.05,48
180,7,Sunday,0,5.24,4,1,3,0.07,0.02,0.05,45
180,7,Sunday,1,3.91,2,1,1,0.03,0.02,0.02,34
180,7,Sunday,2,2.04,2,0,1,0.03,0,0.02,25
180,7,Sunday,3,2.1,1,1,1,0.02,0.02,0.02,20
180,7,Sunday,4,1.25,1,1,0,0.02,0.02,0,20
180,7,Sunday,5,1.75,1,1,0,0.02,0.02,0,28
180,7,Sunday,6,7,6,4,2,0.1,0.07,0.03,47
180,7,Sunday,7,19.27,19,13,5,0.32,0.22,0.08,51
180,7,Sunday,8,35.73,34,25,9,0.57,0.42,0.15,51
180,7,Sunday,9,67.63,64,46,19,1.07,0.77,0.32,51
180,7,Sunday,10,85.77,78.5,52.5,27.5,1.31,0.88,0.46,52
180,7,Sunday,11,100.98,100,62,37,1.67,1.03,0.62,52
180,7,Sunday,12,103.67,93.5,54,37.5,1.56,0.9,0.62,52
180,7,Sunday,13,97.67,90,54,40,1.5,0.9,0.67,52
180,7,Sunday,14,101.12,93,48,51,1.55,0.8,0.85,52
180,7,Sunday,15,92.46,88,45,44.5,1.47,0.75,0.74,52
180,7,Sunday,16,95.42,79.5,40,44.5,1.32,0.67,0.74,52
180,7,Sunday,17,81.87,78.5,34.5,44,1.31,0.58,0.73,52
180,7,Sunday,18,48.21,45.5,19,25.5,0.76,0.32,0.42,52
180,7,Sunday,19,32.02,18.5,8,11.5,0.31,0.13,0.19,52
180,7,Sunday,20,18.6,10,4.5,5.5,0.17,0.07,0.09,52
180,7,Sunday,21,8.96,8,3.5,4,0.13,0.06,0.07,52
180,7,Sunday,22,5.16,4,1,3,0.07,0.02,0.05,49
180,7,Sunday,23,3.28,2,1,1,0.03,0.02,0.02,40
181,1,Monday,0,288.75,277.5,149,122,4.62,2.48,2.03,52
181,1,Monday,1,187.85,173,88,87,2.88,1.47,1.45,52
181,1,Monday,2,112.08,105.5,48,55.5,1.76,0.8,0.92,52
181,1,Monday,3,71.08,66,29,34,1.1,0.48,0.57,52
181,1,Monday,4,57.81,52.5,21,31.5,0.88,0.35,0.52,52
181,1,Monday,5,76.79,76,26.5,51,1.27,0.44,0.85,52
181,1,Monday,6,184.17,176.5,75,100,2.94,1.25,1.67,52
181,1,Monday,7,384.5,390.5,173,219.5,6.51,2.88,3.66,52
181,1,Monday,8,741.96,763.5,366.5,401,12.72,6.11,6.68,52
181,1,Monday,9,732.25,726.5,317.5,415,12.11,5.29,6.92,52
181,1,Monday,10,873.52,885.5,333,549,14.76,5.55,9.15,52
181,1,Monday,11,1070.48,1066,419,642.5,17.77,6.98,10.71,52
181,1,Monday,12,1479.88,1483,633.5,854.5,24.72,10.56,14.24,52
181,1,Monday,13,1546.31,1570,677.5,884,26.17,11.29,14.73,52
181,1,Monday,14,1458.63,1474,634,829.5,24.57,10.57,13.82,52
181,1,Monday,15,1552.46,1581.5,687,897.5,26.36,11.45,14.96,52
181,1,Monday,16,1725.54,1781.5,757,1005,29.69,12.62,16.75,52
181,1,Monday,17,2010.37,2048,931,1097,34.13,15.52,18.28,51
181,1,Monday,18,1845.8,1850,943,915,30.83,15.72,15.25,51
181,1,Monday,19,1528.31,1519.5,784.5,757.5,25.32,13.07,12.62,52
181,1,Monday,20,1273.23,1264.5,663,583,21.08,11.05,9.72,52
181,1,Monday,21,1030.23,1012,553,455,16.87,9.22,7.58,52
181,1,Monday,22,745.75,740.5,417,315.5,12.34,6.95,5.26,52
181,1,Monday,23,433.15,426.5,234,194,7.11,3.9,3.23,52
181,2,Tuesday,0,252.31,252,136,111.5,4.2,2.27,1.86,52
181,2,Tuesday,1,158.12,159.5,82.5,74.5,2.66,1.38,1.24,52
181,2,Tuesday,2,93.27,94,46.5,48,1.57,0.78,0.8,52
181,2,Tuesday,3,54.67,54.5,27,25,0.91,0.45,0.42,52
181,2,Tuesday,4,49.46,51,21.5,27.5,0.85,0.36,0.46,52
181,2,Tuesday,5,74.69,75.5,27.5,48,1.26,0.46,0.8,52
181,2,Tuesday,6,213.15,203.5,103.5,106,3.39,1.73,1.77,52
181,2,Tuesday,7,438.4,438,204,233.5,7.3,3.4,3.89,52
181,2,Tuesday,8,880.79,844,423,425,14.07,7.05,7.08,52
181,2,Tuesday,9,821.63,805.5,369.5,433.5,13.43,6.16,7.22,52
181,2,Tuesday,10,961.29,928.5,395.5,557,15.47,6.59,9.28,52
181,2,Tuesday,11,1183.1,1155.5,468.5,689,19.26,7.81,11.48,52
181,2,Tuesday,12,1662.21,1638,693.5,949.5,27.3,11.56,15.82,52
181,2,Tuesday,13,1733.94,1740,732,993.5,29,12.2,16.56,52
181,2,Tuesday,14,1561.08,1584.5,654.5,931,26.41,10.91,15.52,52
181,2,Tuesday,15,1664.52,1714.5,685,1012.5,28.58,11.42,16.88,52
181,2,Tuesday,16,1865.6,1864.5,766.5,1125,31.08,12.78,18.75,52
181,2,Tuesday,17,2096.85,2198,959.5,1142.5,36.63,15.99,19.04,52
181,2,Tuesday,18,1947.21,1946.5,988.5,939.5,32.44,16.48,15.66,52
181,2,Tuesday,19,1618.31,1622,816,818.5,27.03,13.6,13.64,52
181,2,Tuesday,20,1341.15,1370.5,695,654,22.84,11.58,10.9,52
181,2,Tuesday,21,1083.83,1077.5,593.5,501,17.96,9.89,8.35,52
181,2,Tuesday,22,794.92,783,451,339.5,13.05,7.52,5.66,52
181,2,Tuesday,23,470.4,484,265,208.5,8.07,4.42,3.48,52
181,3,Wednesday,0,260.06,262.5,142,117,4.38,2.37,1.95,52
181,3,Wednesday,1,165.94,167.5,85.5,78,2.79,1.43,1.3,52
181,3,Wednesday,2,88.58,87,41,44,1.45,0.68,0.73,52
181,3,Wednesday,3,53.96,52,28,25,0.87,0.47,0.42,52
181,3,Wednesday,4,51.6,51,22,29,0.85,0.37,0.48,52
181,3,Wednesday,5,76.73,75.5,26,50.5,1.26,0.43,0.84,52
181,3,Wednesday,6,223.17,220,109,112,3.67,1.82,1.87,52
181,3,Wednesday,7,449.29,442.5,198.5,238,7.38,3.31,3.97,52
181,3,Wednesday,8,855.04,833,405.5,432,13.88,6.76,7.2,52
181,3,Wednesday,9,794.22,776,345,439,12.93,5.75,7.32,51
181,3,Wednesday,10,894.61,889,345,557,14.82,5.75,9.28,51
181,3,Wednesday,11,1108.8,1106,428,668,18.43,7.13,11.13,51
181,3,Wednesday,12,1555.63,1532,648,890,25.53,10.8,14.83,51
181,3,Wednesday,13,1643.75,1628,709,945,27.13,11.82,15.75,51
181,3,Wednesday,14,1515.49,1524,660,882,25.4,11,14.7,51
181,3,Wednesday,15,1626.22,1662,713,948,27.7,11.88,15.8,51
181,3,Wednesday,16,1914.08,1923,838,1086,32.05,13.97,18.1,51
181,3,Wednesday,17,2253.27,2256,1074,1212,37.6,17.9,20.2,51
181,3,Wednesday,18,2126.67,2174,1096,1072,36.23,18.27,17.87,51
181,3,Wednesday,19,1803.16,1823,890,911,30.38,14.83,15.18,51
181,3,Wednesday,20,1494.86,1510,736,772,25.17,12.27,12.87,51
181,3,Wednesday,21,1235.18,1214,615,613,20.23,10.25,10.22,51
181,3,Wednesday,22,900.1,887,483,403,14.78,8.05,6.72,51
181,3,Wednesday,23,510.14,485,267,228,8.08,4.45,3.8,51
181,4,Thursday,0,302.41,278,160,124,4.63,2.67,2.07,51
181,4,Thursday,1,193.1,172,89,80,2.87,1.48,1.33,51
181,4,Thursday,2,110.84,95,44,47,1.58,0.73,0.78,51
181,4,Thursday,3,69.59,61,30,29,1.02,0.5,0.48,51
181,4,Thursday,4,57.9,53,25,30,0.88,0.42,0.5,51
181,4,Thursday,5,84.35,84,31,53,1.4,0.52,0.88,51
181,4,Thursday,6,217.1,214,106,107,3.57,1.77,1.78,51
181,4,Thursday,7,424.04,419,192,230,6.98,3.2,3.83,51
181,4,Thursday,8,866.73,877.5,428.5,442,14.62,7.14,7.37,52
181,4,Thursday,9,822.77,829,370.5,455,13.82,6.18,7.58,52
181,4,Thursday,10,939.25,944.5,383,569,15.74,6.38,9.48,52
181,4,Thursday,11,1187.17,1170,489,693.5,19.5,8.15,11.56,52
181,4,Thursday,12,1669.63,1668.5,720.5,953.5,27.81,12.01,15.89,52
181,4,Thursday,13,1754.69,1784,753.5,1013.5,29.73,12.56,16.89,52
181,4,Thursday,14,1596.67,1569,651.5,938.5,26.15,10.86,15.64,52
181,4,Thursday,15,1667.54,1708.5,670.5,1028.5,28.48,11.18,17.14,52
181,4,Thursday,16,1869.48,1971.5,783,1142.5,32.86,13.05,19.04,52
181,4,Thursday,17,2204.92,2282,1029.5,1218,38.03,17.16,20.3,52
181,4,Thursday,18,2067.44,2098,1031,1061.5,34.97,17.18,17.69,52
181,4,Thursday,19,1751.35,1725.5,854,867,28.76,14.23,14.45,52
181,4,Thursday,20,1545.69,1537.5,813,736.5,25.62,13.55,12.28,52
181,4,Thursday,21,1321.63,1322,727,572.5,22.03,12.12,9.54,52
181,4,Thursday,22,944.75,926.5,524,396.5,15.44,8.73,6.61,52
181,4,Thursday,23,604.1,583,332.5,250.5,9.72,5.54,4.18,52
181,5,Friday,0,316.72,304,172,131,5.07,2.87,2.18,53
181,5,Friday,1,199.7,187,103,85,3.12,1.72,1.42,53
181,5,Friday,2,117.15,110,59,53,1.83,0.98,0.88,53
181,5,Friday,3,76.64,72,44,30,1.2,0.73,0.5,53
181,5,Friday,4,58.55,56,28,28,0.93,0.47,0.47,53
181,5,Friday,5,81.06,80,32,49,1.33,0.53,0.82,53
181,5,Friday,6,201.11,205,97,103,3.42,1.62,1.72,53
181,5,Friday,7,359.15,360,146,211,6,2.43,3.52,53
181,5,Friday,8,711.64,700,313,396,11.67,5.22,6.6,53
181,5,Friday,9,795.13,792,338,462,13.2,5.63,7.7,53
181,5,Friday,10,997.3,996,395,601,16.6,6.58,10.02,53
181,5,Friday,11,1226.98,1240,493,743,20.67,8.22,12.38,53
181,5,Friday,12,1623.58,1623,681,948,27.05,11.35,15.8,53
181,5,Friday,13,1738.02,1740,726,1003,29,12.1,16.72,53
181,5,Friday,14,1683.87,1699,709,992,28.32,11.82,16.53,53
181,5,Friday,15,1815.21,1877,751,1083,31.28,12.52,18.05,53
181,5,Friday,16,1900.04,1963,861,1081,32.72,14.35,18.02,53
181,5,Friday,17,2199.91,2244,1045,1193,37.4,17.42,19.88,53
181,5,Friday,18,2164.26,2173,1043,1123,36.22,17.38,18.72,53
181,5,Friday,19,1960.51,1928,916,1043,32.13,15.27,17.38,53
181,5,Friday,20,1803.74,1830,925,875,30.5,15.42,14.58,53
181,5,Friday,21,1588.75,1594,859,732,26.57,14.32,12.2,53
181,5,Friday,22,1268.08,1302,649,607,21.7,10.82,10.12,53
181,5,Friday,23,874.85,881,468,409,14.68,7.8,6.82,53
181,6,Saturday,0,525.35,516.5,277,242.5,8.61,4.62,4.04,52
181,6,Saturday,1,327.54,326.5,161.5,158,5.44,2.69,2.63,52
181,6,Saturday,2,230.88,225,123.5,106,3.75,2.06,1.77,52
181,6,Saturday,3,172.98,172,96.5,71.5,2.87,1.61,1.19,52
181,6,Saturday,4,109.52,104.5,56,45,1.74,0.93,0.75,52
181,6,Saturday,5,80.13,79.5,34,44,1.32,0.57,0.73,52
181,6,Saturday,6,102.37,97,32,69.5,1.62,0.53,1.16,52
181,6,Saturday,7,197.94,196,68.5,126,3.27,1.14,2.1,52
181,6,Saturday,8,356.38,354.5,128,221.5,5.91,2.13,3.69,52
181,6,Saturday,9,708.79,719,261.5,442,11.98,4.36,7.37,52
181,6,Saturday,10,1085.15,1107,415,689.5,18.45,6.92,11.49,52
181,6,Saturday,11,1466.04,1479,573.5,898,24.65,9.56,14.97,52
181,6,Saturday,12,1819.88,1816,729.5,1097.5,30.27,12.16,18.29,52
181,6,Saturday,13,2068.38,2089.5,860,1223,34.83,14.33,20.38,52
181,6,Saturday,14,2126.85,2088.5,885.5,1225,34.81,14.76,20.42,52
181,6,Saturday,15,2099.42,2128,911,1229.5,35.47,15.18,20.49,52
181,6,Saturday,16,1992.35,2053.5,916,1139,34.23,15.27,18.98,52
181,6,Saturday,17,2006.9,2098.5,1003.5,1038,34.98,16.73,17.3,52
181,6,Saturday,18,2026.1,2058,1019.5,1065,34.3,16.99,17.75,52
181,6,Saturday,19,1935.81,1951.5,977.5,977.5,32.52,16.29,16.29,52
181,6,Saturday,20,1635.83,1671,834.5,815,27.85,13.91,13.58,52
181,6,Saturday,21,1454.25,1428,752,692,23.8,12.53,11.53,52
181,6,Saturday,22,1199.42,1170.5,628.5,555.5,19.51,10.47,9.26,52
181,6,Saturday,23,888.94,883,461.5,409,14.72,7.69,6.82,52
181,7,Sunday,0,554.15,548.5,293.5,254,9.14,4.89,4.23,52
181,7,Sunday,1,369.5,363,184.5,174,6.05,3.08,2.9,52
181,7,Sunday,2,250.35,241,131,113,4.02,2.18,1.88,51
181,7,Sunday,3,185.88,178.5,101.5,77.5,2.98,1.69,1.29,52
181,7,Sunday,4,125.37,118,66.5,53.5,1.97,1.11,0.89,52
181,7,Sunday,5,92.92,91,44.5,46,1.52,0.74,0.77,52
181,7,Sunday,6,94.9,94,30,60,1.57,0.5,1,52
181,7,Sunday,7,172.58,176,53.5,118,2.93,0.89,1.97,52
181,7,Sunday,8,326.48,321.5,108.5,214,5.36,1.81,3.57,52
181,7,Sunday,9,692.88,689,228.5,460,11.48,3.81,7.67,52
181,7,Sunday,10,1061.87,1077.5,382.5,682.5,17.96,6.38,11.38,52
181,7,Sunday,11,1363.56,1370,551.5,831,22.83,9.19,13.85,52
181,7,Sunday,12,1724.71,1751.5,746,1005,29.19,12.43,16.75,52
181,7,Sunday,13,1978.02,1959.5,817,1163.5,32.66,13.62,19.39,52
181,7,Sunday,14,2002.67,2007.5,847.5,1165.5,33.46,14.12,19.42,52
181,7,Sunday,15,1903.54,1912,794,1105.5,31.87,13.23,18.42,52
181,7,Sunday,16,1804.08,1811,828.5,1012,30.18,13.81,16.87,52
181,7,Sunday,17,1751.9,1778.5,902,877.5,29.64,15.03,14.62,52
181,7,Sunday,18,1733.38,1742,897,840,29.03,14.95,14,52
181,7,Sunday,19,1558.25,1594.5,821.5,757,26.58,13.69,12.62,52
181,7,Sunday,20,1300.38,1341,689,635,22.35,11.48,10.58,52
181,7,Sunday,21,1081.23,1086.5,602,478.5,18.11,10.03,7.97,52
181,7,Sunday,22,821.4,796,458,329,13.27,7.63,5.48,52
181,7,Sunday,23,521.88,507,287,217,8.45,4.78,3.62,52
182,1,Monday,0,124.42,102.5,52,51.5,1.71,0.87,0.86,52
182,1,Monday,1,79.27,69,33,34,1.15,0.55,0.57,52
182,1,Monday,2,58.35,53.5,27,25.5,0.89,0.45,0.42,52
182,1,Monday,3,46.9,37,17,19,0.62,0.28,0.32,52
182,1,Monday,4,41.12,33,14.5,19,0.55,0.24,0.32,52
182,1,Monday,5,45.08,43,15,27,0.72,0.25,0.45,52
182,1,Monday,6,75.02,72.5,29,43,1.21,0.48,0.72,52
182,1,Monday,7,120.83,111.5,47,67,1.86,0.78,1.12,52
182,1,Monday,8,270.65,276,89.5,188,4.6,1.49,3.13,52
182,1,Monday,9,244.06,243,96,146.5,4.05,1.6,2.44,52
182,1,Monday,10,298.87,287.5,131,162,4.79,2.18,2.7,52
182,1,Monday,11,332.58,331.5,166,162.5,5.53,2.77,2.71,52
182,1,Monday,12,569.56,581,323,261,9.68,5.38,4.35,52
182,1,Monday,13,560.37,561.5,268.5,293,9.36,4.47,4.88,52
182,1,Monday,14,392.77,385,190,193,6.42,3.17,3.22,52
182,1,Monday,15,360.9,351,193.5,164.5,5.85,3.22,2.74,52
182,1,Monday,16,368.98,367.5,200.5,166.5,6.12,3.34,2.78,52
182,1,Monday,17,495.4,499,314,182.5,8.32,5.23,3.04,52
182,1,Monday,18,479.27,478.5,275,206,7.97,4.58,3.43,52
182,1,Monday,19,441.4,443.5,231,209,7.39,3.85,3.48,52
182,1,Monday,20,387.4,386,193,190,6.43,3.22,3.17,52
182,1,Monday,21,320.4,312.5,154.5,149,5.21,2.58,2.48,52
182,1,Monday,22,231.88,210,106,104.5,3.5,1.77,1.74,52
182,1,Monday,23,151.98,135,66.5,72,2.25,1.11,1.2,52
182,2,Tuesday,0,90.44,76.5,40.5,37,1.27,0.68,0.62,52
182,2,Tuesday,1,55.54,54.5,28,25.5,0.91,0.47,0.42,52
182,2,Tuesday,2,41.04,37,20.5,19,0.62,0.34,0.32,52
182,2,Tuesday,3,27.9,25,12,13,0.42,0.2,0.22,52
182,2,Tuesday,4,28.33,26.5,11,15,0.44,0.18,0.25,52
182,2,Tuesday,5,43.77,44,15.5,27,0.73,0.26,0.45,52
182,2,Tuesday,6,77.56,78,31,48,1.3,0.52,0.8,52
182,2,Tuesday,7,137.48,131.5,57,78,2.19,0.95,1.3,52
182,2,Tuesday,8,313.52,311.5,99.5,215.5,5.19,1.66,3.59,52
182,2,Tuesday,9,272.9,262,115.5,148,4.37,1.93,2.47,52
182,2,Tuesday,10,309.1,301.5,142,153.5,5.03,2.37,2.56,52
182,2,Tuesday,11,348.94,346,184.5,160,5.77,3.08,2.67,52
182,2,Tuesday,12,677.08,680.5,377,303,11.34,6.28,5.05,52
182,2,Tuesday,13,636.5,643,305,332.5,10.72,5.08,5.54,52
182,2,Tuesday,14,409.63,407,201,206,6.78,3.35,3.43,52
182,2,Tuesday,15,382.35,384,205,179.5,6.4,3.42,2.99,52
182,2,Tuesday,16,396.06,398,225.5,175,6.63,3.76,2.92,52
182,2,Tuesday,17,536.77,543,339.5,208.5,9.05,5.66,3.48,52
182,2,Tuesday,18,506.08,510.5,297,205.5,8.51,4.95,3.42,52
182,2,Tuesday,19,468.54,465.5,244,223,7.76,4.07,3.72,52
182,2,Tuesday,20,406.08,409.5,210,198,6.82,3.5,3.3,52
182,2,Tuesday,21,331.13,330.5,176.5,152.5,5.51,2.94,2.54,52
182,2,Tuesday,22,242.62,231.5,122,107.5,3.86,2.03,1.79,52
182,2,Tuesday,23,177.54,151,79,71.5,2.52,1.32,1.19,52
182,3,Wednesday,0,98.42,92,48.5,44.5,1.53,0.81,0.74,52
182,3,Wednesday,1,60.23,53,27,26.5,0.88,0.45,0.44,52
182,3,Wednesday,2,43.75,42.5,24,19,0.71,0.4,0.32,52
182,3,Wednesday,3,34.85,34,16,18,0.57,0.27,0.3,52
182,3,Wednesday,4,29.69,27,12,15.5,0.45,0.2,0.26,52
182,3,Wednesday,5,47.81,48,17,30,0.8,0.28,0.5,52
182,3,Wednesday,6,76.44,77.5,33,45,1.29,0.55,0.75,52
182,3,Wednesday,7,136.6,136.5,55.5,78,2.28,0.92,1.3,52
182,3,Wednesday,8,320.6,320,103.5,218,5.33,1.73,3.63,52
182,3,Wednesday,9,269.42,264,97.5,167,4.4,1.62,2.78,52
182,3,Wednesday,10,317.48,321,141.5,164,5.35,2.36,2.73,52
182,3,Wednesday,11,361.44,350,180.5,170,5.83,3.01,2.83,52
182,3,Wednesday,12,702.1,703.5,399,310.5,11.72,6.65,5.18,52
182,3,Wednesday,13,672.29,668.5,314,358.5,11.14,5.23,5.97,52
182,3,Wednesday,14,437.85,426,205.5,214.5,7.1,3.42,3.58,52
182,3,Wednesday,15,401,395,222.5,172.5,6.58,3.71,2.88,52
182,3,Wednesday,16,424.04,423.5,235,184.5,7.06,3.92,3.08,52
182,3,Wednesday,17,585.17,601.5,373.5,215.5,10.03,6.22,3.59,52
182,3,Wednesday,18,564.02,567,326,237,9.45,5.43,3.95,52
182,3,Wednesday,19,504.81,504.5,262,239,8.41,4.37,3.98,52
182,3,Wednesday,20,448.96,435.5,216.5,219.5,7.26,3.61,3.66,52
182,3,Wednesday,21,382.38,361.5,183,172,6.03,3.05,2.87,52
182,3,Wednesday,22,292.63,250.5,128.5,120.5,4.18,2.14,2.01,52
182,3,Wednesday,23,199.37,158.5,80.5,80,2.64,1.34,1.33,52
182,4,Thursday,0,139.79,102.5,53,54,1.71,0.88,0.9,52
182,4,Thursday,1,90.75,65,32,33,1.08,0.53,0.55,52
182,4,Thursday,2,58.04,41,20,21,0.68,0.33,0.35,52
182,4,Thursday,3,42.5,33.5,16.5,16,0.56,0.28,0.27,52
182,4,Thursday,4,41.37,33,14.5,19,0.55,0.24,0.32,52
182,4,Thursday,5,54.08,51,19,32,0.85,0.32,0.53,52
182,4,Thursday,6,84.48,80.5,34.5,49,1.34,0.58,0.82,52
182,4,Thursday,7,141.69,135.5,57,78,2.26,0.95,1.3,52
182,4,Thursday,8,311.33,316,100,213.5,5.27,1.67,3.56,52
182,4,Thursday,9,285.73,278,114,166.5,4.63,1.9,2.78,52
182,4,Thursday,10,319.33,312,152.5,161,5.2,2.54,2.68,52
182,4,Thursday,11,375.04,376,199.5,174,6.27,3.33,2.9,52
182,4,Thursday,12,715.1,733.5,421,313.5,12.22,7.02,5.22,52
182,4,Thursday,13,673.96,676.5,315.5,359.5,11.28,5.26,5.99,52
182,4,Thursday,14,440.79,443,219.5,219.5,7.38,3.66,3.66,52
182,4,Thursday,15,412.85,414,221,191.5,6.9,3.68,3.19,52
182,4,Thursday,16,422.4,434.5,234.5,195,7.24,3.91,3.25,52
182,4,Thursday,17,580.77,596.5,364.5,227,9.94,6.08,3.78,52
182,4,Thursday,18,556.12,557,333,228,9.28,5.55,3.8,52
182,4,Thursday,19,522.96,522,273,246,8.7,4.55,4.1,52
182,4,Thursday,20,473.63,463,230.5,220.5,7.72,3.84,3.67,52
182,4,Thursday,21,427.98,396.5,212,185.5,6.61,3.53,3.09,52
182,4,Thursday,22,335.06,307,164.5,147,5.12,2.74,2.45,52
182,4,Thursday,23,237.65,219.5,112.5,100,3.66,1.88,1.67,52
182,5,Friday,0,140.72,127,64,62,2.12,1.07,1.03,53
182,5,Friday,1,103.7,96,47,47,1.6,0.78,0.78,53
182,5,Friday,2,71.53,66,33,33,1.1,0.55,0.55,53
182,5,Friday,3,47.55,44,20,20,0.73,0.33,0.33,53
182,5,Friday,4,39.08,35,17,19,0.58,0.28,0.32,53
182,5,Friday,5,52.77,55,20,34,0.92,0.33,0.57,53
182,5,Friday,6,78.17,77,31,45,1.28,0.52,0.75,53
182,5,Friday,7,125,119,50,71,1.98,0.83,1.18,53
182,5,Friday,8,276.04,283,91,189,4.72,1.52,3.15,53
182,5,Friday,9,279.34,275,114,160,4.58,1.9,2.67,53
182,5,Friday,10,328.58,324,147,166,5.4,2.45,2.77,53
182,5,Friday,11,373.81,364,199,168,6.07,3.32,2.8,53
182,5,Friday,12,599.25,616,331,273,10.27,5.52,4.55,53
182,5,Friday,13,605.77,613,303,308,10.22,5.05,5.13,53
182,5,Friday,14,446.91,444,217,223,7.4,3.62,3.72,53
182,5,Friday,15,409.26,402,207,193,6.7,3.45,3.22,53
182,5,Friday,16,431.92,425,232,192,7.08,3.87,3.2,53
182,5,Friday,17,570.36,575,352,217,9.58,5.87,3.62,53
182,5,Friday,18,618.13,604,352,260,10.07,5.87,4.33,53
182,5,Friday,19,608.45,597,311,277,9.95,5.18,4.62,53
182,5,Friday,20,577.19,560,285,276,9.33,4.75,4.6,53
182,5,Friday,21,524.83,513,255,247,8.55,4.25,4.12,53
182,5,Friday,22,508.32,492,262,232,8.2,4.37,3.87,53
182,5,Friday,23,467.04,388,210,189,6.47,3.5,3.15,53
182,6,Saturday,0,318.02,298,154.5,144,4.97,2.58,2.4,52
182,6,Saturday,1,246.65,237,113,117.5,3.95,1.88,1.96,52
182,6,Saturday,2,210.02,197.5,91.5,104,3.29,1.52,1.73,52
182,6,Saturday,3,170.08,157,68.5,88,2.62,1.14,1.47,52
182,6,Saturday,4,123.15,119.5,49,69.5,1.99,0.82,1.16,52
182,6,Saturday,5,67.4,63,24.5,40,1.05,0.41,0.67,52
182,6,Saturday,6,70.67,71.5,27,42.5,1.19,0.45,0.71,52
182,6,Saturday,7,96.25,92,41.5,53.5,1.53,0.69,0.89,52
182,6,Saturday,8,148.29,148,63,83,2.47,1.05,1.38,52
182,6,Saturday,9,250.98,249,115.5,127.5,4.15,1.93,2.12,52
182,6,Saturday,10,335.23,322.5,169,171.5,5.38,2.82,2.86,52
182,6,Saturday,11,419.06,414,206.5,199.5,6.9,3.44,3.33,52
182,6,Saturday,12,427.4,428,241,188.5,7.13,4.02,3.14,52
182,6,Saturday,13,506.35,506,260.5,250,8.43,4.34,4.17,52
182,6,Saturday,14,447.13,451.5,218.5,222,7.53,3.64,3.7,52
182,6,Saturday,15,427.5,433.5,223,210.5,7.22,3.72,3.51,52
182,6,Saturday,16,438.35,455.5,247.5,194.5,7.59,4.12,3.24,52
182,6,Saturday,17,517,532,313.5,219.5,8.87,5.22,3.66,52
182,6,Saturday,18,607.96,634.5,362.5,269.5,10.57,6.04,4.49,52
182,6,Saturday,19,641.44,625,339,292,10.42,5.65,4.87,52
182,6,Saturday,20,614.69,633.5,315,305.5,10.56,5.25,5.09,52
182,6,Saturday,21,556.96,545.5,270,271,9.09,4.5,4.52,52
182,6,Saturday,22,557.94,527,279,248,8.78,4.65,4.13,52
182,6,Saturday,23,535.77,453.5,253,216,7.56,4.22,3.6,52
182,7,Sunday,0,382.04,368,192.5,176,6.13,3.21,2.93,52
182,7,Sunday,1,288.71,280,140.5,140.5,4.67,2.34,2.34,52
182,7,Sunday,2,222.29,217,105,111,3.62,1.75,1.85,51
182,7,Sunday,3,192.9,197,93.5,104,3.28,1.56,1.73,52
182,7,Sunday,4,154.35,140,63.5,74.5,2.33,1.06,1.24,52
182,7,Sunday,5,105.88,98,36.5,60,1.63,0.61,1,52
182,7,Sunday,6,73.98,76.5,28.5,45.5,1.27,0.48,0.76,52
182,7,Sunday,7,91.73,92,34,54.5,1.53,0.57,0.91,52
182,7,Sunday,8,118.38,118,56,63,1.97,0.93,1.05,52
182,7,Sunday,9,207.17,200.5,98,106,3.34,1.63,1.77,52
182,7,Sunday,10,275,279,130,145.5,4.65,2.17,2.42,52
182,7,Sunday,11,340.19,342.5,179.5,160.5,5.71,2.99,2.67,52
182,7,Sunday,12,333.56,338,191.5,147.5,5.63,3.19,2.46,52
182,7,Sunday,13,395.33,405,214,184.5,6.75,3.57,3.08,52
182,7,Sunday,14,369.19,361,171.5,188.5,6.02,2.86,3.14,52
182,7,Sunday,15,357.23,352.5,179.5,178,5.88,2.99,2.97,52
182,7,Sunday,16,348.81,344,191,157,5.73,3.18,2.62,52
182,7,Sunday,17,397.85,397.5,228.5,161.5,6.62,3.81,2.69,52
182,7,Sunday,18,482.06,466.5,271,190.5,7.78,4.52,3.17,52
182,7,Sunday,19,462.94,463,237,215,7.72,3.95,3.58,52
182,7,Sunday,20,426.31,401.5,201.5,199,6.69,3.36,3.32,52
182,7,Sunday,21,350.56,327,155.5,164.5,5.45,2.59,2.74,52
182,7,Sunday,22,282.48,246.5,123.5,117.5,4.11,2.06,1.96,52
182,7,Sunday,23,199.87,169,88,82.5,2.82,1.47,1.38,52
184,1,Monday,0,86.42,74.5,29.5,45.5,1.24,0.49,0.76,52
184,1,Monday,1,55.75,50,21,28,0.83,0.35,0.47,52
184,1,Monday,2,34.9,32.5,11,17.5,0.54,0.18,0.29,52
184,1,Monday,3,25.08,21.5,9,13.5,0.36,0.15,0.22,52
184,1,Monday,4,25.6,25,8,16,0.42,0.13,0.27,52
184,1,Monday,5,46.85,47,17,28.5,0.78,0.28,0.48,52
184,1,Monday,6,105.79,105.5,50,55,1.76,0.83,0.92,52
184,1,Monday,7,217.54,223,108,110.5,3.72,1.8,1.84,52
184,1,Monday,8,565.15,594,262.5,315,9.9,4.38,5.25,52
184,1,Monday,9,743.44,740,359.5,386,12.33,5.99,6.43,52
184,1,Monday,10,1028.12,971.5,515.5,470,16.19,8.59,7.83,52
184,1,Monday,11,1403.6,1335.5,691,645.5,22.26,11.52,10.76,52
184,1,Monday,12,2119.83,2099,1051.5,1038,34.98,17.52,17.3,52
184,1,Monday,13,2320.65,2289,1030,1257.5,38.15,17.17,20.96,52
184,1,Monday,14,1880.31,1818,839.5,966.5,30.3,13.99,16.11,52
184,1,Monday,15,1782.17,1769.5,819,949,29.49,13.65,15.82,52
184,1,Monday,16,1760.56,1768.5,801,944,29.48,13.35,15.73,52
184,1,Monday,17,1838.77,1876,887.5,976.5,31.27,14.79,16.27,52
184,1,Monday,18,1322.21,1314.5,578.5,735.5,21.91,9.64,12.26,52
184,1,Monday,19,950.38,925.5,365.5,572,15.43,6.09,9.53,52
184,1,Monday,20,688.12,635.5,251,374.5,10.59,4.18,6.24,52
184,1,Monday,21,489.42,453.5,186.5,255,7.56,3.11,4.25,52
184,1,Monday,22,276.96,238,104,137,3.97,1.73,2.28,52
184,1,Monday,23,138.35,121,53,72.5,2.02,0.88,1.21,52
184,2,Tuesday,0,61.87,55,25,29.5,0.92,0.42,0.49,52
184,2,Tuesday,1,47.71,46,17,26.5,0.77,0.28,0.44,52
184,2,Tuesday,2,26.31,25.5,10,14,0.42,0.17,0.23,52
184,2,Tuesday,3,20.1,19.5,9,11,0.32,0.15,0.18,52
184,2,Tuesday,4,22.65,22,7,15,0.37,0.12,0.25,52
184,2,Tuesday,5,48.25,48.5,20,28,0.81,0.33,0.47,52
184,2,Tuesday,6,125.13,126,56,67.5,2.1,0.93,1.12,52
184,2,Tuesday,7,268.04,263.5,132.5,131.5,4.39,2.21,2.19,52
184,2,Tuesday,8,695.63,697,338.5,367,11.62,5.64,6.12,52
184,2,Tuesday,9,814.17,804.5,390,407,13.41,6.5,6.78,52
184,2,Tuesday,10,1030.15,1017,518,485,16.95,8.63,8.08,52
184,2,Tuesday,11,1387.63,1332,680,647,22.2,11.33,10.78,52
184,2,Tuesday,12,2295.75,2243,1123.5,1152.5,37.38,18.73,19.21,52
184,2,Tuesday,13,2462.48,2441,1080.5,1358.5,40.68,18.01,22.64,52
184,2,Tuesday,14,1893.23,1794,816,1009,29.9,13.6,16.82,52
184,2,Tuesday,15,1801.88,1751.5,807.5,947,29.19,13.46,15.78,52
184,2,Tuesday,16,1837.42,1791.5,826.5,974,29.86,13.78,16.23,52
184,2,Tuesday,17,2053.46,2061,997,1060.5,34.35,16.62,17.68,52
184,2,Tuesday,18,1472.13,1417.5,635,794,23.62,10.58,13.23,52
184,2,Tuesday,19,1018.42,978.5,384.5,590.5,16.31,6.41,9.84,52
184,2,Tuesday,20,753.25,707,269.5,420.5,11.78,4.49,7.01,52
184,2,Tuesday,21,568.31,509,200,311,8.48,3.33,5.18,52
184,2,Tuesday,22,317.98,280.5,125.5,158.5,4.68,2.09,2.64,52
184,2,Tuesday,23,168.37,160,70.5,84,2.67,1.18,1.4,52
184,3,Wednesday,0,72.23,65.5,26,36,1.09,0.43,0.6,52
184,3,Wednesday,1,46.96,44,19,25,0.73,0.32,0.42,52
184,3,Wednesday,2,28.54,26.5,10,17.5,0.44,0.17,0.29,52
184,3,Wednesday,3,23.25,23,7,14,0.38,0.12,0.23,52
184,3,Wednesday,4,25.37,22.5,6.5,16,0.38,0.11,0.27,52
184,3,Wednesday,5,50.35,51.5,18,32,0.86,0.3,0.53,52
184,3,Wednesday,6,126.27,125,57,67.5,2.08,0.95,1.12,52
184,3,Wednesday,7,270.4,270,136.5,137.5,4.5,2.28,2.29,52
184,3,Wednesday,8,687.94,714,335,376.5,11.9,5.58,6.28,52
184,3,Wednesday,9,830.4,842.5,405.5,431.5,14.04,6.76,7.19,52
184,3,Wednesday,10,1048.58,1014.5,524,512,16.91,8.73,8.53,52
184,3,Wednesday,11,1413.27,1388,701.5,667.5,23.13,11.69,11.12,52
184,3,Wednesday,12,2297.48,2289,1136.5,1147,38.15,18.94,19.12,52
184,3,Wednesday,13,2475.71,2492.5,1119,1382,41.54,18.65,23.03,52
184,3,Wednesday,14,1927.12,1899.5,838.5,1063.5,31.66,13.97,17.73,52
184,3,Wednesday,15,1839.67,1835.5,864.5,957,30.59,14.41,15.95,52
184,3,Wednesday,16,1923.1,1880,892,1009.5,31.33,14.87,16.82,52
184,3,Wednesday,17,2147.38,2147,1052.5,1112.5,35.78,17.54,18.54,52
184,3,Wednesday,18,1550.29,1508.5,675,844.5,25.14,11.25,14.07,52
184,3,Wednesday,19,1073.6,1026.5,387,635,17.11,6.45,10.58,52
184,3,Wednesday,20,803.69,772.5,285.5,463.5,12.88,4.76,7.72,52
184,3,Wednesday,21,613.33,572,217.5,350.5,9.53,3.62,5.84,52
184,3,Wednesday,22,395.12,333,139,197,5.55,2.32,3.28,52
184,3,Wednesday,23,220.77,168,69.5,94,2.8,1.16,1.57,52
184,4,Thursday,0,110.31,72,27,41.5,1.2,0.45,0.69,52
184,4,Thursday,1,71.25,49,20,28,0.82,0.33,0.47,52
184,4,Thursday,2,43,28.5,12,16.5,0.48,0.2,0.28,52
184,4,Thursday,3,30.31,22,8,13,0.37,0.13,0.22,52
184,4,Thursday,4,26.73,22,7,14.5,0.37,0.12,0.24,52
184,4,Thursday,5,54.04,53,22,31,0.88,0.37,0.52,52
184,4,Thursday,6,120.62,119,53,64,1.98,0.88,1.07,52
184,4,Thursday,7,267.35,278,135,140.5,4.63,2.25,2.34,52
184,4,Thursday,8,710.27,741.5,348.5,384,12.36,5.81,6.4,52
184,4,Thursday,9,865.13,867.5,417.5,441,14.46,6.96,7.35,52
184,4,Thursday,10,1089.35,1096.5,575,525.5,18.27,9.58,8.76,52
184,4,Thursday,11,1465.15,1489.5,763.5,723.5,24.82,12.72,12.06,52
184,4,Thursday,12,2351.96,2350,1187,1185.5,39.17,19.78,19.76,52
184,4,Thursday,13,2527.33,2512,1105.5,1422.5,41.87,18.42,23.71,52
184,4,Thursday,14,1992.06,1973.5,858.5,1118.5,32.89,14.31,18.64,52
184,4,Thursday,15,1903.15,1899,872.5,1042.5,31.65,14.54,17.38,52
184,4,Thursday,16,1939.23,1944.5,873.5,1069,32.41,14.56,17.82,52
184,4,Thursday,17,2265.19,2335.5,1107,1165.5,38.92,18.45,19.42,52
184,4,Thursday,18,1699.6,1686.5,792.5,918.5,28.11,13.21,15.31,52
184,4,Thursday,19,1236.06,1205.5,495,692,20.09,8.25,11.53,52
184,4,Thursday,20,1015.13,987,360,637,16.45,6,10.62,52
184,4,Thursday,21,735.96,691.5,239.5,444.5,11.53,3.99,7.41,52
184,4,Thursday,22,441.75,409,170,235,6.82,2.83,3.92,52
184,4,Thursday,23,243.23,218,96,121.5,3.63,1.6,2.02,52
184,5,Friday,0,105.42,95,40,58,1.58,0.67,0.97,53
184,5,Friday,1,72.43,67,23,42,1.12,0.38,0.7,53
184,5,Friday,2,44.66,41,17,22,0.68,0.28,0.37,53
184,5,Friday,3,33.92,30,14,16,0.5,0.23,0.27,53
184,5,Friday,4,30.15,30,10,20,0.5,0.17,0.33,53
184,5,Friday,5,49.79,49,18,32,0.82,0.3,0.53,53
184,5,Friday,6,109.96,110,45,61,1.83,0.75,1.02,53
184,5,Friday,7,222.96,220,108,114,3.67,1.8,1.9,53
184,5,Friday,8,576.49,591,264,323,9.85,4.4,5.38,53
184,5,Friday,9,843.53,854,426,425,14.23,7.1,7.08,53
184,5,Friday,10,1167.02,1159,607,541,19.32,10.12,9.02,53
184,5,Friday,11,1558.25,1523,796,736,25.38,13.27,12.27,53
184,5,Friday,12,2115.32,2156,1049,1075,35.93,17.48,17.92,53
184,5,Friday,13,2367,2332,1062,1300,38.87,17.7,21.67,53
184,5,Friday,14,2111.3,2069,918,1146,34.48,15.3,19.1,53
184,5,Friday,15,2100.11,2053,936,1129,34.22,15.6,18.82,53
184,5,Friday,16,2118.36,2074,965,1125,34.57,16.08,18.75,53
184,5,Friday,17,2193.51,2229,1095,1112,37.15,18.25,18.53,53
184,5,Friday,18,1789.6,1758,836,920,29.3,13.93,15.33,53
184,5,Friday,19,1457.7,1429,611,800,23.82,10.18,13.33,53
184,5,Friday,20,1266.75,1225,452,762,20.42,7.53,12.7,53
184,5,Friday,21,997.08,934,337,599,15.57,5.62,9.98,53
184,5,Friday,22,685.38,650,275,379,10.83,4.58,6.32,53
184,5,Friday,23,455.79,418,184,242,6.97,3.07,4.03,53
184,6,Saturday,0,241.69,242.5,90.5,146,4.04,1.51,2.43,52
184,6,Saturday,1,169.06,163.5,58,107.5,2.72,0.97,1.79,52
184,6,Saturday,2,117.67,112,41,71,1.87,0.68,1.18,52
184,6,Saturday,3,80.15,80.5,27.5,50,1.34,0.46,0.83,52
184,6,Saturday,4,49.81,47.5,16,31,0.79,0.27,0.52,52
184,6,Saturday,5,46.81,46.5,18,27,0.78,0.3,0.45,52
184,6,Saturday,6,65.5,63,25,37.5,1.05,0.42,0.62,52
184,6,Saturday,7,140.33,131,59.5,72,2.18,0.99,1.2,52
184,6,Saturday,8,326.15,317,156,162,5.28,2.6,2.7,52
184,6,Saturday,9,739.54,720,397.5,321.5,12,6.62,5.36,52
184,6,Saturday,10,1257.06,1259.5,692,563,20.99,11.53,9.38,52
184,6,Saturday,11,1806.12,1810.5,959,824,30.18,15.98,13.73,52
184,6,Saturday,12,2151.06,2169,1078,1066,36.15,17.97,17.77,52
184,6,Saturday,13,2424.85,2423.5,1144.5,1283.5,40.39,19.08,21.39,52
184,6,Saturday,14,2575.67,2618,1184,1442,43.63,19.73,24.03,52
184,6,Saturday,15,2606.1,2640,1163.5,1471.5,44,19.39,24.52,52
184,6,Saturday,16,2449.06,2467.5,1084.5,1375,41.12,18.08,22.92,52
184,6,Saturday,17,2089.31,2069.5,949,1136.5,34.49,15.82,18.94,52
184,6,Saturday,18,1727.37,1716.5,756.5,944,28.61,12.61,15.73,52
184,6,Saturday,19,1474.65,1443,578.5,878,24.05,9.64,14.63,52
184,6,Saturday,20,1131.9,1101.5,441.5,656.5,18.36,7.36,10.94,52
184,6,Saturday,21,903.71,874.5,340.5,524,14.57,5.68,8.73,52
184,6,Saturday,22,726.19,706,292,396,11.77,4.87,6.6,52
184,6,Saturday,23,506.17,502.5,216.5,273.5,8.38,3.61,4.56,52
184,7,Sunday,0,289.56,288.5,111,178.5,4.81,1.85,2.98,52
184,7,Sunday,1,226.62,221.5,77,153,3.69,1.28,2.55,52
184,7,Sunday,2,157.14,157,53,106,2.62,0.88,1.77,51
184,7,Sunday,3,110.21,110,39,71,1.83,0.65,1.18,52
184,7,Sunday,4,65.56,65.5,22,44,1.09,0.37,0.73,52
184,7,Sunday,5,67.12,62.5,24.5,37.5,1.04,0.41,0.62,52
184,7,Sunday,6,88.83,85.5,32,54.5,1.43,0.53,0.91,52
184,7,Sunday,7,146.4,142.5,64,77,2.38,1.07,1.28,52
184,7,Sunday,8,266.67,256,117,140.5,4.27,1.95,2.34,52
184,7,Sunday,9,593.56,582.5,322,257.5,9.71,5.37,4.29,52
184,7,Sunday,10,1063.46,1054.5,601.5,451.5,17.58,10.03,7.53,52
184,7,Sunday,11,1509.71,1489.5,808.5,683.5,24.82,13.47,11.39,52
184,7,Sunday,12,1813.25,1771.5,891.5,877.5,29.52,14.86,14.62,52
184,7,Sunday,13,2085.08,2050,950,1091.5,34.17,15.83,18.19,52
184,7,Sunday,14,2209.88,2199.5,948,1233,36.66,15.8,20.55,52
184,7,Sunday,15,2134.5,2092,910.5,1176,34.87,15.18,19.6,52
184,7,Sunday,16,1977.62,1984.5,867,1112.5,33.08,14.45,18.54,52
184,7,Sunday,17,1633.67,1583,717.5,890,26.38,11.96,14.83,52
184,7,Sunday,18,1254.67,1232,520,713.5,20.53,8.67,11.89,52
184,7,Sunday,19,983.6,942.5,347.5,604.5,15.71,5.79,10.07,52
184,7,Sunday,20,732.44,668.5,261.5,421,11.14,4.36,7.02,52
184,7,Sunday,21,550.71,482,193,292,8.03,3.22,4.87,52
184,7,Sunday,22,329.48,283.5,122,161,4.72,2.03,2.68,52
184,7,Sunday,23,191.77,167,74.5,89,2.78,1.24,1.48,52
185,1,Monday,0,127.6,120,64,54.5,2,1.07,0.91,50
185,1,Monday,1,80.92,69.5,41,33.5,1.16,0.68,0.56,50
185,1,Monday,2,53.84,51,30,19,0.85,0.5,0.32,51
185,1,Monday,3,37.16,34,17,15,0.57,0.28,0.25,51
185,1,Monday,4,35.06,31,14,18,0.52,0.23,0.3,51
185,1,Monday,5,45.43,43,15,29,0.72,0.25,0.48,51
185,1,Monday,6,103.46,106,34,71,1.77,0.57,1.18,50
185,1,Monday,7,279.38,300,84.5,215,5,1.41,3.58,50
185,1,Monday,8,673.4,727,178,558.5,12.12,2.97,9.31,50
185,1,Monday,9,654.46,661,243,427.5,11.02,4.05,7.12,50
185,1,Monday,10,725.48,732,342,373.5,12.2,5.7,6.22,50
185,1,Monday,11,966.88,960,467.5,489,16,7.79,8.15,50
185,1,Monday,12,1511,1513,797,737,25.22,13.28,12.28,50
185,1,Monday,13,1627.16,1608.5,781.5,835,26.81,13.03,13.92,50
185,1,Monday,14,1371.46,1341,658,701,22.35,10.97,11.68,50
185,1,Monday,15,1307.76,1281.5,653.5,634,21.36,10.89,10.57,50
185,1,Monday,16,1309.44,1295.5,715.5,599.5,21.59,11.93,9.99,50
185,1,Monday,17,1447.6,1443,881,566,24.05,14.68,9.43,50
185,1,Monday,18,1098.92,1101,601,500,18.35,10.02,8.33,50
185,1,Monday,19,895.1,892,428,458,14.87,7.13,7.63,50
185,1,Monday,20,740.24,716.5,345.5,385.5,11.94,5.76,6.42,50
185,1,Monday,21,565.68,544,257,286.5,9.07,4.28,4.78,50
185,1,Monday,22,346.1,323.5,166.5,166.5,5.39,2.78,2.78,50
185,1,Monday,23,192.2,181,94,90.5,3.02,1.57,1.51,50
185,2,Tuesday,0,105.2,94.5,48.5,50,1.57,0.81,0.83,50
185,2,Tuesday,1,64.76,61,33.5,27.5,1.02,0.56,0.46,50
185,2,Tuesday,2,40.4,38,20,18,0.63,0.33,0.3,50
185,2,Tuesday,3,29.2,29,14.5,14,0.48,0.24,0.23,50
185,2,Tuesday,4,26.94,26,10,15,0.43,0.17,0.25,50
185,2,Tuesday,5,44.32,44.5,15,29,0.74,0.25,0.48,50
185,2,Tuesday,6,140.69,142,45,94,2.37,0.75,1.57,49
185,2,Tuesday,7,360,365,92,274,6.08,1.53,4.57,49
185,2,Tuesday,8,870.59,894,199,692,14.9,3.32,11.53,49
185,2,Tuesday,9,783.76,768,259,512,12.8,4.32,8.53,49
185,2,Tuesday,10,778.27,756,368,386,12.6,6.13,6.43,49
185,2,Tuesday,11,1036.04,1008,502,509,16.8,8.37,8.48,49
185,2,Tuesday,12,1719.04,1720,914,800,28.67,15.23,13.33,49
185,2,Tuesday,13,1834.84,1838,856,987,30.63,14.27,16.45,49
185,2,Tuesday,14,1440.65,1436,695,747,23.93,11.58,12.45,49
185,2,Tuesday,15,1402.12,1399,701,695,23.32,11.68,11.58,49
185,2,Tuesday,16,1428.24,1418,787,625,23.63,13.12,10.42,49
185,2,Tuesday,17,1725.78,1733,1117,617,28.88,18.62,10.28,49
185,2,Tuesday,18,1263.59,1246,698,543,20.77,11.63,9.05,49
185,2,Tuesday,19,983.18,986,468,503,16.43,7.8,8.38,49
185,2,Tuesday,20,835.41,811,389,447,13.52,6.48,7.45,49
185,2,Tuesday,21,651.35,626,301,330,10.43,5.02,5.5,49
185,2,Tuesday,22,383,364,173,194.5,6.07,2.88,3.24,50
185,2,Tuesday,23,220.1,200.5,99,105,3.34,1.65,1.75,52
185,3,Wednesday,0,111.63,109.5,57,50.5,1.82,0.95,0.84,52
185,3,Wednesday,1,64.98,64.5,35.5,28.5,1.07,0.59,0.48,52
185,3,Wednesday,2,38.9,37,21,17,0.62,0.35,0.28,52
185,3,Wednesday,3,29.27,29,14,15,0.48,0.23,0.25,52
185,3,Wednesday,4,29.6,29.5,11,19,0.49,0.18,0.32,52
185,3,Wednesday,5,46.02,46.5,13,33.5,0.78,0.22,0.56,52
185,3,Wednesday,6,133.06,133.5,41.5,95,2.22,0.69,1.58,52
185,3,Wednesday,7,351.9,351,93.5,260.5,5.85,1.56,4.34,52
185,3,Wednesday,8,846.17,858,192.5,669.5,14.3,3.21,11.16,52
185,3,Wednesday,9,770.85,762.5,264.5,502,12.71,4.41,8.37,52
185,3,Wednesday,10,766.88,745.5,354.5,400,12.43,5.91,6.67,52
185,3,Wednesday,11,1017.9,996,495,508,16.6,8.25,8.47,52
185,3,Wednesday,12,1700.25,1688.5,875.5,802,28.14,14.59,13.37,52
185,3,Wednesday,13,1808.73,1820,846,950.5,30.33,14.1,15.84,52
185,3,Wednesday,14,1448.04,1427,691.5,736,23.78,11.53,12.27,52
185,3,Wednesday,15,1392.13,1373,706,666,22.88,11.77,11.1,52
185,3,Wednesday,16,1463.96,1462.5,829.5,617.5,24.38,13.82,10.29,52
185,3,Wednesday,17,1761.13,1768.5,1135,642.5,29.48,18.92,10.71,52
185,3,Wednesday,18,1325.88,1342,750.5,587.5,22.37,12.51,9.79,52
185,3,Wednesday,19,1055.9,1049.5,499,559.5,17.49,8.32,9.32,52
185,3,Wednesday,20,919.6,930.5,394.5,518,15.51,6.58,8.63,52
185,3,Wednesday,21,739.56,693.5,317.5,385.5,11.56,5.29,6.42,52
185,3,Wednesday,22,472.46,431.5,202,226,7.19,3.37,3.77,52
185,3,Wednesday,23,261.65,228,114.5,113.5,3.8,1.91,1.89,52
185,4,Thursday,0,154.75,113,59.5,53,1.88,0.99,0.88,52
185,4,Thursday,1,99.19,74.5,41.5,34,1.24,0.69,0.57,52
185,4,Thursday,2,55.29,43.5,23.5,20,0.72,0.39,0.33,52
185,4,Thursday,3,40.1,33,16,15.5,0.55,0.27,0.26,52
185,4,Thursday,4,34.29,31.5,12,17,0.52,0.2,0.28,52
185,4,Thursday,5,55.04,51,17.5,34.5,0.85,0.29,0.58,52
185,4,Thursday,6,140.06,143.5,44,98,2.39,0.73,1.63,52
185,4,Thursday,7,362.67,360.5,94,272,6.01,1.57,4.53,52
185,4,Thursday,8,872.48,879,200.5,699.5,14.65,3.34,11.66,52
185,4,Thursday,9,805.12,806,288.5,527,13.43,4.81,8.78,52
185,4,Thursday,10,814.65,796,382.5,422.5,13.27,6.38,7.04,52
185,4,Thursday,11,1065.9,1068.5,532.5,531.5,17.81,8.88,8.86,52
185,4,Thursday,12,1748.21,1769.5,938,827,29.49,15.63,13.78,52
185,4,Thursday,13,1855.83,1894.5,869.5,1013.5,31.58,14.49,16.89,52
185,4,Thursday,14,1442.21,1446,706,762,24.1,11.77,12.7,52
185,4,Thursday,15,1418.29,1465,727,727,24.42,12.12,12.12,51
185,4,Thursday,16,1457.18,1504,833,663,25.07,13.88,11.05,51
185,4,Thursday,17,1841.49,1861,1188,682,31.02,19.8,11.37,51
185,4,Thursday,18,1396.69,1434,808,617,23.9,13.47,10.28,51
185,4,Thursday,19,1118.02,1119,569,548,18.65,9.48,9.13,51
185,4,Thursday,20,993.35,1005,469,531,16.75,7.82,8.85,51
185,4,Thursday,21,828.25,813,387,426,13.55,6.45,7.1,51
185,4,Thursday,22,524.73,505,256,246,8.42,4.27,4.1,51
185,4,Thursday,23,311.06,292,147,147,4.87,2.45,2.45,51
185,5,Friday,0,166.94,158.5,83,74,2.64,1.38,1.23,52
185,5,Friday,1,96.87,90.5,50,39,1.51,0.83,0.65,52
185,5,Friday,2,58.46,55.5,34,21,0.92,0.57,0.35,52
185,5,Friday,3,43.08,41,23,17,0.68,0.38,0.28,52
185,5,Friday,4,40.12,38.5,18,21,0.64,0.3,0.35,52
185,5,Friday,5,48.08,47.5,16.5,31,0.79,0.28,0.52,52
185,5,Friday,6,115.52,115.5,40,77,1.93,0.67,1.28,52
185,5,Friday,7,250.85,250.5,81,171,4.18,1.35,2.85,52
185,5,Friday,8,621.88,631.5,184.5,452,10.53,3.08,7.53,52
185,5,Friday,9,710.87,699.5,275,426,11.66,4.58,7.1,52
185,5,Friday,10,833.65,828.5,397.5,424.5,13.81,6.62,7.08,52
185,5,Friday,11,1078.88,1080.5,532,532,18.01,8.87,8.87,52
185,5,Friday,12,1568.23,1561.5,825,755.5,26.02,13.75,12.59,52
185,5,Friday,13,1735.73,1723,815,905,28.72,13.58,15.08,52
185,5,Friday,14,1542.52,1543.5,735,801.5,25.73,12.25,13.36,52
185,5,Friday,15,1516.4,1492.5,744.5,753,24.88,12.41,12.55,52
185,5,Friday,16,1542.83,1538.5,826.5,708,25.64,13.78,11.8,52
185,5,Friday,17,1727.37,1762,1047,712,29.37,17.45,11.87,52
185,5,Friday,18,1523.22,1530,842,686,25.5,14.03,11.43,51
185,5,Friday,19,1342.83,1339,659,674,22.32,10.98,11.23,52
185,5,Friday,20,1272.88,1273.5,615.5,643,21.23,10.26,10.72,52
185,5,Friday,21,1132.54,1117,524,590.5,18.62,8.73,9.84,52
185,5,Friday,22,845.5,849.5,401,428,14.16,6.68,7.13,52
185,5,Friday,23,599.08,591,291.5,290,9.85,4.86,4.83,52
185,6,Saturday,0,370.63,371,174,190,6.18,2.9,3.17,51
185,6,Saturday,1,223.1,228,107,114,3.8,1.78,1.9,51
185,6,Saturday,2,158.82,158,81,69,2.63,1.35,1.15,51
185,6,Saturday,3,124.14,114,65,48,1.9,1.08,0.8,51
185,6,Saturday,4,68.41,62,31,31,1.03,0.52,0.52,51
185,6,Saturday,5,46.57,47,20,25,0.78,0.33,0.42,51
185,6,Saturday,6,53.88,53,23,30,0.88,0.38,0.5,51
185,6,Saturday,7,123.96,121,54,68,2.02,0.9,1.13,51
185,6,Saturday,8,255.75,245,112,133,4.08,1.87,2.22,51
185,6,Saturday,9,527.06,511,255,254,8.52,4.25,4.23,51
185,6,Saturday,10,865.9,837,438,428,13.95,7.3,7.13,51
185,6,Saturday,11,1241.96,1229,642,602,20.48,10.7,10.03,51
185,6,Saturday,12,1472.88,1493,751,737,24.88,12.52,12.28,51
185,6,Saturday,13,1716.24,1748,864,900,29.13,14.4,15,51
185,6,Saturday,14,1834.08,1840,888,963,30.67,14.8,16.05,51
185,6,Saturday,15,1805.92,1824,894,946,30.4,14.9,15.77,51
185,6,Saturday,16,1691.02,1747,860,856,29.12,14.33,14.27,51
185,6,Saturday,17,1459.24,1492,779,705,24.87,12.98,11.75,51
185,6,Saturday,18,1374.65,1387,725,668,23.12,12.08,11.13,51
185,6,Saturday,19,1361.53,1371,671,706,22.85,11.18,11.77,51
185,6,Saturday,20,1236.1,1236,580,656,20.6,9.67,10.93,51
185,6,Saturday,21,1053.29,1069,513,527,17.82,8.55,8.78,51
185,6,Saturday,22,849.57,848,408,429,14.13,6.8,7.15,51
185,6,Saturday,23,648.14,649,318,310,10.82,5.3,5.17,51
185,7,Sunday,0,417.2,423,199,223,7.05,3.32,3.72,51
185,7,Sunday,1,272.31,276,132,137,4.6,2.2,2.28,51
185,7,Sunday,2,187.06,183,101.5,80,3.05,1.69,1.33,50
185,7,Sunday,3,158.14,164,97,64,2.73,1.62,1.07,51
185,7,Sunday,4,100.73,101,59,38,1.68,0.98,0.63,51
185,7,Sunday,5,71.82,69,32,37,1.15,0.53,0.62,51
185,7,Sunday,6,76.37,74,30,43,1.23,0.5,0.72,51
185,7,Sunday,7,116.1,113,54,63,1.88,0.9,1.05,51
185,7,Sunday,8,217.8,208,98,110,3.47,1.63,1.83,51
185,7,Sunday,9,448.22,445,224,210,7.42,3.73,3.5,51
185,7,Sunday,10,732.88,721,374,345,12.02,6.23,5.75,51
185,7,Sunday,11,1051.16,1052,529,524,17.53,8.82,8.73,51
185,7,Sunday,12,1259.82,1280,626,649,21.33,10.43,10.82,51
185,7,Sunday,13,1480.41,1486,709,782,24.77,11.82,13.03,51
185,7,Sunday,14,1587.86,1572,737,847,26.2,12.28,14.12,51
185,7,Sunday,15,1526.73,1554,719,807,25.9,11.98,13.45,51
185,7,Sunday,16,1366.55,1378,675,702,22.97,11.25,11.7,51
185,7,Sunday,17,1121.65,1105,562,551,18.42,9.37,9.18,51
185,7,Sunday,18,981.94,971,486,484,16.18,8.1,8.07,51
185,7,Sunday,19,921.41,924,430,480,15.4,7.17,8,51
185,7,Sunday,20,790.86,762,363,413,12.7,6.05,6.88,51
185,7,Sunday,21,611.76,593,281,321,9.88,4.68,5.35,51
185,7,Sunday,22,395.71,372,188,187,6.2,3.13,3.12,51
185,7,Sunday,23,248.39,216,109,110,3.6,1.82,1.83,51
187,1,Monday,0,32.67,31.5,19.5,11.5,0.52,0.32,0.19,40
187,1,Monday,1,17.4,15,9.5,5,0.25,0.16,0.08,40
187,1,Monday,2,9.82,9.5,4,4,0.16,0.07,0.07,40
187,1,Monday,3,6.21,5,3,2,0.08,0.05,0.03,39
187,1,Monday,4,4.08,3,2,1,0.05,0.03,0.02,39
187,1,Monday,5,10.18,9,6,4,0.15,0.1,0.07,40
187,1,Monday,6,55.05,53,32,14.5,0.88,0.53,0.24,40
187,1,Monday,7,152.2,153,111,43,2.55,1.85,0.72,41
187,1,Monday,8,442.32,429,327,122,7.15,5.45,2.03,41
187,1,Monday,9,411.68,385,273,121,6.42,4.55,2.02,41
187,1,Monday,10,383.71,356,190,156,5.93,3.17,2.6,41
187,1,Monday,11,446.12,393,191,207,6.55,3.18,3.45,41
187,1,Monday,12,639.41,581,269,302,9.68,4.48,5.03,41
187,1,Monday,13,559.61,519,260,238,8.65,4.33,3.97,41
187,1,Monday,14,511.15,437,201,242,7.28,3.35,4.03,41
187,1,Monday,15,525.88,479,204,297,7.98,3.4,4.95,41
187,1,Monday,16,594.62,524.5,191,345.5,8.74,3.18,5.76,40
187,1,Monday,17,587.35,566,203,382,9.43,3.38,6.37,40
187,1,Monday,18,327.08,315,144.5,174,5.25,2.41,2.9,40
187,1,Monday,19,238.83,228,104,137,3.8,1.73,2.28,41
187,1,Monday,20,163.1,156,70,85,2.6,1.17,1.42,41
187,1,Monday,21,105.54,113,50,51,1.88,0.83,0.85,41
187,1,Monday,22,76.15,73,40,34,1.22,0.67,0.57,41
187,1,Monday,23,50.56,49,24,23,0.82,0.4,0.38,41
187,2,Tuesday,0,28.63,24,13,12,0.4,0.22,0.2,41
187,2,Tuesday,1,14.32,14.5,7,7,0.24,0.12,0.12,40
187,2,Tuesday,2,8.38,8,4,4,0.13,0.07,0.07,37
187,2,Tuesday,3,4.14,4,2,1,0.07,0.03,0.02,37
187,2,Tuesday,4,3.05,2,1,1,0.03,0.02,0.02,37
187,2,Tuesday,5,10.85,11,6,4,0.18,0.1,0.07,40
187,2,Tuesday,6,58.33,62,39.5,18,1.03,0.66,0.3,40
187,2,Tuesday,7,199.5,210,141,51.5,3.5,2.35,0.86,40
187,2,Tuesday,8,569.15,596,461.5,131,9.93,7.69,2.18,40
187,2,Tuesday,9,508.92,511,314.5,151,8.52,5.24,2.52,40
187,2,Tuesday,10,485.98,401.5,224,173.5,6.69,3.73,2.89,40
187,2,Tuesday,11,461.62,473.5,223.5,234,7.89,3.72,3.9,40
187,2,Tuesday,12,732.32,658,309,333,10.97,5.15,5.55,41
187,2,Tuesday,13,621.98,601,298,309,10.02,4.97,5.15,41
187,2,Tuesday,14,549.34,519,248,288,8.65,4.13,4.8,41
187,2,Tuesday,15,566.85,543,209,340,9.05,3.48,5.67,41
187,2,Tuesday,16,704.44,636,216,437,10.6,3.6,7.28,41
187,2,Tuesday,17,727.68,692,261,430,11.53,4.35,7.17,41
187,2,Tuesday,18,387.8,342,159,190,5.7,2.65,3.17,41
187,2,Tuesday,19,280.51,246,122,142,4.1,2.03,2.37,41
187,2,Tuesday,20,175.37,167,81,87,2.78,1.35,1.45,41
187,2,Tuesday,21,111.76,118,53,59,1.97,0.88,0.98,41
187,2,Tuesday,22,85.51,83,46,41,1.38,0.77,0.68,41
187,2,Tuesday,23,55.27,56,30,28,0.93,0.5,0.47,41
187,3,Wednesday,0,29.59,27,16,11,0.45,0.27,0.18,41
187,3,Wednesday,1,15.76,14,8,6,0.23,0.13,0.1,41
187,3,Wednesday,2,8.49,8,5,3,0.13,0.08,0.05,41
187,3,Wednesday,3,4.8,4,2,1,0.07,0.03,0.02,40
187,3,Wednesday,4,3.11,3,1,1,0.05,0.02,0.02,38
187,3,Wednesday,5,12.24,12,7,5,0.2,0.12,0.08,41
187,3,Wednesday,6,64.56,70,43,20,1.17,0.72,0.33,41
187,3,Wednesday,7,195.9,179,126,54,2.98,2.1,0.9,41
187,3,Wednesday,8,556.17,556,418,133,9.27,6.97,2.22,41
187,3,Wednesday,9,483.41,444,322,148,7.4,5.37,2.47,41
187,3,Wednesday,10,463.46,398,261,155,6.63,4.35,2.58,41
187,3,Wednesday,11,507.34,423,215,250,7.05,3.58,4.17,41
187,3,Wednesday,12,734.76,633,293,333,10.55,4.88,5.55,41
187,3,Wednesday,13,621.24,553,286,248,9.22,4.77,4.13,41
187,3,Wednesday,14,597.78,516,227,291,8.6,3.78,4.85,41
187,3,Wednesday,15,591.71,563,226,328,9.38,3.77,5.47,41
187,3,Wednesday,16,696.9,666,203,438,11.1,3.38,7.3,41
187,3,Wednesday,17,654.12,599,229,371,9.98,3.82,6.18,41
187,3,Wednesday,18,361.98,363,153,195,6.05,2.55,3.25,41
187,3,Wednesday,19,253.78,238,109,143,3.97,1.82,2.38,41
187,3,Wednesday,20,178.34,189,85,96,3.15,1.42,1.6,41
187,3,Wednesday,21,133.68,135.5,70.5,66,2.26,1.18,1.1,40
187,3,Wednesday,22,102.8,104.5,53.5,51,1.74,0.89,0.85,40
187,3,Wednesday,23,59.1,63,27,31,1.05,0.45,0.52,41
187,4,Thursday,0,35.73,31,18,12,0.52,0.3,0.2,41
187,4,Thursday,1,19.37,14,8,7,0.23,0.13,0.12,41
187,4,Thursday,2,11.44,10,4,4,0.17,0.07,0.07,41
187,4,Thursday,3,6.61,5,3,2,0.08,0.05,0.03,36
187,4,Thursday,4,3.8,3,1,2,0.05,0.02,0.03,41
187,4,Thursday,5,11.66,11,7,4,0.18,0.12,0.07,41
187,4,Thursday,6,56.9,59,39,16,0.98,0.65,0.27,41
187,4,Thursday,7,188.73,195,132,58,3.25,2.2,0.97,41
187,4,Thursday,8,525.29,568,429,126,9.47,7.15,2.1,41
187,4,Thursday,9,491.85,476,356,135,7.93,5.93,2.25,41
187,4,Thursday,10,454.46,410,249,178,6.83,4.15,2.97,41
187,4,Thursday,11,487.51,471,217,226,7.85,3.62,3.77,41
187,4,Thursday,12,786.34,626,321,326,10.43,5.35,5.43,41
187,4,Thursday,13,651.34,565,274,295,9.42,4.57,4.92,41
187,4,Thursday,14,616.24,541,248,289,9.02,4.13,4.82,41
187,4,Thursday,15,566.71,572,193,352,9.53,3.22,5.87,41
187,4,Thursday,16,658.1,627,222,395,10.45,3.7,6.58,41
187,4,Thursday,17,668.27,664,249,418,11.07,4.15,6.97,41
187,4,Thursday,18,382.34,366,147,193,6.1,2.45,3.22,41
187,4,Thursday,19,279.71,244,113,133,4.07,1.88,2.22,41
187,4,Thursday,20,193,195,88,101,3.25,1.47,1.68,41
187,4,Thursday,21,143.78,150,77,78,2.5,1.28,1.3,41
187,4,Thursday,22,110.49,105,60,53,1.75,1,0.88,41
187,4,Thursday,23,72.07,71,36,37,1.18,0.6,0.62,41
187,5,Friday,0,36.12,36,18,16,0.6,0.3,0.27,41
187,5,Friday,1,18.9,17,9,8,0.28,0.15,0.13,41
187,5,Friday,2,11.02,10,6,5,0.17,0.1,0.08,41
187,5,Friday,3,6.82,5.5,2,2,0.09,0.03,0.03,40
187,5,Friday,4,4.93,4,2,2,0.07,0.03,0.03,41
187,5,Friday,5,10.2,10,6,4,0.17,0.1,0.07,41
187,5,Friday,6,54.42,56.5,36.5,17,0.94,0.61,0.28,40
187,5,Friday,7,145.57,146.5,99.5,47.5,2.44,1.66,0.79,40
187,5,Friday,8,406.3,376.5,268.5,110.5,6.28,4.47,1.84,40
187,5,Friday,9,394.62,376.5,247.5,144,6.28,4.12,2.4,40
187,5,Friday,10,386.58,369.5,189,183,6.16,3.15,3.05,40
187,5,Friday,11,426.98,415.5,194.5,211.5,6.92,3.24,3.52,40
187,5,Friday,12,594.15,587,297.5,279.5,9.78,4.96,4.66,40
187,5,Friday,13,525.7,478.5,244,242,7.97,4.07,4.03,40
187,5,Friday,14,522.48,482.5,202.5,275.5,8.04,3.38,4.59,40
187,5,Friday,15,510.15,501,205,301,8.35,3.42,5.02,41
187,5,Friday,16,570.32,549,222,329,9.15,3.7,5.48,41
187,5,Friday,17,583.05,568,239,329,9.47,3.98,5.48,41
187,5,Friday,18,366.32,352,161,185,5.87,2.68,3.08,41
187,5,Friday,19,284.17,262,133,131,4.37,2.22,2.18,41
187,5,Friday,20,214.12,226,100,108,3.77,1.67,1.8,41
187,5,Friday,21,173.44,173,83,95,2.88,1.38,1.58,41
187,5,Friday,22,151.22,160,72,75,2.67,1.2,1.25,41
187,5,Friday,23,120.9,110,52,61,1.83,0.87,1.02,41
187,6,Saturday,0,67.67,67.5,32.5,34.5,1.12,0.54,0.58,40
187,6,Saturday,1,35.05,32.5,16,15.5,0.54,0.27,0.26,40
187,6,Saturday,2,26.58,27.5,14,11.5,0.46,0.23,0.19,40
187,6,Saturday,3,19.9,20,9,10.5,0.33,0.15,0.17,40
187,6,Saturday,4,9.72,9,5,4,0.15,0.08,0.07,39
187,6,Saturday,5,7.5,7,3,3,0.12,0.05,0.05,40
187,6,Saturday,6,28.3,28,16,8.5,0.47,0.27,0.14,40
187,6,Saturday,7,41.08,40,19.5,20,0.67,0.32,0.33,40
187,6,Saturday,8,82.5,84.5,38,45,1.41,0.63,0.75,40
187,6,Saturday,9,148.88,153.5,69,83.5,2.56,1.15,1.39,40
187,6,Saturday,10,220.12,225,100,120,3.75,1.67,2,41
187,6,Saturday,11,292.12,293,139,157,4.88,2.32,2.62,41
187,6,Saturday,12,358.49,351,185,169,5.85,3.08,2.82,41
187,6,Saturday,13,414,423,219,209,7.05,3.65,3.48,41
187,6,Saturday,14,404.78,411,195,219,6.85,3.25,3.65,41
187,6,Saturday,15,402.56,418,196,218,6.97,3.27,3.63,41
187,6,Saturday,16,395.54,409,202,203,6.82,3.37,3.38,41
187,6,Saturday,17,377.05,376,195,178,6.27,3.25,2.97,41
187,6,Saturday,18,297.37,299,159,150,4.98,2.65,2.5,41
187,6,Saturday,19,260.22,289,141,130,4.82,2.35,2.17,41
187,6,Saturday,20,193.63,205,99,105,3.42,1.65,1.75,41
187,6,Saturday,21,168.83,171,83,87,2.85,1.38,1.45,41
187,6,Saturday,22,140.56,147,71,68,2.45,1.18,1.13,41
187,6,Saturday,23,123.88,120.5,55,61,2.01,0.92,1.02,40
187,7,Sunday,0,71.83,72,33,38.5,1.2,0.55,0.64,40
187,7,Sunday,1,43.61,43,21,22,0.72,0.35,0.37,41
187,7,Sunday,2,30.34,32,14,16,0.53,0.23,0.27,41
187,7,Sunday,3,24.9,24,11,12,0.4,0.18,0.2,41
187,7,Sunday,4,9.8,9,5,3.5,0.15,0.08,0.06,40
187,7,Sunday,5,8.17,7,4,3,0.12,0.07,0.05,41
187,7,Sunday,6,20.68,17,11,6,0.28,0.18,0.1,41
187,7,Sunday,7,32.56,32,14,16,0.53,0.23,0.27,41
187,7,Sunday,8,70.51,72,30,40,1.2,0.5,0.67,41
187,7,Sunday,9,144.29,140,57,81,2.33,0.95,1.35,41
187,7,Sunday,10,222.05,220,98,123,3.67,1.63,2.05,41
187,7,Sunday,11,280.32,284,140,146,4.73,2.33,2.43,41
187,7,Sunday,12,341.66,350,182,177,5.83,3.03,2.95,41
187,7,Sunday,13,380.41,369,187,185,6.15,3.12,3.08,41
187,7,Sunday,14,393.27,407,199,192,6.78,3.32,3.2,41
187,7,Sunday,15,375.66,386,183,191,6.43,3.05,3.18,41
187,7,Sunday,16,355.02,352,168,176,5.87,2.8,2.93,41
187,7,Sunday,17,325.05,319,165,160,5.32,2.75,2.67,41
187,7,Sunday,18,253.85,271.5,131.5,123,4.53,2.19,2.05,40
187,7,Sunday,19,207.52,212.5,108,101.5,3.54,1.8,1.69,40
187,7,Sunday,20,154.65,147,79,70.5,2.45,1.32,1.18,40
187,7,Sunday,21,113.75,111.5,56.5,53.5,1.86,0.94,0.89,40
187,7,Sunday,22,93,89.5,47,42,1.49,0.78,0.7,40
187,7,Sunday,23,59.6,57,28.5,26,0.95,0.48,0.43,40
188,1,Monday,0,1.29,1,1,1,0.02,0.02,0.02,17
188,1,Monday,1,1,1,0.5,0.5,0.02,0.01,0.01,2
188,1,Monday,2,1,1,1,0,0.02,0.02,0,13
188,1,Monday,3,1,1,0.5,0.5,0.02,0.01,0.01,2
188,1,Monday,4,1,1,1,0,0.02,0.02,0,3
188,1,Monday,5,5.89,2.5,1,1,0.04,0.02,0.02,18
188,1,Monday,6,22.44,17.5,8.5,8.5,0.29,0.14,0.14,36
188,1,Monday,7,77.85,86,44,29,1.43,0.73,0.48,41
188,1,Monday,8,228.2,164,107,76,2.73,1.78,1.27,41
188,1,Monday,9,181,180,105,78,3,1.75,1.3,41
188,1,Monday,10,238.93,177,100,96,2.95,1.67,1.6,41
188,1,Monday,11,222.83,173,91,86,2.88,1.52,1.43,41
188,1,Monday,12,296.34,236,119,124,3.93,1.98,2.07,41
188,1,Monday,13,263.83,227,114,102,3.78,1.9,1.7,41
188,1,Monday,14,236.85,168,89,82,2.8,1.48,1.37,41
188,1,Monday,15,211.59,168,67,105,2.8,1.12,1.75,41
188,1,Monday,16,196.61,139,68,84,2.32,1.13,1.4,41
188,1,Monday,17,181.78,160,70,85,2.67,1.17,1.42,41
188,1,Monday,18,68.66,71,36,38,1.18,0.6,0.63,41
188,1,Monday,19,43.75,46,23.5,21,0.77,0.39,0.35,40
188,1,Monday,20,19.55,8,3.5,4,0.13,0.06,0.07,40
188,1,Monday,21,2.37,2,1,1,0.03,0.02,0.02,35
188,1,Monday,22,1.33,1,1,1,0.02,0.02,0.02,21
188,1,Monday,23,1.11,1,1,0,0.02,0.02,0,9
188,2,Tuesday,0,1.27,1,0,1,0.02,0,0.02,22
188,2,Tuesday,1,1,1,0.5,0.5,0.02,0.01,0.01,2
188,2,Tuesday,2,1,1,1,0,0.02,0.02,0,11
188,2,Tuesday,3,1,1,1,0,0.02,0.02,0,5
188,2,Tuesday,5,5.85,1.5,0,1,0.03,0,0.02,20
188,2,Tuesday,6,20.63,14,6,5,0.23,0.1,0.08,41
188,2,Tuesday,7,90.68,100,65,33,1.67,1.08,0.55,41
188,2,Tuesday,8,262.15,230,145,90,3.83,2.42,1.5,41
188,2,Tuesday,9,221.54,219,119,94,3.65,1.98,1.57,41
188,2,Tuesday,10,283.61,251,146,114,4.18,2.43,1.9,41
188,2,Tuesday,11,225.37,197,87,108,3.28,1.45,1.8,41
188,2,Tuesday,12,360.63,295,151,140,4.92,2.52,2.33,41
188,2,Tuesday,13,283.17,245,128,116,4.08,2.13,1.93,41
188,2,Tuesday,14,296.49,234,106,119,3.9,1.77,1.98,41
188,2,Tuesday,15,243.34,223,94,120,3.72,1.57,2,41
188,2,Tuesday,16,266.54,205,92,104,3.42,1.53,1.73,41
188,2,Tuesday,17,220.29,171,84,90,2.85,1.4,1.5,41
188,2,Tuesday,18,86.37,62,37,27,1.03,0.62,0.45,41
188,2,Tuesday,19,57.24,49,23,26,0.82,0.38,0.43,41
188,2,Tuesday,20,23.1,13,4,9,0.22,0.07,0.15,39
188,2,Tuesday,21,2.7,2,1,1,0.03,0.02,0.02,33
188,2,Tuesday,22,1.3,1,1,0,0.02,0.02,0,20
188,2,Tuesday,23,1.1,1,0,1,0.02,0,0.02,10
188,3,Wednesday,0,1.14,1,0.5,0.5,0.02,0.01,0.01,14
188,3,Wednesday,1,1.25,1,0,1,0.02,0,0.02,4
188,3,Wednesday,2,1,1,1,0,0.02,0.02,0,11
188,3,Wednesday,3,1,1,1,0,0.02,0.02,0,3
188,3,Wednesday,4,1,1,0,1,0.02,0,0.02,2
188,3,Wednesday,5,5.57,1,0,1,0.02,0,0.02,23
188,3,Wednesday,6,23.49,13,6,7,0.22,0.1,0.12,41
188,3,Wednesday,7,93.71,94,57,33,1.57,0.95,0.55,41
188,3,Wednesday,8,259.95,196,101,94,3.27,1.68,1.57,41
188,3,Wednesday,9,213.73,207,120,91,3.45,2,1.52,41
188,3,Wednesday,10,274.22,230,132,98,3.83,2.2,1.63,41
188,3,Wednesday,11,244.39,239,100,113,3.98,1.67,1.88,41
188,3,Wednesday,12,364.29,297,171,164,4.95,2.85,2.73,41
188,3,Wednesday,13,286.32,260,138,124,4.33,2.3,2.07,41
188,3,Wednesday,14,271.12,214,93,128,3.57,1.55,2.13,41
188,3,Wednesday,15,240.83,218,98,108,3.63,1.63,1.8,41
188,3,Wednesday,16,240.61,200,84,111,3.33,1.4,1.85,41
188,3,Wednesday,17,207.39,173,83,80,2.88,1.38,1.33,41
188,3,Wednesday,18,91,64,30,33,1.07,0.5,0.55,41
188,3,Wednesday,19,54.17,44,23,19,0.73,0.38,0.32,41
188,3,Wednesday,20,21.39,10,6.5,3.5,0.17,0.11,0.06,38
188,3,Wednesday,21,3.08,3,2,1,0.05,0.03,0.02,37
188,3,Wednesday,22,1.74,1,1,1,0.02,0.02,0.02,27
188,3,Wednesday,23,1.53,1,0,1,0.02,0,0.02,15
188,4,Thursday,0,1.45,1,0.5,1,0.02,0.01,0.02,22
188,4,Thursday,1,1.38,1,0.5,1,0.02,0.01,0.02,8
188,4,Thursday,2,1,1,1,0,0.02,0.02,0,12
188,4,Thursday,3,1,1,0.5,0.5,0.02,0.01,0.01,2
188,4,Thursday,4,1,1,1,0,0.02,0.02,0,1
188,4,Thursday,5,5.54,2,1,1,0.03,0.02,0.02,24
188,4,Thursday,6,23,12,5,7,0.2,0.08,0.12,39
188,4,Thursday,7,87.22,92,51,35,1.53,0.85,0.58,41
188,4,Thursday,8,269.32,213,124,93,3.55,2.07,1.55,41
188,4,Thursday,9,228.71,217,129,90,3.62,2.15,1.5,41
188,4,Thursday,10,290.93,267,145,114,4.45,2.42,1.9,41
188,4,Thursday,11,271.88,276,116,151,4.6,1.93,2.52,41
188,4,Thursday,12,373.98,346,182,164,5.77,3.03,2.73,41
188,4,Thursday,13,291.27,305,182,111,5.08,3.03,1.85,41
188,4,Thursday,14,283.61,252,125,124,4.2,2.08,2.07,41
188,4,Thursday,15,241,234,96,123,3.9,1.6,2.05,41
188,4,Thursday,16,242.44,213,88,111,3.55,1.47,1.85,41
188,4,Thursday,17,200.73,180,88,94,3,1.47,1.57,41
188,4,Thursday,18,90.85,77,36,40,1.28,0.6,0.67,41
188,4,Thursday,19,56.48,55.5,26.5,24.5,0.92,0.44,0.41,40
188,4,Thursday,20,23.25,15,6.5,6.5,0.25,0.11,0.11,40
188,4,Thursday,21,3.56,3,2,1,0.05,0.03,0.02,39
188,4,Thursday,22,2.27,2,1,1,0.03,0.02,0.02,33
188,4,Thursday,23,1.35,1,0,1,0.02,0,0.02,17
188,5,Friday,0,1.41,1,1,1,0.02,0.02,0.02,17
188,5,Friday,1,1,1,0.5,0.5,0.02,0.01,0.01,2
188,5,Friday,2,1,1,1,0,0.02,0.02,0,11
188,5,Friday,3,1,1,0,1,0.02,0,0.02,2
188,5,Friday,5,4.3,2,1,1,0.03,0.02,0.02,23
188,5,Friday,6,24.32,18,9,13,0.3,0.15,0.22,37
188,5,Friday,7,69.02,70,45,24,1.17,0.75,0.4,41
188,5,Friday,8,221.15,174,87,83,2.9,1.45,1.38,41
188,5,Friday,9,183.76,182,105,77,3.03,1.75,1.28,41
188,5,Friday,10,243.14,191,92.5,97.5,3.18,1.54,1.62,42
188,5,Friday,11,200.67,183.5,90,97.5,3.06,1.5,1.62,42
188,5,Friday,12,287.64,224,116,110,3.73,1.93,1.83,42
188,5,Friday,13,243.45,209.5,106.5,94,3.49,1.77,1.57,42
188,5,Friday,14,250.86,195,87.5,107,3.25,1.46,1.78,42
188,5,Friday,15,208.57,183,79.5,93,3.05,1.32,1.55,42
188,5,Friday,16,193,176,80,86.5,2.93,1.33,1.44,42
188,5,Friday,17,175.71,134,66.5,71,2.23,1.11,1.18,42
188,5,Friday,18,85.14,75.5,38,38,1.26,0.63,0.63,42
188,5,Friday,19,60.74,62,29,29,1.03,0.48,0.48,42
188,5,Friday,20,29.22,10,6,4,0.17,0.1,0.07,41
188,5,Friday,21,4.93,5,2,2,0.08,0.03,0.03,42
188,5,Friday,22,4.39,3,2,1,0.05,0.03,0.02,38
188,5,Friday,23,2.68,3,1,1,0.05,0.02,0.02,25
188,6,Saturday,0,1.38,1,1,0,0.02,0.02,0,8
188,6,Saturday,1,1,1,1,0,0.02,0.02,0,9
188,6,Saturday,2,1,1,1,0,0.02,0.02,0,1
188,6,Saturday,3,1.5,1.5,0.5,1,0.03,0.01,0.02,2
188,6,Saturday,4,1,1,1,0,0.02,0.02,0,3
188,6,Saturday,5,2.79,1.5,0,1,0.03,0,0.02,14
188,6,Saturday,6,8.03,9,3,5,0.15,0.05,0.08,29
188,6,Saturday,7,10.93,10,3,6,0.17,0.05,0.1,41
188,6,Saturday,8,17.88,18,7,11,0.3,0.12,0.18,41
188,6,Saturday,9,34.22,34,14,17,0.57,0.23,0.28,41
188,6,Saturday,10,47.44,48,23,25,0.8,0.38,0.42,41
188,6,Saturday,11,58.02,58,26,33,0.97,0.43,0.55,41
188,6,Saturday,12,75.95,80,30,48,1.33,0.5,0.8,41
188,6,Saturday,13,78.02,78,35,42,1.3,0.58,0.7,41
188,6,Saturday,14,80.66,80,43,39,1.33,0.72,0.65,41
188,6,Saturday,15,74.22,75,38,35,1.25,0.63,0.58,41
188,6,Saturday,16,75.12,76,41,35,1.27,0.68,0.58,41
188,6,Saturday,17,68.51,71,38,30,1.18,0.63,0.5,41
188,6,Saturday,18,47.76,53,29,23,0.88,0.48,0.38,41
188,6,Saturday,19,47.02,50,21,27,0.83,0.35,0.45,41
188,6,Saturday,20,21.64,11,6,5,0.18,0.1,0.08,39
188,6,Saturday,21,4.68,3.5,2,2,0.06,0.03,0.03,38
188,6,Saturday,22,4.13,4,3,1,0.07,0.05,0.02,38
188,6,Saturday,23,2.25,1.5,1,0,0.03,0.02,0,32
188,7,Sunday,0,1.59,1,1,0,0.02,0.02,0,17
188,7,Sunday,1,1.38,1,1,0.5,0.02,0.02,0.01,8
188,7,Sunday,2,1,1,1,0,0.02,0.02,0,5
188,7,Sunday,3,1,1,0,1,0.02,0,0.02,3
188,7,Sunday,4,1.33,1,0,1,0.02,0,0.02,3
188,7,Sunday,5,2.38,2,1.5,1,0.03,0.03,0.02,8
188,7,Sunday,6,4.05,4,1.5,2,0.07,0.03,0.03,22
188,7,Sunday,7,5.85,6,2,4,0.1,0.03,0.07,41
188,7,Sunday,8,16.34,14,4,10,0.23,0.07,0.17,41
188,7,Sunday,9,25.88,28,7,16,0.47,0.12,0.27,41
188,7,Sunday,10,40.2,37,13,25,0.62,0.22,0.42,41
188,7,Sunday,11,53.1,52,22,28,0.87,0.37,0.47,41
188,7,Sunday,12,71.27,68,31,36,1.13,0.52,0.6,41
188,7,Sunday,13,76.07,77,36,39,1.28,0.6,0.65,41
188,7,Sunday,14,74.68,80,38,38,1.33,0.63,0.63,41
188,7,Sunday,15,69,70,35,33,1.17,0.58,0.55,41
188,7,Sunday,16,65.95,67,35,32,1.12,0.58,0.53,41
188,7,Sunday,17,61.66,58,30,26,0.97,0.5,0.43,41
188,7,Sunday,18,43.62,42,21.5,22,0.7,0.36,0.37,40
188,7,Sunday,19,37.95,50,22,22,0.83,0.37,0.37,39
188,7,Sunday,20,15.9,8,5,3,0.13,0.08,0.05,39
188,7,Sunday,21,2.89,3,1,1,0.05,0.02,0.02,35
188,7,Sunday,22,1.96,2,1,1,0.03,0.02,0.02,25
188,7,Sunday,23,1.2,1,0,1,0.02,0,0.02,10
209,1,Monday,0,116.17,95.5,55,39,1.59,0.92,0.65,52
209,1,Monday,1,54.37,48,24.5,21,0.8,0.41,0.35,52
209,1,Monday,2,28.62,24,12,11,0.4,0.2,0.18,52
209,1,Monday,3,19.98,15,8.5,7,0.25,0.14,0.12,52
209,1,Monday,4,19.6,18,10,8.5,0.3,0.17,0.14,52
209,1,Monday,5,38.58,38,20,17.5,0.63,0.33,0.29,52
209,1,Monday,6,115.52,121.5,67.5,51.5,2.02,1.12,0.86,52
209,1,Monday,7,366.06,384,199.5,180.5,6.4,3.33,3.01,52
209,1,Monday,8,917.87,953,470,470.5,15.88,7.83,7.84,52
209,1,Monday,9,675.25,682,426.5,256,11.37,7.11,4.27,52
209,1,Monday,10,640.52,607.5,405.5,205.5,10.12,6.76,3.42,52
209,1,Monday,11,773.23,766.5,453.5,291.5,12.78,7.56,4.86,52
209,1,Monday,12,1211.17,1161.5,669,521,19.36,11.15,8.68,52
209,1,Monday,13,1200.69,1163.5,591.5,565.5,19.39,9.86,9.43,52
209,1,Monday,14,981.96,926,487,432.5,15.43,8.12,7.21,52
209,1,Monday,15,982.75,951.5,491,456,15.86,8.18,7.6,52
209,1,Monday,16,1095.25,1082.5,557.5,521.5,18.04,9.29,8.69,52
209,1,Monday,17,1449.65,1468.5,796.5,655,24.48,13.28,10.92,52
209,1,Monday,18,1118.27,1154.5,567,571,19.24,9.45,9.52,52
209,1,Monday,19,867.54,879.5,405,466,14.66,6.75,7.77,52
209,1,Monday,20,763.88,709,348,388,11.82,5.8,6.47,52
209,1,Monday,21,659.29,555.5,262,292,9.26,4.37,4.87,52
209,1,Monday,22,421.27,343,181.5,170.5,5.72,3.02,2.84,52
209,1,Monday,23,201.63,176.5,98,76,2.94,1.63,1.27,52
209,2,Tuesday,0,85.63,72.5,31.5,34.5,1.21,0.52,0.58,52
209,2,Tuesday,1,41.48,36.5,18.5,19.5,0.61,0.31,0.32,52
209,2,Tuesday,2,24.67,23,13,11,0.38,0.22,0.18,52
209,2,Tuesday,3,14.9,13,7.5,5,0.22,0.12,0.08,52
209,2,Tuesday,4,18.15,17.5,9,7,0.29,0.15,0.12,52
209,2,Tuesday,5,42.81,43,24,19,0.72,0.4,0.32,52
209,2,Tuesday,6,141.81,146.5,81,62.5,2.44,1.35,1.04,52
209,2,Tuesday,7,450.33,462,239.5,211.5,7.7,3.99,3.52,52
209,2,Tuesday,8,1159.35,1178.5,576,555.5,19.64,9.6,9.26,52
209,2,Tuesday,9,770.29,763.5,470.5,302,12.72,7.84,5.03,52
209,2,Tuesday,10,629.42,608.5,389,213.5,10.14,6.48,3.56,52
209,2,Tuesday,11,773.71,746.5,437.5,296,12.44,7.29,4.93,52
209,2,Tuesday,12,1275.38,1264.5,709.5,560,21.08,11.82,9.33,52
209,2,Tuesday,13,1239.15,1244,632.5,595.5,20.73,10.54,9.93,52
209,2,Tuesday,14,978.85,946,497,442,15.77,8.28,7.37,52
209,2,Tuesday,15,966.96,936.5,471.5,455,15.61,7.86,7.58,52
209,2,Tuesday,16,1147.88,1124.5,593,539,18.74,9.88,8.98,52
209,2,Tuesday,17,1667.15,1652,932.5,718,27.53,15.54,11.97,52
209,2,Tuesday,18,1192.42,1189,598,594.5,19.82,9.97,9.91,52
209,2,Tuesday,19,903.06,904,428.5,469,15.07,7.14,7.82,52
209,2,Tuesday,20,804.25,756,355.5,390.5,12.6,5.92,6.51,52
209,2,Tuesday,21,715.85,602.5,269.5,328.5,10.04,4.49,5.47,52
209,2,Tuesday,22,470.33,376,180.5,196.5,6.27,3.01,3.28,52
209,2,Tuesday,23,246.4,200,110,90.5,3.33,1.83,1.51,52
209,3,Wednesday,0,97.56,80,40,41,1.33,0.67,0.68,52
209,3,Wednesday,1,42.88,41,20,21,0.68,0.33,0.35,52
209,3,Wednesday,2,24.73,21,10.5,10.5,0.35,0.17,0.17,52
209,3,Wednesday,3,15.23,16.5,7.5,7,0.28,0.12,0.12,52
209,3,Wednesday,4,17.25,17,9,8,0.28,0.15,0.13,52
209,3,Wednesday,5,39.44,40,20.5,20,0.67,0.34,0.33,52
209,3,Wednesday,6,145.69,146.5,80,66.5,2.44,1.33,1.11,52
209,3,Wednesday,7,446.75,449,236,208.5,7.48,3.93,3.48,52
209,3,Wednesday,8,1107,1151,597,514,19.18,9.95,8.57,52
209,3,Wednesday,9,732.94,755,475.5,280,12.58,7.92,4.67,52
209,3,Wednesday,10,623.71,614.5,396,231,10.24,6.6,3.85,52
209,3,Wednesday,11,771.21,771,466.5,304.5,12.85,7.78,5.08,52
209,3,Wednesday,12,1259.71,1272.5,709,560,21.21,11.82,9.33,52
209,3,Wednesday,13,1243.31,1269.5,650,612.5,21.16,10.83,10.21,52
209,3,Wednesday,14,990.94,972,518.5,474,16.2,8.64,7.9,52
209,3,Wednesday,15,983.06,936,505,462.5,15.6,8.42,7.71,52
209,3,Wednesday,16,1186.42,1197.5,633.5,533,19.96,10.56,8.88,52
209,3,Wednesday,17,1662.63,1678,933.5,734.5,27.97,15.56,12.24,52
209,3,Wednesday,18,1237,1247,625.5,609.5,20.78,10.43,10.16,52
209,3,Wednesday,19,931.38,913,425,487,15.22,7.08,8.12,52
209,3,Wednesday,20,822.08,768,352,425,12.8,5.87,7.08,52
209,3,Wednesday,21,759.42,679,306.5,362.5,11.32,5.11,6.04,52
209,3,Wednesday,22,600.31,479.5,224.5,254.5,7.99,3.74,4.24,52
209,3,Wednesday,23,329.73,227.5,121,107.5,3.79,2.02,1.79,52
209,4,Thursday,0,110.23,91,47.5,44,1.52,0.79,0.73,52
209,4,Thursday,1,49.77,41,19,21,0.68,0.32,0.35,52
209,4,Thursday,2,40.08,25,12.5,12,0.42,0.21,0.2,52
209,4,Thursday,3,26.37,18,9,7,0.3,0.15,0.12,52
209,4,Thursday,4,21.81,18,10,7.5,0.3,0.17,0.12,52
209,4,Thursday,5,40.65,39.5,22,16,0.66,0.37,0.27,52
209,4,Thursday,6,143.94,145,82,62,2.42,1.37,1.03,52
209,4,Thursday,7,433.77,451,245,200.5,7.52,4.08,3.34,52
209,4,Thursday,8,1136.04,1164.5,567,546,19.41,9.45,9.1,52
209,4,Thursday,9,793.04,812.5,502.5,303.5,13.54,8.38,5.06,52
209,4,Thursday,10,662.4,665,427,230.5,11.08,7.12,3.84,52
209,4,Thursday,11,814.87,816.5,481,326.5,13.61,8.02,5.44,52
209,4,Thursday,12,1331.48,1333.5,741.5,591,22.23,12.36,9.85,52
209,4,Thursday,13,1293.54,1298,665,621,21.63,11.08,10.35,52
209,4,Thursday,14,1055.15,1045,544.5,511.5,17.42,9.07,8.53,52
209,4,Thursday,15,1048.54,1063,543,532.5,17.72,9.05,8.88,52
209,4,Thursday,16,1247.65,1265.5,659.5,605.5,21.09,10.99,10.09,52
209,4,Thursday,17,1812.54,1787.5,970,834,29.79,16.17,13.9,52
209,4,Thursday,18,1382.12,1400.5,709.5,656.5,23.34,11.82,10.94,52
209,4,Thursday,19,1015.52,1028,539,497,17.13,8.98,8.28,52
209,4,Thursday,20,921.33,930,411.5,472,15.5,6.86,7.87,52
209,4,Thursday,21,833.67,753.5,326.5,427.5,12.56,5.44,7.12,52
209,4,Thursday,22,613.69,547,247,291.5,9.12,4.12,4.86,52
209,4,Thursday,23,335.31,292,157.5,144,4.87,2.62,2.4,52
209,5,Friday,0,149.19,131,67,56,2.18,1.12,0.93,53
209,5,Friday,1,69.75,61,28,32,1.02,0.47,0.53,53
209,5,Friday,2,38.21,34,15,17,0.57,0.25,0.28,53
209,5,Friday,3,25,21,10,12,0.35,0.17,0.2,53
209,5,Friday,4,22.17,21,10,11,0.35,0.17,0.18,53
209,5,Friday,5,36.4,36,18,16,0.6,0.3,0.27,53
209,5,Friday,6,119.4,123,70,52,2.05,1.17,0.87,53
209,5,Friday,7,320.11,328,184,147,5.47,3.07,2.45,53
209,5,Friday,8,756.68,763,447,323,12.72,7.45,5.38,53
209,5,Friday,9,671.4,670,441,227,11.17,7.35,3.78,53
209,5,Friday,10,685.28,689,442,231,11.48,7.37,3.85,53
209,5,Friday,11,837.04,824,501,324,13.73,8.35,5.4,53
209,5,Friday,12,1137.96,1129,626,494,18.82,10.43,8.23,53
209,5,Friday,13,1202.57,1228,627,581,20.47,10.45,9.68,53
209,5,Friday,14,1113.92,1126,575,532,18.77,9.58,8.87,53
209,5,Friday,15,1143.28,1143,574,560,19.05,9.57,9.33,53
209,5,Friday,16,1288.32,1261,638,654,21.02,10.63,10.9,53
209,5,Friday,17,1635.42,1613,878,733,26.88,14.63,12.22,53
209,5,Friday,18,1425.57,1373,755,667,22.88,12.58,11.12,53
209,5,Friday,19,1221.7,1193,589,578,19.88,9.82,9.63,53
209,5,Friday,20,1148.66,1053,490,558,17.55,8.17,9.3,53
209,5,Friday,21,1113.57,1019,471,529,16.98,7.85,8.82,53
209,5,Friday,22,952.87,881,421,447,14.68,7.02,7.45,53
209,5,Friday,23,645.42,592,318,286,9.87,5.3,4.77,53
209,6,Saturday,0,361.17,336,208.5,134,5.6,3.48,2.23,52
209,6,Saturday,1,189.42,174.5,107,71.5,2.91,1.78,1.19,52
209,6,Saturday,2,97.35,90.5,47.5,45,1.51,0.79,0.75,52
209,6,Saturday,3,60.5,58.5,27,30,0.98,0.45,0.5,52
209,6,Saturday,4,33.1,31,16,15,0.52,0.27,0.25,52
209,6,Saturday,5,30.35,29.5,9,16.5,0.49,0.15,0.28,52
209,6,Saturday,6,60.58,61,31.5,28,1.02,0.52,0.47,52
209,6,Saturday,7,148.94,142,93.5,49,2.37,1.56,0.82,52
209,6,Saturday,8,310.75,306,203.5,103.5,5.1,3.39,1.73,52
209,6,Saturday,9,577.23,573,410.5,164.5,9.55,6.84,2.74,52
209,6,Saturday,10,821.44,828,561,257,13.8,9.35,4.28,52
209,6,Saturday,11,1020.19,1050.5,637,413,17.51,10.62,6.88,52
209,6,Saturday,12,1159,1172.5,652,503.5,19.54,10.87,8.39,52
209,6,Saturday,13,1269.92,1292.5,701,593,21.54,11.68,9.88,52
209,6,Saturday,14,1398.19,1430,758,682,23.83,12.63,11.37,52
209,6,Saturday,15,1465.63,1486,751.5,756.5,24.77,12.53,12.61,52
209,6,Saturday,16,1500.96,1572,761,784.5,26.2,12.68,13.07,52
209,6,Saturday,17,1491.04,1481,788.5,700,24.68,13.14,11.67,52
209,6,Saturday,18,1437.81,1492.5,786.5,696.5,24.88,13.11,11.61,52
209,6,Saturday,19,1314.9,1284,668,632,21.4,11.13,10.53,52
209,6,Saturday,20,1195.65,1139.5,553,578.5,18.99,9.22,9.64,52
209,6,Saturday,21,1159.65,1048.5,518,529,17.48,8.63,8.82,52
209,6,Saturday,22,1038.27,982,480,478.5,16.37,8,7.97,52
209,6,Saturday,23,711.92,666.5,385,306,11.11,6.42,5.1,52
209,7,Sunday,0,436.4,428,262.5,159.5,7.13,4.38,2.66,52
209,7,Sunday,1,237.12,232.5,140,89.5,3.88,2.33,1.49,52
209,7,Sunday,2,135.37,137,70,61,2.28,1.17,1.02,51
209,7,Sunday,3,77.65,77.5,35,42,1.29,0.58,0.7,52
209,7,Sunday,4,43.29,41,19,22.5,0.68,0.32,0.38,52
209,7,Sunday,5,39.87,37,15,21.5,0.62,0.25,0.36,52
209,7,Sunday,6,56.19,55,32.5,22,0.92,0.54,0.37,52
209,7,Sunday,7,121.85,116.5,71.5,39.5,1.94,1.19,0.66,52
209,7,Sunday,8,244.85,242.5,155.5,85,4.04,2.59,1.42,52
209,7,Sunday,9,511,499,338,159,8.32,5.63,2.65,52
209,7,Sunday,10,759.88,770,520,234.5,12.83,8.67,3.91,52
209,7,Sunday,11,962.46,956.5,560.5,390,15.94,9.34,6.5,52
209,7,Sunday,12,1080.92,1122.5,610.5,491,18.71,10.18,8.18,52
209,7,Sunday,13,1174.23,1170.5,629.5,540,19.51,10.49,9,52
209,7,Sunday,14,1269.85,1284,660.5,618,21.4,11.01,10.3,52
209,7,Sunday,15,1279.9,1321,645.5,644.5,22.02,10.76,10.74,52
209,7,Sunday,16,1237.6,1228.5,613.5,625.5,20.48,10.22,10.43,52
209,7,Sunday,17,1177.15,1184.5,632.5,546,19.74,10.54,9.1,52
209,7,Sunday,18,1046.88,1019,535,449.5,16.98,8.92,7.49,52
209,7,Sunday,19,904.21,846,431,419.5,14.1,7.18,6.99,52
209,7,Sunday,20,786.96,698,345.5,375.5,11.63,5.76,6.26,52
209,7,Sunday,21,691.42,585,289,298,9.75,4.82,4.97,52
209,7,Sunday,22,463.1,371,190,184.5,6.18,3.17,3.08,52
209,7,Sunday,23,265.02,224,128,89,3.73,2.13,1.48,52
